"RelativePath","Type","Length","SHA256"
"bin","Directory","",""
"bin\arduino-cli.exe","File","37742888","65DAEFBA1423010575D0874275734CB4A917FAF5293609F01E9DB6ED1C1C7E79"
"data","Directory","",""
"data\inventory.yaml","File","163","73BFB91C9B1688ECD293AD4222C972352D6AC5E5337F4DF59D64D4DEE90AAA3B"
"data\library_index.json","File","18","74B5E127A6D5C5B003296E795AE93EB1BD0C748C4C27D866B05666FD58DE87E8"
"data\package_index.json","File","1691790","3CB9691DC81453F0AD429C721AF4AAF87FF18D9431408F4CD75C8BB479419C3E"
"data\package_index.json.sig","File","566","DE34626DCA35AEA695FFC88D2968720DAF9276C28962A8CBFEE3583D10F6E551"
"data\packages","Directory","",""
"data\packages\arduino","Directory","",""
"data\packages\arduino\hardware","Directory","",""
"data\packages\arduino\hardware\avr","Directory","",""
"data\packages\arduino\hardware\avr\1.8.8","Directory","",""
"data\packages\arduino\hardware\avr\1.8.8\.codespellrc","File","386","B548A27C7780CAA516AA2B89007568CACF4B9EF8A95074BD1B63B3998F4536AB"
"data\packages\arduino\hardware\avr\1.8.8\boards.txt","File","40230","E49283DC7A276291E24E91D04B883EA4E884EA2375ED80EDE0D69CBF25D40A5D"
"data\packages\arduino\hardware\avr\1.8.8\bootloaders","Directory","",""
"data\packages\arduino\hardware\avr\1.8.8\bootloaders\atmega","Directory","",""
"data\packages\arduino\hardware\avr\1.8.8\bootloaders\atmega\ATmegaBOOT_168.c","File","30245","E14BAA1FDBCE3B141FE37160CD5304BB6CE18707BEEDD44A970C7E9FD943F641"
"data\packages\arduino\hardware\avr\1.8.8\bootloaders\atmega\ATmegaBOOT_168_atmega1280.hex","File","10921","25DD01EB956D52FFA34D8C0EF05A4E991FA0B7466A90C292F3F70DCF79C9DD76"
"data\packages\arduino\hardware\avr\1.8.8\bootloaders\atmega\ATmegaBOOT_168_atmega328.hex","File","5533","947270356140FC43DB70E0BF86DEE020DF5F2117D8FC0C303FBAE76DFF957876"
"data\packages\arduino\hardware\avr\1.8.8\bootloaders\atmega\ATmegaBOOT_168_atmega328_pro_8MHz.hex","File","5484","93DC675CB8DBFE2C65A9034E81F41F4B2A85EDBB8C3E9FBE4108D655AF045A8B"
"data\packages\arduino\hardware\avr\1.8.8\bootloaders\atmega\ATmegaBOOT_168_diecimila.hex","File","5562","6F7CFCE140BD09ED9EDBFECE4A16F2CF15F0F0B9E923190ED0E8304870720195"
"data\packages\arduino\hardware\avr\1.8.8\bootloaders\atmega\ATmegaBOOT_168_ng.hex","File","4842","B2FD9CA54587EEB398D9E9B7AD20FB878DA848A29AB826DF03245DA8D12F92D0"
"data\packages\arduino\hardware\avr\1.8.8\bootloaders\atmega\ATmegaBOOT_168_pro_8MHz.hex","File","5582","9BB77497C2A5AB6D29D962AD75A6F79AA853CA932A85FBF1D4601747EAECF82C"
"data\packages\arduino\hardware\avr\1.8.8\bootloaders\atmega\Makefile","File","6647","DD7EBA72BD0E23D87A2CDECA0CBF86E6F04E06B66876B4CC5151A9C960FD663C"
"data\packages\arduino\hardware\avr\1.8.8\bootloaders\atmega8","Directory","",""
"data\packages\arduino\hardware\avr\1.8.8\bootloaders\atmega8\ATmegaBOOT.c","File","15480","93209748B4EEC7570F15E9CEBFAB75509C0E6F6458165A1D15BE8C472D458BA4"
"data\packages\arduino\hardware\avr\1.8.8\bootloaders\atmega8\ATmegaBOOT.hex","File","2686","713A4E357C696054CC94053E078FD7E97F3C061ED3FD65B468D4CC1B1EDE49BD"
"data\packages\arduino\hardware\avr\1.8.8\bootloaders\atmega8\ATmegaBOOT.txt","File","423","5B0B284BFFCAC6E72BD40FFA1745AF9B51ECB324F85111A7E60460DECF7901F9"
"data\packages\arduino\hardware\avr\1.8.8\bootloaders\atmega8\ATmegaBOOT-prod-firmware-2009-11-07.hex","File","2870","1C9ACE400433066605BD5BD410C6A7E511346C73F0A1F9004AA93992968BCDBE"
"data\packages\arduino\hardware\avr\1.8.8\bootloaders\atmega8\Makefile","File","1894","819330F0DF8891F4C5B8D6D7349962A789729151DCCCE84DFC139A3187E01A70"
"data\packages\arduino\hardware\avr\1.8.8\bootloaders\bt","Directory","",""
"data\packages\arduino\hardware\avr\1.8.8\bootloaders\bt\ATmegaBOOT_168.c","File","27076","685F219A35BA40CBA59162D8614D0144871E4E5759558AADCCB5F82F1D4995ED"
"data\packages\arduino\hardware\avr\1.8.8\bootloaders\bt\ATmegaBOOT_168.hex","File","5240","CFF34668681592421AE0B62372C4CFE58EACF2D51A9E9EFDE3CD16F714525674"
"data\packages\arduino\hardware\avr\1.8.8\bootloaders\bt\ATmegaBOOT_168_atmega328_bt.hex","File","7182","F4B54FA1E2957545DA982A2D070C2D80467CFA144859E3121ADC3FA032A9AF9B"
"data\packages\arduino\hardware\avr\1.8.8\bootloaders\bt\Makefile","File","2889","F21D0FB4DB0F22161B4387690834DEDCD064901A0FA001419CD881D300B864F4"
"data\packages\arduino\hardware\avr\1.8.8\bootloaders\caterina","Directory","",""
"data\packages\arduino\hardware\avr\1.8.8\bootloaders\caterina\Caterina.c","File","21145","C4EFC70A9AB81CA1DD7B18A92C25FC345BFC5B9175541CA1FB577A40493EFD24"
"data\packages\arduino\hardware\avr\1.8.8\bootloaders\caterina\Caterina.h","File","3502","C1735DADE54BC2C81D9448A114856581AEF38AFE3BDC9ECB0669C582A284DCD1"
"data\packages\arduino\hardware\avr\1.8.8\bootloaders\caterina\Caterina-Circuitplay32u4.hex","File","10964","0B2AE69F2A039EA89E898421675D713EEBF8EAD58596AF060EEE9A6AC9756A59"
"data\packages\arduino\hardware\avr\1.8.8\bootloaders\caterina\Caterina-Esplora.hex","File","77748","FE3BECA4D1B0CFC888622723A5B93688523EB0B234C5E205835F60842CA04256"
"data\packages\arduino\hardware\avr\1.8.8\bootloaders\caterina\Caterina-Esplora.txt","File","89","02A61952953D3DC9776867F22A3DCEDE62DC5717758175E659838E8D69B5A931"
"data\packages\arduino\hardware\avr\1.8.8\bootloaders\caterina\Caterina-Industrial101.hex","File","10900","A4E899BF4821CF9C3B358F7DCC81A20395278597E211BF4DF1B353CB6E758E0F"
"data\packages\arduino\hardware\avr\1.8.8\bootloaders\caterina\Caterina-Leonardo.hex","File","77748","2127DDE14F22F9871FEFE3B55361458489C32F89FEB2DE21A2157B2459D5B86E"
"data\packages\arduino\hardware\avr\1.8.8\bootloaders\caterina\Caterina-Leonardo.txt","File","463","4B547A09CB4A56C7E5E479A1AC2E5D226A4C30FECB4C7C99243588181B08F7E0"
"data\packages\arduino\hardware\avr\1.8.8\bootloaders\caterina\Caterina-LeonardoEthernet.hex","File","10892","78F7CE1349AE9B5F1DE4274C979DBF88A1AC57C2C8F6CDC5FC500E9CA88E9A3C"
"data\packages\arduino\hardware\avr\1.8.8\bootloaders\caterina\Caterina-LininoOne.hex","File","10860","8B767CC24EF29622895784761A9E34A0FF939D308A88358D5D4C198273B169D2"
"data\packages\arduino\hardware\avr\1.8.8\bootloaders\caterina\Caterina-Micro.hex","File","77748","B530F4B0868482AA5F3D481435996B7B4CB46923EFCBDAC881A7B345F8DCF9CB"
"data\packages\arduino\hardware\avr\1.8.8\bootloaders\caterina\Caterina-Micro.txt","File","463","4B547A09CB4A56C7E5E479A1AC2E5D226A4C30FECB4C7C99243588181B08F7E0"
"data\packages\arduino\hardware\avr\1.8.8\bootloaders\caterina\Caterina-Yun.hex","File","77796","17377436C1213D173297EAE794C2FF79AAA2B48EBA07110F3E2BABA794754B4B"
"data\packages\arduino\hardware\avr\1.8.8\bootloaders\caterina\Caterina-YunMini.hex","File","10900","E7A5D01FDE8FEBA852C8F97E4DDD137D0784A5130F5101103E29D247F0597A23"
"data\packages\arduino\hardware\avr\1.8.8\bootloaders\caterina\Caterina-Yun-noblink.hex","File","11256","021F05F282DBF210B4088F13D66D7CA39EE1A57A6848DB4249EBDC11CAB1102E"
"data\packages\arduino\hardware\avr\1.8.8\bootloaders\caterina\Descriptors.c","File","9324","1BB551FC98EBD2BB91351ADB83F7504C47733FC46C8B845E94542C17695245C6"
"data\packages\arduino\hardware\avr\1.8.8\bootloaders\caterina\Descriptors.h","File","5601","88250D32A6FA482D5A86E851B67815054080302122CE8F50F1482B45AF004D10"
"data\packages\arduino\hardware\avr\1.8.8\bootloaders\caterina\Esplora-prod-firmware-2012-12-10.hex","File","77748","FE3BECA4D1B0CFC888622723A5B93688523EB0B234C5E205835F60842CA04256"
"data\packages\arduino\hardware\avr\1.8.8\bootloaders\caterina\Esplora-prod-firmware-2012-12-10.txt","File","89","02A61952953D3DC9776867F22A3DCEDE62DC5717758175E659838E8D69B5A931"
"data\packages\arduino\hardware\avr\1.8.8\bootloaders\caterina\Leonardo-prod-firmware-2012-04-26.hex","File","77732","74C9F66CA9968E506E8D506E51900752C4157440C753D66D163499D291E2F7FB"
"data\packages\arduino\hardware\avr\1.8.8\bootloaders\caterina\Leonardo-prod-firmware-2012-04-26.txt","File","463","4B547A09CB4A56C7E5E479A1AC2E5D226A4C30FECB4C7C99243588181B08F7E0"
"data\packages\arduino\hardware\avr\1.8.8\bootloaders\caterina\Leonardo-prod-firmware-2012-12-10.hex","File","77748","2127DDE14F22F9871FEFE3B55361458489C32F89FEB2DE21A2157B2459D5B86E"
"data\packages\arduino\hardware\avr\1.8.8\bootloaders\caterina\Leonardo-prod-firmware-2012-12-10.txt","File","463","4B547A09CB4A56C7E5E479A1AC2E5D226A4C30FECB4C7C99243588181B08F7E0"
"data\packages\arduino\hardware\avr\1.8.8\bootloaders\caterina\Makefile","File","22061","2D8A87245E1F102F02D6FE86C7069074F10B24385F19E6E9498DB86066FE1DA3"
"data\packages\arduino\hardware\avr\1.8.8\bootloaders\caterina\Micro-prod-firmware-2012-11-23.hex","File","77732","6D0DEC39C3AB628CB3BF0D29FC0C12616E24788448642D5166F5BCC3BC137261"
"data\packages\arduino\hardware\avr\1.8.8\bootloaders\caterina\Micro-prod-firmware-2012-11-23.txt","File","463","4B547A09CB4A56C7E5E479A1AC2E5D226A4C30FECB4C7C99243588181B08F7E0"
"data\packages\arduino\hardware\avr\1.8.8\bootloaders\caterina\Micro-prod-firmware-2012-12-10.hex","File","77748","B530F4B0868482AA5F3D481435996B7B4CB46923EFCBDAC881A7B345F8DCF9CB"
"data\packages\arduino\hardware\avr\1.8.8\bootloaders\caterina\Micro-prod-firmware-2012-12-10.txt","File","463","4B547A09CB4A56C7E5E479A1AC2E5D226A4C30FECB4C7C99243588181B08F7E0"
"data\packages\arduino\hardware\avr\1.8.8\bootloaders\caterina-Arduino_Robot","Directory","",""
"data\packages\arduino\hardware\avr\1.8.8\bootloaders\caterina-Arduino_Robot\Caterina.c","File","25977","2E1265771C04223A301FBD57C9DDF1CF0A2F91DAAA82ED6FF5184EA7EB2543C3"
"data\packages\arduino\hardware\avr\1.8.8\bootloaders\caterina-Arduino_Robot\Caterina.h","File","3502","C1735DADE54BC2C81D9448A114856581AEF38AFE3BDC9ECB0669C582A284DCD1"
"data\packages\arduino\hardware\avr\1.8.8\bootloaders\caterina-Arduino_Robot\Caterina-Robot.txt","File","463","4B547A09CB4A56C7E5E479A1AC2E5D226A4C30FECB4C7C99243588181B08F7E0"
"data\packages\arduino\hardware\avr\1.8.8\bootloaders\caterina-Arduino_Robot\Caterina-Robot-Control.hex","File","11526","9C720D545DE4BAAD68892AB8D884276AC5B453A2A253A6B67B71A895A1736442"
"data\packages\arduino\hardware\avr\1.8.8\bootloaders\caterina-Arduino_Robot\Caterina-Robot-Motor.hex","File","11526","F6C1457E78576B12290FD10AD96C124E19268A3DA13FD46D9A5153AB1D4CFB81"
"data\packages\arduino\hardware\avr\1.8.8\bootloaders\caterina-Arduino_Robot\Descriptors.c","File","9479","4C1B7E11DB39E5699139932CBB69CACE8C9C7865C0D81A0D9DAAF3966F33E69B"
"data\packages\arduino\hardware\avr\1.8.8\bootloaders\caterina-Arduino_Robot\Descriptors.h","File","5601","88250D32A6FA482D5A86E851B67815054080302122CE8F50F1482B45AF004D10"
"data\packages\arduino\hardware\avr\1.8.8\bootloaders\caterina-Arduino_Robot\Makefile","File","22332","404530314F980324E646AE6856D18FD82ED4A8E34340647AA02ECEBD41844D2D"
"data\packages\arduino\hardware\avr\1.8.8\bootloaders\caterina-Arduino_Robot\README.md","File","2029","4D89E700147EF20D520A63B532AB26DB68F1A6574535E98747FE42DE0FEFACDB"
"data\packages\arduino\hardware\avr\1.8.8\bootloaders\caterina-LilyPadUSB","Directory","",""
"data\packages\arduino\hardware\avr\1.8.8\bootloaders\caterina-LilyPadUSB\Caterina.c","File","25977","887B212707E780F3F92A52F6D2A88F66DECC56A57F192DDC5E2BFCCCA6B29685"
"data\packages\arduino\hardware\avr\1.8.8\bootloaders\caterina-LilyPadUSB\Caterina.h","File","3222","6F667BD3214F6C9BDEDF2D238A1C871207088785BECA826A92C6E2ABABF67CD3"
"data\packages\arduino\hardware\avr\1.8.8\bootloaders\caterina-LilyPadUSB\Caterina-LilyPadUSB.hex","File","11555","9A0286CC94371AD49E88E289A4B9266031DAA74CCA5F296201B5A8E8CD1070C6"
"data\packages\arduino\hardware\avr\1.8.8\bootloaders\caterina-LilyPadUSB\Descriptors.c","File","9197","84DBE1159F44801E93268DC14CDC208D57907DFC0580C9EF39ABEAA6293E665F"
"data\packages\arduino\hardware\avr\1.8.8\bootloaders\caterina-LilyPadUSB\Descriptors.h","File","5601","88250D32A6FA482D5A86E851B67815054080302122CE8F50F1482B45AF004D10"
"data\packages\arduino\hardware\avr\1.8.8\bootloaders\caterina-LilyPadUSB\Makefile","File","22054","2A7136E5A4EA70637F075863AA5C164AD44E5932BA3AE5C3AA73DFFE791C9405"
"data\packages\arduino\hardware\avr\1.8.8\bootloaders\caterina-LilyPadUSB\Readme.txt","File","574","96F30BB196013CCD50F9614F423F0F5BFFAA76AFF138FA3D67288165AE0E5365"
"data\packages\arduino\hardware\avr\1.8.8\bootloaders\gemma","Directory","",""
"data\packages\arduino\hardware\avr\1.8.8\bootloaders\gemma\avrdude.conf","File","463478","65C8CC0C3221CFCF820D9111C646DE077C52C50D992C245AEDF4A73C2A8027CA"
"data\packages\arduino\hardware\avr\1.8.8\bootloaders\gemma\gemma_v1.hex","File","7920","255A75B1AD95BC8E52A629DC604F107897EC4D8D74BAA3A77F4C2332E6216125"
"data\packages\arduino\hardware\avr\1.8.8\bootloaders\gemma\README.md","File","869","A67CFDA782A76F9A98B2DA695E1A742CD6FAA8DD948644A011B814E85BCFF5DC"
"data\packages\arduino\hardware\avr\1.8.8\bootloaders\gemma\usbconfig.h","File","16683","21F1DF6EC85D99E04A9918F1F3C79901081C857E972BFDDB319F63417098123E"
"data\packages\arduino\hardware\avr\1.8.8\bootloaders\gemma\usbconfig.patch","File","817","346CFEE3AFB35E82EE8524B0BBD84558A57D88F2C042BF3441E294C7F192B36F"
"data\packages\arduino\hardware\avr\1.8.8\bootloaders\lilypad","Directory","",""
"data\packages\arduino\hardware\avr\1.8.8\bootloaders\lilypad\LilyPadBOOT_168.hex","File","5165","0C0B35A257345A543386F7FD34E45DCF060A91104E7D97AE475450601C496731"
"data\packages\arduino\hardware\avr\1.8.8\bootloaders\lilypad\src","Directory","",""
"data\packages\arduino\hardware\avr\1.8.8\bootloaders\lilypad\src\ATmegaBOOT.c","File","26125","5B680963A25832683B81F3C94EB75BBBA6FAD53757C94CDFD44E44EBB7A4B5DC"
"data\packages\arduino\hardware\avr\1.8.8\bootloaders\lilypad\src\Makefile","File","2433","42A268EEDA586460EC91544296C2B22E246C1851A63FEB187114334C86B78303"
"data\packages\arduino\hardware\avr\1.8.8\bootloaders\optiboot","Directory","",""
"data\packages\arduino\hardware\avr\1.8.8\bootloaders\optiboot\boot.h","File","33947","A3AE17837B55675C629A8B54DDD28105948C824305E82A4D41D9538C3BAEBEAE"
"data\packages\arduino\hardware\avr\1.8.8\bootloaders\optiboot\makeall","File","324","7F6C7EECF459CF234844383B0383A4816B89590293BF5E820B7B3E7419969D1C"
"data\packages\arduino\hardware\avr\1.8.8\bootloaders\optiboot\Makefile","File","13187","462E52063646FFD1C22F41178C4F2C0D0385A79EE05658F9C8C626DA6A73EFA4"
"data\packages\arduino\hardware\avr\1.8.8\bootloaders\optiboot\omake","File","111","277C8E336A510BA13DF82DF23F6085E46EE125A408A0393E58EF17B295B66B57"
"data\packages\arduino\hardware\avr\1.8.8\bootloaders\optiboot\omake.bat","File","60","C4710AE01A766C660FFFCBB0319E308A2D9703D76721922C9DD73B6B403D1316"
"data\packages\arduino\hardware\avr\1.8.8\bootloaders\optiboot\optiboot.c","File","22374","2855F6C29A679FF2EAFE764283CD5201D57F8E2BDBA2DDC102EC473544259798"
"data\packages\arduino\hardware\avr\1.8.8\bootloaders\optiboot\optiboot_atmega168.hex","File","1467","0DDFC5712F6B070520F86CCA294ED6883E8BD463F3CC806F15DE5E2DECA8CD65"
"data\packages\arduino\hardware\avr\1.8.8\bootloaders\optiboot\optiboot_atmega168.lst","File","19585","EDA4E4EA05C056FC0CF7F636993D29EA04D96014875B535D97CFE1B7E20EA84E"
"data\packages\arduino\hardware\avr\1.8.8\bootloaders\optiboot\optiboot_atmega328.hex","File","1467","3FE5F1E25110BA20CA8EC7B520C1146417BCF864C80EBD960EDEB16EFA5B9A61"
"data\packages\arduino\hardware\avr\1.8.8\bootloaders\optiboot\optiboot_atmega328.lst","File","19588","D4F9B642A1D86872A152C8813CEFC489B13C05B1AF3172094B06FD328AAC043C"
"data\packages\arduino\hardware\avr\1.8.8\bootloaders\optiboot\optiboot_atmega328-Mini.hex","File","1388","11FCDCC7A604A816DAB1B8E1305D489D247BD774C6BF6383A3F6F2AA1C66B1D9"
"data\packages\arduino\hardware\avr\1.8.8\bootloaders\optiboot\optiboot_atmega8.hex","File","1401","52A7775D05A9B76A00E2409747F3BE13D6B97CBCDE835BA69F711F7BB19ACAD1"
"data\packages\arduino\hardware\avr\1.8.8\bootloaders\optiboot\optiboot_atmega8.lst","File","19802","EF6C043C4A9164EF24409E523A40595EE077A21A99A29275BF326DE09086B2C4"
"data\packages\arduino\hardware\avr\1.8.8\bootloaders\optiboot\pin_defs.h","File","1962","1970AA19EB2A552DE2442BAD31E420D62031B5A618EA0B375932A75E11C647B2"
"data\packages\arduino\hardware\avr\1.8.8\bootloaders\optiboot\README.TXT","File","3438","0964DBE41B5395CA21E244549802146E65F79223784C643354052D6C196BF587"
"data\packages\arduino\hardware\avr\1.8.8\bootloaders\optiboot\stk500.h","File","1636","9E858BD8770ADE7CBD90187A39F574F7903DAC3E64AFE000D6DF8EA9F24F7353"
"data\packages\arduino\hardware\avr\1.8.8\bootloaders\stk500v2","Directory","",""
"data\packages\arduino\hardware\avr\1.8.8\bootloaders\stk500v2\avr_cpunames.h","File","7044","F8DBD2AD807C18F29229768AF408FD7A11FF96FA925B779D6D8EE26B95BE920B"
"data\packages\arduino\hardware\avr\1.8.8\bootloaders\stk500v2\avrinterruptnames.h","File","27394","EFA6FEFF4869EAAD064B879016BA732C2A4C18A2B9781CB9613CEF905D32D48E"
"data\packages\arduino\hardware\avr\1.8.8\bootloaders\stk500v2\command.h","File","4591","3E500E6DF387C48B1EBEBBC496A4773A289AAF94226A700E2FC8D615D8ECC283"
"data\packages\arduino\hardware\avr\1.8.8\bootloaders\stk500v2\License.txt","File","15424","682762CF02FF96D9DEC95727781DC1CA4CAF2EE45CF8935990C49186A2779364"
"data\packages\arduino\hardware\avr\1.8.8\bootloaders\stk500v2\Makefile","File","17482","6F224570232E6CB20D79B7BFDB41FAB61670D774BC777BC3BEF809B1B415ADCF"
"data\packages\arduino\hardware\avr\1.8.8\bootloaders\stk500v2\Mega2560-prod-firmware-2011-06-29.hex","File","22989","8A52014FC2DF3D17123B1840D4D4CE61FE5335C9EF6B6DCCAA2A5D66CBF1235A"
"data\packages\arduino\hardware\avr\1.8.8\bootloaders\stk500v2\stk500boot.c","File","53331","D060B08FF9D8EB74F9B8813619E691533913AA203972B57D8A895A5DF7C3CBF8"
"data\packages\arduino\hardware\avr\1.8.8\bootloaders\stk500v2\stk500boot.ppg","File","83","FD196E0FE2E327B709066F4B913AD1D4767B67E922CA23137CB1F1ED2AA3AE5B"
"data\packages\arduino\hardware\avr\1.8.8\bootloaders\stk500v2\stk500boot_v2_mega2560.hex","File","21017","081BD53F385DF747B03BDAFE7E154C1F72589F490BE8138F3C4CC5517C93253B"
"data\packages\arduino\hardware\avr\1.8.8\bootloaders\stk500v2\STK500V2.pnproj","File","190","45C5D4EDC71AD6E257BE932A846770B1B3A01280056AA7CED6697FD8A054C9D3"
"data\packages\arduino\hardware\avr\1.8.8\bootloaders\stk500v2\STK500V2.pnps","File","61","680D01553CE0E93354042C25877865C09B0E93B2D0514429CECE1EF3596ADF87"
"data\packages\arduino\hardware\avr\1.8.8\cores","Directory","",""
"data\packages\arduino\hardware\avr\1.8.8\cores\arduino","Directory","",""
"data\packages\arduino\hardware\avr\1.8.8\cores\arduino\abi.cpp","File","1144","EEE76E094254F0A57F98D3AD413B94AC581103766117B3A568ECE620944C5D9A"
"data\packages\arduino\hardware\avr\1.8.8\cores\arduino\Arduino.h","File","7613","335F45C59532CD7DF39CE1435FBF1ABF8D503D42AC6085A92E0F2FF75F5FFFAC"
"data\packages\arduino\hardware\avr\1.8.8\cores\arduino\binary.h","File","11214","CF4471358657A38F744807FE2B6EB7AB5DD13BAB402E77D3DD38E78635C02755"
"data\packages\arduino\hardware\avr\1.8.8\cores\arduino\CDC.cpp","File","8751","9CEFA4FEC5EB361179978B9C94F5937DCACF068EAFD45EEE726646226B258DC2"
"data\packages\arduino\hardware\avr\1.8.8\cores\arduino\Client.h","File","1529","0619CD22B5F07C705D1C19DB2C868BF5E2441CE3278F3FBA11E71104EE2636BD"
"data\packages\arduino\hardware\avr\1.8.8\cores\arduino\HardwareSerial.cpp","File","8990","641C8D9B1F266C7B97CA59BCB0915E09A897EF1FA78DD9CDB2C93CE1C2D19C1B"
"data\packages\arduino\hardware\avr\1.8.8\cores\arduino\HardwareSerial.h","File","5262","F64D1A45FB14B94CA2425E73978F61BD054A886E5F838089098008D199A9BD73"
"data\packages\arduino\hardware\avr\1.8.8\cores\arduino\HardwareSerial_private.h","File","4470","FF787B0F29EEBAAA903AFF4D12349E4A45F5C6CA995CEC7AA699BD8296253A93"
"data\packages\arduino\hardware\avr\1.8.8\cores\arduino\HardwareSerial0.cpp","File","2606","388BD9BCD3FF9C2B30A1D6D9A14A4B61A5AB070CC8000F186138C0D15565ADF6"
"data\packages\arduino\hardware\avr\1.8.8\cores\arduino\HardwareSerial1.cpp","File","2316","A530014DD9F52D02F65DB73995B24D18CD38BBA586D1249B533826379F82208C"
"data\packages\arduino\hardware\avr\1.8.8\cores\arduino\HardwareSerial2.cpp","File","1976","D7ADE11ADC2A90E526F5629D7804B95EC2A34C06A6811F4D072CFFBA3D5A0DAA"
"data\packages\arduino\hardware\avr\1.8.8\cores\arduino\HardwareSerial3.cpp","File","1976","C3B7FDB1CA29887151676E5DD8FD326ECC932E458CF1138CD275777068A113F3"
"data\packages\arduino\hardware\avr\1.8.8\cores\arduino\hooks.c","File","1142","525370AFCB26502A965376F05B00B4AAFC89644E6BC3C693718D56533CA38771"
"data\packages\arduino\hardware\avr\1.8.8\cores\arduino\IPAddress.cpp","File","2851","E423A28F833614FF4E1CF1E5B841181E8E0C727F4CA3AE81EE66AFA84CF75F63"
"data\packages\arduino\hardware\avr\1.8.8\cores\arduino\IPAddress.h","File","2861","7703AEF6F91A385729CF8F16ED561B0F8C7EB823698C80AF3A33F9E0DE3B4E72"
"data\packages\arduino\hardware\avr\1.8.8\cores\arduino\main.cpp","File","1372","A2D7D7D72E5259B0212F6682BE0DED139F854481FAD2C6E742D2F6264924402B"
"data\packages\arduino\hardware\avr\1.8.8\cores\arduino\new","File","2514","3181C9898DF4EB34B6F73B8D64BDB2449C68D39277D4B1FC8E80D2F8FBB296AE"
"data\packages\arduino\hardware\avr\1.8.8\cores\arduino\new.cpp","File","3584","7AEDC314BEAA121F3568F6FB25466E5C3FD6C8E096C267D1DD371BD6BA779C57"
"data\packages\arduino\hardware\avr\1.8.8\cores\arduino\new.h","File","149","46D737ED07098AA51EA868C000F7DD0A919361CC7481518754632547FA60D858"
"data\packages\arduino\hardware\avr\1.8.8\cores\arduino\PluggableUSB.cpp","File","2725","6C39D37902D2819007EF6B82C132BA89C821B134E143D59D33C99A46765E2A62"
"data\packages\arduino\hardware\avr\1.8.8\cores\arduino\PluggableUSB.h","File","2063","555BA172A3004D809A10A8C6BC5AE93154A0148EB5A5A62E9855AD1B57535704"
"data\packages\arduino\hardware\avr\1.8.8\cores\arduino\Print.cpp","File","5442","4E5077FE1DFF0B2F506F23BB2A7DEA251F739AA9AAB2AD285F71AD6434161E26"
"data\packages\arduino\hardware\avr\1.8.8\cores\arduino\Print.h","File","2964","29403F23A682FAAE75437CA4E8370E0075EFA3C70F9850D27FF0105ECA4C9146"
"data\packages\arduino\hardware\avr\1.8.8\cores\arduino\Printable.h","File","1335","BA6BE49C4EF46AA03FA7B78CC444E72F811805CF33DFDDDF26BD062CDBC14A0B"
"data\packages\arduino\hardware\avr\1.8.8\cores\arduino\Server.h","File","963","A75DD1F4E53398AF5006B2F9B26DF53CA76DD3999649BDF31BF4120AEF4EA144"
"data\packages\arduino\hardware\avr\1.8.8\cores\arduino\Stream.cpp","File","8776","A0F2CFBB1489174E0D52CA9798129751E52994F04A9ECE88FB465715F8C3B3CB"
"data\packages\arduino\hardware\avr\1.8.8\cores\arduino\Stream.h","File","6060","4F8ADB5C1AB52D5F2B5A831CF8BDC0AE49B92C32DD22F2DC5C53389322701CDB"
"data\packages\arduino\hardware\avr\1.8.8\cores\arduino\Tone.cpp","File","15022","7C902769F0950FC26A1032258F526775D25AE61ACA97DE2036653459172F3D00"
"data\packages\arduino\hardware\avr\1.8.8\cores\arduino\Udp.h","File","4363","2BCAB2FF8D1E4ACFA389085D81B065DAFC0FE7173C808447986F89A852D073BA"
"data\packages\arduino\hardware\avr\1.8.8\cores\arduino\USBAPI.h","File","6282","72F7B2EB6361A200106D9041DFA77669E438D64C93C253E79CECF385546D90AE"
"data\packages\arduino\hardware\avr\1.8.8\cores\arduino\USBCore.cpp","File","20589","9750200CAFECC523C388B7D9474F2B3B94D71BCCA59AB4BC481C668B57E2C836"
"data\packages\arduino\hardware\avr\1.8.8\cores\arduino\USBCore.h","File","8372","4DA9E387BADE6AE523B311E8F2CAC1DB5E5B5353028419A5183A07E67F38552F"
"data\packages\arduino\hardware\avr\1.8.8\cores\arduino\USBDesc.h","File","2070","09370BBB62B01FE6F56F19AAED0B9CC7A859049EF7ECD94DFCCFA19764FD0903"
"data\packages\arduino\hardware\avr\1.8.8\cores\arduino\WCharacter.h","File","4576","26AA841FE42AEACE3A7CAF3AF27B9FFECDE391B4A5661782027C0C14B6CCF4E3"
"data\packages\arduino\hardware\avr\1.8.8\cores\arduino\WInterrupts.c","File","11466","6550A77CF2E54006286CEA7CC22A724D156756A8AD1421B78DA6627433449E9B"
"data\packages\arduino\hardware\avr\1.8.8\cores\arduino\wiring.c","File","11951","586BDF890FF6CD70D2A5457AEF406517FFF1113DCEE51EA9F4F86CD54F8CC204"
"data\packages\arduino\hardware\avr\1.8.8\cores\arduino\wiring_analog.c","File","7637","AF985237CCE8DCF22D1A1359BAB6AF274C780592FEAE73707C792C334EE63172"
"data\packages\arduino\hardware\avr\1.8.8\cores\arduino\wiring_digital.c","File","4979","F56A12BB80E3179DB3C4803A90B7C3C4AC6B14D4F23ABABB121173EF0E27D26C"
"data\packages\arduino\hardware\avr\1.8.8\cores\arduino\wiring_private.h","File","2255","C416D346D436F2BA55507BA867A0FD6BF8D261440194A237FA318E20C5617BDC"
"data\packages\arduino\hardware\avr\1.8.8\cores\arduino\wiring_pulse.c","File","3435","44E8C70ED20C11689ECBF6EEDD7B469AD7BC1090D0B0DDFE8EC9A10D4A212B2D"
"data\packages\arduino\hardware\avr\1.8.8\cores\arduino\wiring_pulse.S","File","6022","9810731062C66EDF81CFB5AF736C66914410471008C40F73DCA2562233B135A8"
"data\packages\arduino\hardware\avr\1.8.8\cores\arduino\wiring_shift.c","File","1569","651F4A11837E609BE423CEB0B31CFD5CF6B09BAD06F62CBC85C241EFAE8E50EC"
"data\packages\arduino\hardware\avr\1.8.8\cores\arduino\WMath.cpp","File","1641","6D7DC0D38000D3D22F56438BC4DD26FE15DD8F9C85FED8D9EDF0BA23B6431646"
"data\packages\arduino\hardware\avr\1.8.8\cores\arduino\WString.cpp","File","18056","85957A0BCECE8C429614BFEFA15FB841FD12A72E610348B1DE4F9F3DD7686468"
"data\packages\arduino\hardware\avr\1.8.8\cores\arduino\WString.h","File","10001","7C592098302F4C17883863514BFB6DE50AB51957D69C5DCCBB6EC0900C777A50"
"data\packages\arduino\hardware\avr\1.8.8\drivers","Directory","",""
"data\packages\arduino\hardware\avr\1.8.8\drivers\AdafruitCircuitPlayground.cat","File","9368","CA9DDC420CBCC921366B16AE8517FBDE5E5CB305A72CBD26DCF09E7F3285AE4F"
"data\packages\arduino\hardware\avr\1.8.8\drivers\AdafruitCircuitPlayground.inf","File","3719","DBA0FD3E61857C7F712B3CBD97C59C07B4170C1664B3F44542C15EB7F26D378C"
"data\packages\arduino\hardware\avr\1.8.8\drivers\arduino.cat","File","23899","25F58519BC9EE9968607D8F0D8375F4736D30B17FF612D43C806B03F9460B4E3"
"data\packages\arduino\hardware\avr\1.8.8\drivers\arduino.inf","File","10049","B0A328E4C091C99BB5383F6ED1B1BB4FFB7294290A3D387DDDBB1921CCA6FFC3"
"data\packages\arduino\hardware\avr\1.8.8\drivers\arduino-org.cat","File","10085","7641A045989CBA0E27802A60D299D67D5FFDF8B37CB4F23A345CE5B5B65F1877"
"data\packages\arduino\hardware\avr\1.8.8\drivers\arduino-org.inf","File","10293","EB6D1ED883DAF79B185D1ADAEB1ED8BFC5D419016F7AA2CFC04E8A5AD315AF7B"
"data\packages\arduino\hardware\avr\1.8.8\drivers\dpinst-amd64.exe","File","1047632","C20A5D3F5BE543A8E73CD25F9DBF14AA0FC4BA1FDC249EE4FF91D159D174D0EA"
"data\packages\arduino\hardware\avr\1.8.8\drivers\dpinst-x86.exe","File","922176","4478F6FCFD2FC9BE012668592BFBF6838A115D983F9D30171669B20CAFE529B9"
"data\packages\arduino\hardware\avr\1.8.8\drivers\FTDI USB Drivers","Directory","",""
"data\packages\arduino\hardware\avr\1.8.8\drivers\FTDI USB Drivers\amd64","Directory","",""
"data\packages\arduino\hardware\avr\1.8.8\drivers\FTDI USB Drivers\amd64\ftbusui.dll","File","168456","4BBC0B301A7C5A6B1B73878CE3AEEB191F5FCEAC05835372142206D79AC81559"
"data\packages\arduino\hardware\avr\1.8.8\drivers\FTDI USB Drivers\amd64\ftcserco.dll","File","75272","C0224B9EF14365F6DDA96134CC77D978E69FBD61EFDADE6FD1EB676418C41023"
"data\packages\arduino\hardware\avr\1.8.8\drivers\FTDI USB Drivers\amd64\ftd2xx.lib","File","20260","7C3A73D3A2441B460F03358BC8CC81E5F3FB43523BFA35E4EEF3BBE8BAD5788D"
"data\packages\arduino\hardware\avr\1.8.8\drivers\FTDI USB Drivers\amd64\ftd2xx64.dll","File","647616","774AF8B12C85D03562742ACDF222AF5E0432167BF107BA4B260757E4A5E36866"
"data\packages\arduino\hardware\avr\1.8.8\drivers\FTDI USB Drivers\amd64\ftdibus.sys","File","145192","3BD5BB7E646E67469EC25A37CAA5131CF992759703B0FC170DF7AF265B9F8E74"
"data\packages\arduino\hardware\avr\1.8.8\drivers\FTDI USB Drivers\amd64\ftlang.dll","File","274944","C2729911C4B82D8F9E22E057A1570D0265D7A9ECA44D6FE8DC0658F47263CE12"
"data\packages\arduino\hardware\avr\1.8.8\drivers\FTDI USB Drivers\amd64\ftser2k.sys","File","99296","7A303AA880CC746D13F71E565874FB7C174747372CCF358B928A72219D2A50DD"
"data\packages\arduino\hardware\avr\1.8.8\drivers\FTDI USB Drivers\amd64\ftserui2.dll","File","65544","55A23A2AC263E10B77D7E95601439F771062F2C248A8D93039A968D66100C39C"
"data\packages\arduino\hardware\avr\1.8.8\drivers\FTDI USB Drivers\ftd2xx.h","File","51546","EE0C6358BA2F13015EC7B07AEA16BF3ADA33508851CC494FC256A8B28AF31147"
"data\packages\arduino\hardware\avr\1.8.8\drivers\FTDI USB Drivers\ftdibus.cat","File","23417","B286055896DEA79D4521368293DEEE801930F3FB503CC3076AC97716B338B0F7"
"data\packages\arduino\hardware\avr\1.8.8\drivers\FTDI USB Drivers\ftdibus.inf","File","30650","FF361CDD7C814DB0BEA98578A731EF5C03BF457E06BCA9950FDBAB57A4D3C7F6"
"data\packages\arduino\hardware\avr\1.8.8\drivers\FTDI USB Drivers\ftdiport.cat","File","22608","113A35E6161F3AE8BB9D0E0F31913872C4B32FD6211ECE27DDDEB238F601EB59"
"data\packages\arduino\hardware\avr\1.8.8\drivers\FTDI USB Drivers\ftdiport.inf","File","18369","00627112CF622CC6FB99A6B5DE24FCC61B6D0A211A6BD1E90B985BCF9950F6D9"
"data\packages\arduino\hardware\avr\1.8.8\drivers\FTDI USB Drivers\i386","Directory","",""
"data\packages\arduino\hardware\avr\1.8.8\drivers\FTDI USB Drivers\i386\ftbusui.dll","File","156168","CE0B628933BECB2060A3B11A85C06146807ED03949F756036E6F93F597EC54C2"
"data\packages\arduino\hardware\avr\1.8.8\drivers\FTDI USB Drivers\i386\ftcserco.dll","File","78856","239161AB87C6BE9D7996033777FFB62786A0F609D9F7270ACF56AD7A03008070"
"data\packages\arduino\hardware\avr\1.8.8\drivers\FTDI USB Drivers\i386\ftd2xx.dll","File","392128","60BB0D6348B1EB0127401AA902F34C963D9196D2778C66F4008A6CF0C6F098A5"
"data\packages\arduino\hardware\avr\1.8.8\drivers\FTDI USB Drivers\i386\ftd2xx.lib","File","22190","3E9C6D57C4B3563E04B20BE5ADC419A0854D3A2ABAD93A39F49B973B52475314"
"data\packages\arduino\hardware\avr\1.8.8\drivers\FTDI USB Drivers\i386\ftdibus.sys","File","119376","65B3DDE7820B256ECFA4BA3F8B757E3D4E30B139C005E8C00D1F831E5A378B5D"
"data\packages\arduino\hardware\avr\1.8.8\drivers\FTDI USB Drivers\i386\ftlang.dll","File","255496","8509256648E0797098F59978C2DC8CE5159152ED76301C88C0A72E2557E1A4C6"
"data\packages\arduino\hardware\avr\1.8.8\drivers\FTDI USB Drivers\i386\ftser2k.sys","File","85256","C43D9D3940B212DB26471D240351E1DED48082A6ED3DD2B440688AADF672E74B"
"data\packages\arduino\hardware\avr\1.8.8\drivers\FTDI USB Drivers\i386\ftserui2.dll","File","63496","4B8D9B66F76599DD8E309E08A92A63470CFF5AFC5814261B2E1C3C2023E4284E"
"data\packages\arduino\hardware\avr\1.8.8\drivers\FTDI USB Drivers\Static","Directory","",""
"data\packages\arduino\hardware\avr\1.8.8\drivers\FTDI USB Drivers\Static\amd64","Directory","",""
"data\packages\arduino\hardware\avr\1.8.8\drivers\FTDI USB Drivers\Static\amd64\ftd2xx.lib","File","697006","1121A0456624BCDF768C70FE73EA649741C70160E85EDB5007DE950D4C646A57"
"data\packages\arduino\hardware\avr\1.8.8\drivers\FTDI USB Drivers\Static\i386","Directory","",""
"data\packages\arduino\hardware\avr\1.8.8\drivers\FTDI USB Drivers\Static\i386\ftd2xx.lib","File","574566","D47E7AE0F5D17058677CDB84CF39F61EA2363020F9D01C14E91B9E71EA1598CA"
"data\packages\arduino\hardware\avr\1.8.8\drivers\gemma","Directory","",""
"data\packages\arduino\hardware\avr\1.8.8\drivers\gemma\amd64","Directory","",""
"data\packages\arduino\hardware\avr\1.8.8\drivers\gemma\amd64\libusb0.dll","File","76384","4F18B5D2C28AA66B648C8683C6D09B52B92CBBEE85984BBEFAD5F38A64BC2A14"
"data\packages\arduino\hardware\avr\1.8.8\drivers\gemma\amd64\libusb0.sys","File","52832","8058F2AFE6EF96A7D2DED432997FD8655970C9EA75A938EE4557D6A2CB4CC989"
"data\packages\arduino\hardware\avr\1.8.8\drivers\gemma\arduino_gemma.cat","File","10651","821C5893B6CFE521352D496EF53CB63212F9ACF83E8390150F0C335FA33B29EB"
"data\packages\arduino\hardware\avr\1.8.8\drivers\gemma\arduino_gemma.inf","File","8190","9D85C43B41B9029A45F2AA8569811A8E320FAB36616A6E3888ADB34A66698AF5"
"data\packages\arduino\hardware\avr\1.8.8\drivers\gemma\ia64","Directory","",""
"data\packages\arduino\hardware\avr\1.8.8\drivers\gemma\ia64\libusb0.dll","File","157792","93DB958F2A0F101F4F2610C98B313530400098F790614AEE47B9D4463853C88F"
"data\packages\arduino\hardware\avr\1.8.8\drivers\gemma\ia64\libusb0.sys","File","110176","12F814D4B29FD25E9723B32632C80E1727A7CFAC3C8C94397ED7E7954AED6A13"
"data\packages\arduino\hardware\avr\1.8.8\drivers\gemma\license","Directory","",""
"data\packages\arduino\hardware\avr\1.8.8\drivers\gemma\license\libusb0","Directory","",""
"data\packages\arduino\hardware\avr\1.8.8\drivers\gemma\license\libusb0\installer_license.txt","File","43302","1A590BFDA657DBF1756CD3CAA19ACCF31BF7FAE5490E61417D208757FB79BAC0"
"data\packages\arduino\hardware\avr\1.8.8\drivers\gemma\x86","Directory","",""
"data\packages\arduino\hardware\avr\1.8.8\drivers\gemma\x86\libusb0.sys","File","42592","AA7D75A4D01B405AAB7C848674BBED392B64C6E374E20FD72ADC3C96294E2F00"
"data\packages\arduino\hardware\avr\1.8.8\drivers\gemma\x86\libusb0_x86.dll","File","67680","00CACA07869B19D10B370552AC7CC2F6F2EE246FC15DB11650F6CD3F4EF9B666"
"data\packages\arduino\hardware\avr\1.8.8\drivers\genuino.cat","File","8545","E9B25988DAADD31967D1320DFF0531558A46F3D544A3873091208211214B9BD0"
"data\packages\arduino\hardware\avr\1.8.8\drivers\genuino.inf","File","4328","EB4DE6CCED98BD37138B7581D9E0073ADE228F80F082662CFC6931C295C2132E"
"data\packages\arduino\hardware\avr\1.8.8\drivers\linino.inf","File","3431","0F69E152B8EE9977ED711EA3283AD6EC63D08F593CFD7767421C66FF86A29DF1"
"data\packages\arduino\hardware\avr\1.8.8\drivers\linino-boards_amd64.cat","File","6855","50A2F042010CBA20B20D41578CEE629E587A64BD983D4596679EDEE54248A6F5"
"data\packages\arduino\hardware\avr\1.8.8\drivers\linino-boards_x86.cat","File","6835","4BED8CB93A4A7E248257A6C0A8DA4AD1EB7F392C01016E29CE8B56E24ED6CC45"
"data\packages\arduino\hardware\avr\1.8.8\extras","Directory","",""
"data\packages\arduino\hardware\avr\1.8.8\firmwares","Directory","",""
"data\packages\arduino\hardware\avr\1.8.8\firmwares\arduinoISP","Directory","",""
"data\packages\arduino\hardware\avr\1.8.8\firmwares\arduinoISP\readme.txt","File","101","20EC426DC4C9BC8794177BA890B0DCF55ED7812CE7CBA26D9F2E4F3D0F3FBB61"
"data\packages\arduino\hardware\avr\1.8.8\firmwares\atmegaxxu2","Directory","",""
"data\packages\arduino\hardware\avr\1.8.8\firmwares\atmegaxxu2\Arduino-COMBINED-dfu-usbserial-atmega16u2-Mega2560-Rev3.hex","File","20907","A9C390A9B5EC85DFDBACEA42F2C30E2E30CAB602A06A0276C6FC6E8F400C9971"
"data\packages\arduino\hardware\avr\1.8.8\firmwares\atmegaxxu2\Arduino-COMBINED-dfu-usbserial-atmega16u2-MegaADK-Rev3.hex","File","20907","4FEA84141B0A3B9FA7BDB58185631381F2437842D6FAD1D5BAA57C54CFDFC7C5"
"data\packages\arduino\hardware\avr\1.8.8\firmwares\atmegaxxu2\Arduino-COMBINED-dfu-usbserial-atmega16u2-Uno-Rev3.hex","File","20907","5F89A742BE3F8AD2BCECAB4A79BA09229BED174E4D59E4FDC540F53DB0A37D74"
"data\packages\arduino\hardware\avr\1.8.8\firmwares\atmegaxxu2\arduino-usbdfu","Directory","",""
"data\packages\arduino\hardware\avr\1.8.8\firmwares\atmegaxxu2\arduino-usbdfu\Arduino-usbdfu.c","File","23923","6B2764AA7755F6D86001B5566B6FAFADB1DDFECE6B8597277D67973A360AC0F1"
"data\packages\arduino\hardware\avr\1.8.8\firmwares\atmegaxxu2\arduino-usbdfu\Arduino-usbdfu.h","File","8625","811217F9E1DD60A58A8C5C5213CA2819779A67217BB7F74A608341CD4448E738"
"data\packages\arduino\hardware\avr\1.8.8\firmwares\atmegaxxu2\arduino-usbdfu\Board","Directory","",""
"data\packages\arduino\hardware\avr\1.8.8\firmwares\atmegaxxu2\arduino-usbdfu\Board\LEDs.h","File","3163","962AA26AFD52B6AF0B0459D038500731A9EAF134BDA63F9952D1C7BFC7627DF2"
"data\packages\arduino\hardware\avr\1.8.8\firmwares\atmegaxxu2\arduino-usbdfu\Descriptors.c","File","6859","30A3C763D82C671225F9BF1838EAE9C132B267CDC370B849D2DEC50C23D75810"
"data\packages\arduino\hardware\avr\1.8.8\firmwares\atmegaxxu2\arduino-usbdfu\Descriptors.h","File","7768","229A8A6372131FAD7202C6F6DB8DD35E74F32BA6EA5A253B85AA460355E1A223"
"data\packages\arduino\hardware\avr\1.8.8\firmwares\atmegaxxu2\arduino-usbdfu\makefile","File","21651","500C06B6EB436FB80F7A8334DD55CCC3860D46F309375B91E7B232E0577281D7"
"data\packages\arduino\hardware\avr\1.8.8\firmwares\atmegaxxu2\arduino-usbdfu\readme.txt","File","434","8E5CD1FA771B7DFED96AEA3223C05483D4AE9782C9350B95396D80F83A9D79F9"
"data\packages\arduino\hardware\avr\1.8.8\firmwares\atmegaxxu2\arduino-usbserial","Directory","",""
"data\packages\arduino\hardware\avr\1.8.8\firmwares\atmegaxxu2\arduino-usbserial\Arduino-usbserial.c","File","8451","6F806FFC16609FE4C2DCD8B3ED8D1CC26A8E257A72F8E05E23EB76EE2E9ACC23"
"data\packages\arduino\hardware\avr\1.8.8\firmwares\atmegaxxu2\arduino-usbserial\Arduino-usbserial.h","File","2835","BEF89E7156779EC5AB4137869B02FA358D2FF12E61257BEFDB9154D1B78572EA"
"data\packages\arduino\hardware\avr\1.8.8\firmwares\atmegaxxu2\arduino-usbserial\Arduino-usbserial-atmega16u2-Mega2560-Rev3.hex","File","11370","7327128A82BE3E57F1B20B92DC2D90BF2AC6115E2F6F4270C58E790CBAA36400"
"data\packages\arduino\hardware\avr\1.8.8\firmwares\atmegaxxu2\arduino-usbserial\Arduino-usbserial-atmega16u2-MegaADK-Rev3.hex","File","11370","A52903F1B8B8ECF75367D81154CE1F07374F42FA4F1BCABD9C329CD9AB01ABB7"
"data\packages\arduino\hardware\avr\1.8.8\firmwares\atmegaxxu2\arduino-usbserial\Arduino-usbserial-atmega16u2-Uno-Rev3.hex","File","11370","A1EF236C428CD57D56E53B401579C64B2E904FB9EFEF5AD665348FE523A4C158"
"data\packages\arduino\hardware\avr\1.8.8\firmwares\atmegaxxu2\arduino-usbserial\Arduino-usbserial-mega.hex","File","11468","BF868EBF888C3272D551EDEB0C5E6C1075CF6C57414ADAA3F3DF3E8EAEF364BF"
"data\packages\arduino\hardware\avr\1.8.8\firmwares\atmegaxxu2\arduino-usbserial\Arduino-usbserial-uno.hex","File","11444","0BFC56788000BD38D1A5B240C2ACE2AA14F260849D973480F49E874080164FD8"
"data\packages\arduino\hardware\avr\1.8.8\firmwares\atmegaxxu2\arduino-usbserial\Board","Directory","",""
"data\packages\arduino\hardware\avr\1.8.8\firmwares\atmegaxxu2\arduino-usbserial\Board\LEDs.h","File","3163","962AA26AFD52B6AF0B0459D038500731A9EAF134BDA63F9952D1C7BFC7627DF2"
"data\packages\arduino\hardware\avr\1.8.8\firmwares\atmegaxxu2\arduino-usbserial\Descriptors.c","File","10475","35EE91B70D98868B5E157A9B6D83E12E5FB0BE120EF28E0E6E716E950A98AA8D"
"data\packages\arduino\hardware\avr\1.8.8\firmwares\atmegaxxu2\arduino-usbserial\Descriptors.h","File","3454","990E7138F62CB371CE0C8A437D3767890CC83B9DF85FDCED672AAF6843D87054"
"data\packages\arduino\hardware\avr\1.8.8\firmwares\atmegaxxu2\arduino-usbserial\Genuino-usbserial-atmega16u2-Mega2560-R3.hex","File","10856","81266B254C4564BA4ECDBCEFD40C484C755689013C9B879EDAFF1A78698377DB"
"data\packages\arduino\hardware\avr\1.8.8\firmwares\atmegaxxu2\arduino-usbserial\Genuino-usbserial-atmega16u2-Uno-R3.hex","File","10832","9A9E513FB4E4AC7DBCF7ACF238CA32BE45DEEA46D4EAABDC465AC24BCB522061"
"data\packages\arduino\hardware\avr\1.8.8\firmwares\atmegaxxu2\arduino-usbserial\Lib","Directory","",""
"data\packages\arduino\hardware\avr\1.8.8\firmwares\atmegaxxu2\arduino-usbserial\Lib\LightweightRingBuff.h","File","7152","B1ACB0F57AADFEAEF7CF7FE857DABB27DE0E401ED4BC36DE4C82C77D12C83D2F"
"data\packages\arduino\hardware\avr\1.8.8\firmwares\atmegaxxu2\arduino-usbserial\makefile","File","24501","2C3D7A4F90E2D99607B75E6FA659F030BAC98EC47EF586C0E8B8E92C5F506F21"
"data\packages\arduino\hardware\avr\1.8.8\firmwares\atmegaxxu2\arduino-usbserial\readme.txt","File","809","E40955DFB9A423BCA9D6FDCA27A11F19D5DBDB5184107AD0CCE139BC8F8FC7CA"
"data\packages\arduino\hardware\avr\1.8.8\firmwares\atmegaxxu2\Genuino-COMBINED-dfu-usbserial-atmega16u2-Mega2560-R3.hex","File","37168","6252BC54CF7A29D7700751F2B09A2372226C18B2BC481C6679A066F0C8C34AB8"
"data\packages\arduino\hardware\avr\1.8.8\firmwares\atmegaxxu2\Genuino-COMBINED-dfu-usbserial-atmega16u2-Uno-R3.hex","File","37168","7CCEE656A813E08288C9A6B3E5D19AA598BBAA41777C8F123B2FDDE77421359A"
"data\packages\arduino\hardware\avr\1.8.8\firmwares\atmegaxxu2\MEGA-dfu_and_usbserial_combined.hex","File","17712","4577F6BA3D755796C97203507F7A17039379408D22D9F7ED106B127ADFCBD3C5"
"data\packages\arduino\hardware\avr\1.8.8\firmwares\atmegaxxu2\README.txt","File","1800","532196B649F5354E67532905C570ABAB0A97A35295432AE53B51AE8C03907675"
"data\packages\arduino\hardware\avr\1.8.8\firmwares\atmegaxxu2\UNO-dfu_and_usbserial_combined.hex","File","17688","F183B502FAFF7EFC42D90A73793791A50A4EBE37A0FDD56A46EA2F814625B661"
"data\packages\arduino\hardware\avr\1.8.8\firmwares\wifishield","Directory","",""
"data\packages\arduino\hardware\avr\1.8.8\firmwares\wifishield\binary","Directory","",""
"data\packages\arduino\hardware\avr\1.8.8\firmwares\wifishield\binary\wifi_dnld.elf","File","182489","282B7994F9F17B4D730E467C382CC5A56004F718A2D75B55B6947337E0C2974F"
"data\packages\arduino\hardware\avr\1.8.8\firmwares\wifishield\binary\wifi_dnld.hex","File","470970","C8349F50A19EA2ACD1E4F2CF61E7D89F884B664A4076E79DB6BD00D81B4F31D5"
"data\packages\arduino\hardware\avr\1.8.8\firmwares\wifishield\binary\wifi_dnld_2_1.elf","File","182264","0F76AEF94E34738EEE29FB9A483C4636FDCAC8F8C2DD2B92A73117074CA1526A"
"data\packages\arduino\hardware\avr\1.8.8\firmwares\wifishield\binary\wifiHD.elf","File","724331","BD6AFB5DC1EBDEF1170E3547A766D1CC151AD1608B5D9651F493C138D62F950E"
"data\packages\arduino\hardware\avr\1.8.8\firmwares\wifishield\binary\wifiHD.hex","File","719508","BCAAA3ED9E9B801C5A9DCC54DD5DC2A60642D26F71AC4ECD540BE4A3185A29CE"
"data\packages\arduino\hardware\avr\1.8.8\firmwares\wifishield\binary\wifiHD_2_1.elf","File","1308530","F00B951E16A4285AA77A876BF491F6102B79937E9D5DDE2A572E2ED3510CAC44"
"data\packages\arduino\hardware\avr\1.8.8\firmwares\wifishield\scripts","Directory","",""
"data\packages\arduino\hardware\avr\1.8.8\firmwares\wifishield\scripts\ArduinoWifiShield_upgrade.sh","File","3259","C6B59B9E32BA6A140EB633CDD7F9752197FA3C9EB3F8121E3EC02814847C5F39"
"data\packages\arduino\hardware\avr\1.8.8\firmwares\wifishield\scripts\ArduinoWifiShield_upgrade_mac.sh","File","2598","05028A50BDD983836856F21F245688964A16A40690FB4AF231B05900CA5DF267"
"data\packages\arduino\hardware\avr\1.8.8\firmwares\wifishield\wifi_dnld","Directory","",""
"data\packages\arduino\hardware\avr\1.8.8\firmwares\wifishield\wifi_dnld\.cproject","File","70873","4173E8C5DAFEBF2BD70874BAD0E9002C315FC62416B2B524D2CE088298FC625E"
"data\packages\arduino\hardware\avr\1.8.8\firmwares\wifishield\wifi_dnld\.project","File","2083","3B02CAA88D583E2DE730EBD6B029072327D55CB8BEBF444302DB4DDED3625F5D"
"data\packages\arduino\hardware\avr\1.8.8\firmwares\wifishield\wifi_dnld\Release","Directory","",""
"data\packages\arduino\hardware\avr\1.8.8\firmwares\wifishield\wifi_dnld\Release\wifi_dnld.elf","File","182489","282B7994F9F17B4D730E467C382CC5A56004F718A2D75B55B6947337E0C2974F"
"data\packages\arduino\hardware\avr\1.8.8\firmwares\wifishield\wifi_dnld\src","Directory","",""
"data\packages\arduino\hardware\avr\1.8.8\firmwares\wifishield\wifi_dnld\src\clocks.c","File","3598","4E125A3E458B91BD0A5AB8B8FD12BA99764F7F77E2DABBCCD779FD6880D953D4"
"data\packages\arduino\hardware\avr\1.8.8\firmwares\wifishield\wifi_dnld\src\clocks.h","File","2419","90075430BE26EA5B811EBC43AC0D93DF2CBAFFE07F0B243C06DB876F91BF658D"
"data\packages\arduino\hardware\avr\1.8.8\firmwares\wifishield\wifi_dnld\src\CONFIG","Directory","",""
"data\packages\arduino\hardware\avr\1.8.8\firmwares\wifishield\wifi_dnld\src\CONFIG\conf_access.h","File","7347","37B055B998FE1B6D05F28C43FB41EC7CBA6CF58FFCD24D5A97214F49B16A0225"
"data\packages\arduino\hardware\avr\1.8.8\firmwares\wifishield\wifi_dnld\src\CONFIG\conf_at45dbx.h","File","3189","255466E8E475F4C88200A8FC71A1BA2D8E9BC1DE06579F839CBF2931DF718813"
"data\packages\arduino\hardware\avr\1.8.8\firmwares\wifishield\wifi_dnld\src\Doc","Directory","",""
"data\packages\arduino\hardware\avr\1.8.8\firmwares\wifishield\wifi_dnld\src\Doc\gettingstarted.pdf","File","701930","ADF87823A2C2D7148CBEFA86C553097ED505E312112A6E25A08FBB7C20B7575B"
"data\packages\arduino\hardware\avr\1.8.8\firmwares\wifishield\wifi_dnld\src\Doc\SPB104 product brief.pdf","File","760252","8EDFF7748DA3F29D2FB19559E3C905ED3148061061FDB39851A8EEA05A772A55"
"data\packages\arduino\hardware\avr\1.8.8\firmwares\wifishield\wifi_dnld\src\flash_fw.c","File","4137","0B526CC37260187F003DFF3D3D68375A60196715A86FEB93473032BCC21830A4"
"data\packages\arduino\hardware\avr\1.8.8\firmwares\wifishield\wifi_dnld\src\license.txt","File","1953","A6F0C99996F2EE6AFDA6DC63C7B130396FEFD8ED6CC676CB681208265AD3CB6C"
"data\packages\arduino\hardware\avr\1.8.8\firmwares\wifishield\wifi_dnld\src\nor_flash.c","File","3664","3EDFD3BF37E00F45D9626B86FC8EA0423F363B7FF7C83A0CDB949BB3BC65DE52"
"data\packages\arduino\hardware\avr\1.8.8\firmwares\wifishield\wifi_dnld\src\nor_flash.h","File","1827","51061FE9C179FCDD0D5100ECAF3279A4A4F83A2967B3E3264910BBA2FAE743CA"
"data\packages\arduino\hardware\avr\1.8.8\firmwares\wifishield\wifi_dnld\src\printf-stdarg.c","File","8761","CC2F33EAE63B08DE00FA6752D4EC37F93F29D2EEB13FB53BFEBB7927021A58AD"
"data\packages\arduino\hardware\avr\1.8.8\firmwares\wifishield\wifi_dnld\src\printf-stdarg.h","File","1770","224453B1A3175ACF8976FD5CAA865046F14559D0D035EBD1246E2A1F1B60FCA9"
"data\packages\arduino\hardware\avr\1.8.8\firmwares\wifishield\wifi_dnld\src\SOFTWARE_FRAMEWORK","Directory","",""
"data\packages\arduino\hardware\avr\1.8.8\firmwares\wifishield\wifi_dnld\src\SOFTWARE_FRAMEWORK\ASM","Directory","",""
"data\packages\arduino\hardware\avr\1.8.8\firmwares\wifishield\wifi_dnld\src\SOFTWARE_FRAMEWORK\ASM\trampoline.x","File","2801","9FA0E993714BFA5B297C411F464EA44821F221EB33734B5CBF075558C610EDE1"
"data\packages\arduino\hardware\avr\1.8.8\firmwares\wifishield\wifi_dnld\src\SOFTWARE_FRAMEWORK\BOARDS","Directory","",""
"data\packages\arduino\hardware\avr\1.8.8\firmwares\wifishield\wifi_dnld\src\SOFTWARE_FRAMEWORK\BOARDS\ARDUINO","Directory","",""
"data\packages\arduino\hardware\avr\1.8.8\firmwares\wifishield\wifi_dnld\src\SOFTWARE_FRAMEWORK\BOARDS\ARDUINO\arduino.h","File","8684","DA4D672BD47CB2A58B5F0999A96EA73BF1C958397578089E8AC74AF9D0EDA16B"
"data\packages\arduino\hardware\avr\1.8.8\firmwares\wifishield\wifi_dnld\src\SOFTWARE_FRAMEWORK\BOARDS\ARDUINO\led.c","File","10679","ABAFE14CF82A841D34EB1C1E761AE9ADDCC2190EE6D2DB95192556520B1600BD"
"data\packages\arduino\hardware\avr\1.8.8\firmwares\wifishield\wifi_dnld\src\SOFTWARE_FRAMEWORK\BOARDS\ARDUINO\led.h","File","6352","DD1D5AD13B4ECD524AC1C518959E2F3093AB68B21C84A43DED4C2F979E080F99"
"data\packages\arduino\hardware\avr\1.8.8\firmwares\wifishield\wifi_dnld\src\SOFTWARE_FRAMEWORK\BOARDS\board.h","File","4275","5B49F73863D19AE27FD8EA298634CB93CDB705B4CDFEC7F5AAB7937C8D482878"
"data\packages\arduino\hardware\avr\1.8.8\firmwares\wifishield\wifi_dnld\src\SOFTWARE_FRAMEWORK\BOARDS\board.h.ori","File","4352","255839F07EA294467F0902CBD5E80AF57AD7D52407D782FF00698BD66C5FA4CB"
"data\packages\arduino\hardware\avr\1.8.8\firmwares\wifishield\wifi_dnld\src\SOFTWARE_FRAMEWORK\BOARDS\EVK1105","Directory","",""
"data\packages\arduino\hardware\avr\1.8.8\firmwares\wifishield\wifi_dnld\src\SOFTWARE_FRAMEWORK\BOARDS\EVK1105\evk1105.h","File","16666","6FE2023035682DC09E0796B140AD9BDCA47FB42CD959A625BCA024A66BAFECC0"
"data\packages\arduino\hardware\avr\1.8.8\firmwares\wifishield\wifi_dnld\src\SOFTWARE_FRAMEWORK\BOARDS\EVK1105\led.c","File","10679","E9D87D0AAF66575560D82C61CA1846934C87DCE0D4EDD80208F26988421CDE1A"
"data\packages\arduino\hardware\avr\1.8.8\firmwares\wifishield\wifi_dnld\src\SOFTWARE_FRAMEWORK\BOARDS\EVK1105\led.h","File","6276","CA8C454FE92937CD84D526B89091541E77429B4965DF422C2EA2DEA2F9FCC71D"
"data\packages\arduino\hardware\avr\1.8.8\firmwares\wifishield\wifi_dnld\src\SOFTWARE_FRAMEWORK\COMPONENTS","Directory","",""
"data\packages\arduino\hardware\avr\1.8.8\firmwares\wifishield\wifi_dnld\src\SOFTWARE_FRAMEWORK\COMPONENTS\MEMORY","Directory","",""
"data\packages\arduino\hardware\avr\1.8.8\firmwares\wifishield\wifi_dnld\src\SOFTWARE_FRAMEWORK\COMPONENTS\MEMORY\DATA_FLASH","Directory","",""
"data\packages\arduino\hardware\avr\1.8.8\firmwares\wifishield\wifi_dnld\src\SOFTWARE_FRAMEWORK\COMPONENTS\MEMORY\DATA_FLASH\AT45DBX","Directory","",""
"data\packages\arduino\hardware\avr\1.8.8\firmwares\wifishield\wifi_dnld\src\SOFTWARE_FRAMEWORK\COMPONENTS\MEMORY\DATA_FLASH\AT45DBX\at45dbx.c","File","22025","95DFC4017F8CA8ED41E9B4829C177570A880EF6FBC9FE82FBD8D975DA57551F6"
"data\packages\arduino\hardware\avr\1.8.8\firmwares\wifishield\wifi_dnld\src\SOFTWARE_FRAMEWORK\COMPONENTS\MEMORY\DATA_FLASH\AT45DBX\at45dbx.h","File","7790","D3D3D5D8A7516F60AD91D682216C3A682062474A0DE4298398D91B114ABE1688"
"data\packages\arduino\hardware\avr\1.8.8\firmwares\wifishield\wifi_dnld\src\SOFTWARE_FRAMEWORK\COMPONENTS\MEMORY\DATA_FLASH\AT45DBX\at45dbx_mem.c","File","6091","C54FA113D3B5F54B8748F6488847216F995907385AF47CAEB762AA357506A837"
"data\packages\arduino\hardware\avr\1.8.8\firmwares\wifishield\wifi_dnld\src\SOFTWARE_FRAMEWORK\COMPONENTS\MEMORY\DATA_FLASH\AT45DBX\at45dbx_mem.h","File","4906","093CDE6AA133E2F95E05B60E93964CB2FC69E7C9AFE2C73B35F42AE214E8AFFF"
"data\packages\arduino\hardware\avr\1.8.8\firmwares\wifishield\wifi_dnld\src\SOFTWARE_FRAMEWORK\DRIVERS","Directory","",""
"data\packages\arduino\hardware\avr\1.8.8\firmwares\wifishield\wifi_dnld\src\SOFTWARE_FRAMEWORK\DRIVERS\FLASHC","Directory","",""
"data\packages\arduino\hardware\avr\1.8.8\firmwares\wifishield\wifi_dnld\src\SOFTWARE_FRAMEWORK\DRIVERS\FLASHC\flashc.c","File","32916","50BC38AF6D09F8D0A857C75C5BC0BC9D1819D77687F1D2B6F2FF33824461DB4C"
"data\packages\arduino\hardware\avr\1.8.8\firmwares\wifishield\wifi_dnld\src\SOFTWARE_FRAMEWORK\DRIVERS\FLASHC\flashc.h","File","37141","7D2716B4A0F75CC221C1289FC09989D02E7049C36F6BFE190BFEDA3E8D90A5B8"
"data\packages\arduino\hardware\avr\1.8.8\firmwares\wifishield\wifi_dnld\src\SOFTWARE_FRAMEWORK\DRIVERS\GPIO","Directory","",""
"data\packages\arduino\hardware\avr\1.8.8\firmwares\wifishield\wifi_dnld\src\SOFTWARE_FRAMEWORK\DRIVERS\GPIO\gpio.c","File","13104","141FB76606D7BFF6D41A6CFDD5D288B610B970CC52B746E0B57674187D5A13D4"
"data\packages\arduino\hardware\avr\1.8.8\firmwares\wifishield\wifi_dnld\src\SOFTWARE_FRAMEWORK\DRIVERS\GPIO\gpio.h","File","18141","536A7580A97AB04CE978B4EB8515122723512F845AE308546414B4B53FBEE3EF"
"data\packages\arduino\hardware\avr\1.8.8\firmwares\wifishield\wifi_dnld\src\SOFTWARE_FRAMEWORK\DRIVERS\INTC","Directory","",""
"data\packages\arduino\hardware\avr\1.8.8\firmwares\wifishield\wifi_dnld\src\SOFTWARE_FRAMEWORK\DRIVERS\INTC\exception.x","File","7078","98E828F694165EB9F40A9786FA478F0F6C87E66C2C58A10F89E785A81A94D389"
"data\packages\arduino\hardware\avr\1.8.8\firmwares\wifishield\wifi_dnld\src\SOFTWARE_FRAMEWORK\DRIVERS\INTC\intc.c","File","9360","5383FDA844B9BD3F91A6CC03594EE49821F2B2C431012D477095A427F5B5EDB4"
"data\packages\arduino\hardware\avr\1.8.8\firmwares\wifishield\wifi_dnld\src\SOFTWARE_FRAMEWORK\DRIVERS\INTC\intc.h","File","3886","E0A73809A78B76EA5794D5904A208FAC0EE991DE02244DCD48B9740B63AEF698"
"data\packages\arduino\hardware\avr\1.8.8\firmwares\wifishield\wifi_dnld\src\SOFTWARE_FRAMEWORK\DRIVERS\PM","Directory","",""
"data\packages\arduino\hardware\avr\1.8.8\firmwares\wifishield\wifi_dnld\src\SOFTWARE_FRAMEWORK\DRIVERS\PM\pm.c","File","14329","4607167B9AF10CC190E00FE50CF9E84E8BDA7D19A1FF7972A2E06476116A265A"
"data\packages\arduino\hardware\avr\1.8.8\firmwares\wifishield\wifi_dnld\src\SOFTWARE_FRAMEWORK\DRIVERS\PM\pm.h","File","17849","902CE2583AA76AC18C6FA571FC51C1BA01E8A389B99F2D02BE4953F8484D8E0C"
"data\packages\arduino\hardware\avr\1.8.8\firmwares\wifishield\wifi_dnld\src\SOFTWARE_FRAMEWORK\DRIVERS\PM\pm_conf_clocks.c","File","7568","BE071F18457D3875BA66597EAA1FD168D7D541A5B542919E52AE7ADA43A37113"
"data\packages\arduino\hardware\avr\1.8.8\firmwares\wifishield\wifi_dnld\src\SOFTWARE_FRAMEWORK\DRIVERS\PM\power_clocks_lib.c","File","19486","9D78CA8588ACCF026D0E7D6C18FB2D3DA4E9BD3680E4AA03BB069A4692B6748C"
"data\packages\arduino\hardware\avr\1.8.8\firmwares\wifishield\wifi_dnld\src\SOFTWARE_FRAMEWORK\DRIVERS\PM\power_clocks_lib.h","File","14873","DD1D47FBEF77C1211C9D02C2916943BF60413FA11A2FE8ABE0C286E8AFB65DE8"
"data\packages\arduino\hardware\avr\1.8.8\firmwares\wifishield\wifi_dnld\src\SOFTWARE_FRAMEWORK\DRIVERS\SPI","Directory","",""
"data\packages\arduino\hardware\avr\1.8.8\firmwares\wifishield\wifi_dnld\src\SOFTWARE_FRAMEWORK\DRIVERS\SPI\spi.c","File","10659","A4BF68CEAAC70C2D60238883888C76725F8D95DC5A1AF8346B6109D8A1327314"
"data\packages\arduino\hardware\avr\1.8.8\firmwares\wifishield\wifi_dnld\src\SOFTWARE_FRAMEWORK\DRIVERS\SPI\spi.h","File","12139","0689E63A1CD2B0691F35E8A16DED8C154D3535333394551A23A6C4C1E246F4E5"
"data\packages\arduino\hardware\avr\1.8.8\firmwares\wifishield\wifi_dnld\src\SOFTWARE_FRAMEWORK\DRIVERS\USART","Directory","",""
"data\packages\arduino\hardware\avr\1.8.8\firmwares\wifishield\wifi_dnld\src\SOFTWARE_FRAMEWORK\DRIVERS\USART\usart.c","File","28436","057F70D7C8C5FA00EC8C6FC1D3119659689B08B19776EE00E5D5BD85524CCE35"
"data\packages\arduino\hardware\avr\1.8.8\firmwares\wifishield\wifi_dnld\src\SOFTWARE_FRAMEWORK\DRIVERS\USART\usart.h","File","31748","11E63C1C497486E7EA0109567E8A043BCECEDCF609584ACB49E4C18CABFD51FD"
"data\packages\arduino\hardware\avr\1.8.8\firmwares\wifishield\wifi_dnld\src\SOFTWARE_FRAMEWORK\SERVICES","Directory","",""
"data\packages\arduino\hardware\avr\1.8.8\firmwares\wifishield\wifi_dnld\src\SOFTWARE_FRAMEWORK\SERVICES\MEMORY","Directory","",""
"data\packages\arduino\hardware\avr\1.8.8\firmwares\wifishield\wifi_dnld\src\SOFTWARE_FRAMEWORK\SERVICES\MEMORY\CTRL_ACCESS","Directory","",""
"data\packages\arduino\hardware\avr\1.8.8\firmwares\wifishield\wifi_dnld\src\SOFTWARE_FRAMEWORK\SERVICES\MEMORY\CTRL_ACCESS\ctrl_access.c","File","12102","5A1B3356459453ACC49AF3B025FD4DFBAAB98E020E9E6B4F94C616E4FB19F737"
"data\packages\arduino\hardware\avr\1.8.8\firmwares\wifishield\wifi_dnld\src\SOFTWARE_FRAMEWORK\SERVICES\MEMORY\CTRL_ACCESS\ctrl_access.h","File","9850","A1EAC7D2961D0BAC0B10C8509DBC08E805A8DE69A577D417031C5FB5068920E8"
"data\packages\arduino\hardware\avr\1.8.8\firmwares\wifishield\wifi_dnld\src\SOFTWARE_FRAMEWORK\UTILS","Directory","",""
"data\packages\arduino\hardware\avr\1.8.8\firmwares\wifishield\wifi_dnld\src\SOFTWARE_FRAMEWORK\UTILS\compiler.h","File","38802","52F1A84F22C88682C4ED3E42C17164125ED188511D808E7B906CC3F765F11F77"
"data\packages\arduino\hardware\avr\1.8.8\firmwares\wifishield\wifi_dnld\src\SOFTWARE_FRAMEWORK\UTILS\conf_isp.h","File","5331","755F9006C8DD9171EC0EA6838AAE91A2C8D8EF9A060F9D3009C95F1D7C0F813F"
"data\packages\arduino\hardware\avr\1.8.8\firmwares\wifishield\wifi_dnld\src\SOFTWARE_FRAMEWORK\UTILS\DEBUG","Directory","",""
"data\packages\arduino\hardware\avr\1.8.8\firmwares\wifishield\wifi_dnld\src\SOFTWARE_FRAMEWORK\UTILS\DEBUG\debug.c","File","3540","B529CC6601265675DA69E936C48EA29001AF778176AAD3202FFF52A946A75992"
"data\packages\arduino\hardware\avr\1.8.8\firmwares\wifishield\wifi_dnld\src\SOFTWARE_FRAMEWORK\UTILS\DEBUG\debug.h","File","4166","18184ADE8BF62464EDC5920D42C81CBA2F55A259D4886B868E731DF623079179"
"data\packages\arduino\hardware\avr\1.8.8\firmwares\wifishield\wifi_dnld\src\SOFTWARE_FRAMEWORK\UTILS\DEBUG\print_funcs.c","File","5618","945FDE1BF7BD6170094B2B66D5BFB2AB1E4ABC8AE83494A48C05A81693775A56"
"data\packages\arduino\hardware\avr\1.8.8\firmwares\wifishield\wifi_dnld\src\SOFTWARE_FRAMEWORK\UTILS\DEBUG\print_funcs.h","File","12025","2988548BECC8A27E3E530259339950CA5557F6D7447DF23ED9768802FCBA81AC"
"data\packages\arduino\hardware\avr\1.8.8\firmwares\wifishield\wifi_dnld\src\SOFTWARE_FRAMEWORK\UTILS\LIBS","Directory","",""
"data\packages\arduino\hardware\avr\1.8.8\firmwares\wifishield\wifi_dnld\src\SOFTWARE_FRAMEWORK\UTILS\LIBS\NEWLIB_ADDONS","Directory","",""
"data\packages\arduino\hardware\avr\1.8.8\firmwares\wifishield\wifi_dnld\src\SOFTWARE_FRAMEWORK\UTILS\LIBS\NEWLIB_ADDONS\INCLUDE","Directory","",""
"data\packages\arduino\hardware\avr\1.8.8\firmwares\wifishield\wifi_dnld\src\SOFTWARE_FRAMEWORK\UTILS\LIBS\NEWLIB_ADDONS\INCLUDE\nlao_cpu.h","File","2486","C8211361663DA2B8F7A75AE7DE36140FF6234AC6A156E89F6C5EA6B5884CCE7C"
"data\packages\arduino\hardware\avr\1.8.8\firmwares\wifishield\wifi_dnld\src\SOFTWARE_FRAMEWORK\UTILS\LIBS\NEWLIB_ADDONS\INCLUDE\nlao_exceptions.h","File","4461","8F23F9733F11AA035C70A50F52C0C0BD20AB73B50CFACB48DC8CAFD21C06092E"
"data\packages\arduino\hardware\avr\1.8.8\firmwares\wifishield\wifi_dnld\src\SOFTWARE_FRAMEWORK\UTILS\LIBS\NEWLIB_ADDONS\INCLUDE\nlao_interrupts.h","File","3133","8239D1CA1A6CAFBCA5AEBED7C5B2242095D77CECAAF5B03F5CD928B52357E7BF"
"data\packages\arduino\hardware\avr\1.8.8\firmwares\wifishield\wifi_dnld\src\SOFTWARE_FRAMEWORK\UTILS\LIBS\NEWLIB_ADDONS\INCLUDE\nlao_io.h","File","5900","23CB9AC931F9C4DEB6E051A6096051EC7D3ECDB59C8BFBB80AB9FA1B455CB414"
"data\packages\arduino\hardware\avr\1.8.8\firmwares\wifishield\wifi_dnld\src\SOFTWARE_FRAMEWORK\UTILS\LIBS\NEWLIB_ADDONS\INCLUDE\nlao_usart.h","File","6353","95D8DA30FF1309374597DAB083A86DAC08DCF26169E6DB4D256DB8BBBCC5B358"
"data\packages\arduino\hardware\avr\1.8.8\firmwares\wifishield\wifi_dnld\src\SOFTWARE_FRAMEWORK\UTILS\LIBS\NEWLIB_ADDONS\libnewlib_addons-at32ucr2-speed_opt.a","File","25540","F71F51C96553D2FC7DD7583441E762C1DC6FDE9B094505330A8F4F0B77DB97F2"
"data\packages\arduino\hardware\avr\1.8.8\firmwares\wifishield\wifi_dnld\src\SOFTWARE_FRAMEWORK\UTILS\LINKER_SCRIPTS","Directory","",""
"data\packages\arduino\hardware\avr\1.8.8\firmwares\wifishield\wifi_dnld\src\SOFTWARE_FRAMEWORK\UTILS\LINKER_SCRIPTS\AT32UC3A","Directory","",""
"data\packages\arduino\hardware\avr\1.8.8\firmwares\wifishield\wifi_dnld\src\SOFTWARE_FRAMEWORK\UTILS\LINKER_SCRIPTS\AT32UC3A\0512","Directory","",""
"data\packages\arduino\hardware\avr\1.8.8\firmwares\wifishield\wifi_dnld\src\SOFTWARE_FRAMEWORK\UTILS\LINKER_SCRIPTS\AT32UC3A\0512\GCC","Directory","",""
"data\packages\arduino\hardware\avr\1.8.8\firmwares\wifishield\wifi_dnld\src\SOFTWARE_FRAMEWORK\UTILS\LINKER_SCRIPTS\AT32UC3A\0512\GCC\link_uc3a0512.lds","File","11900","BF8030DA480B633D48B9B75853BD0EDBE4AFEEFB504B92CFE195ED5882130E9A"
"data\packages\arduino\hardware\avr\1.8.8\firmwares\wifishield\wifi_dnld\src\SOFTWARE_FRAMEWORK\UTILS\LINKER_SCRIPTS\AT32UC3A\1256","Directory","",""
"data\packages\arduino\hardware\avr\1.8.8\firmwares\wifishield\wifi_dnld\src\SOFTWARE_FRAMEWORK\UTILS\LINKER_SCRIPTS\AT32UC3A\1256\GCC","Directory","",""
"data\packages\arduino\hardware\avr\1.8.8\firmwares\wifishield\wifi_dnld\src\SOFTWARE_FRAMEWORK\UTILS\LINKER_SCRIPTS\AT32UC3A\1256\GCC\link_uc3a1256.lds","File","11900","39C97B20682B00770F970682EA27F2F4B1BF483AB4B281514A6B31C3865D47EA"
"data\packages\arduino\hardware\avr\1.8.8\firmwares\wifishield\wifi_dnld\src\SOFTWARE_FRAMEWORK\UTILS\parts.h","File","9843","DD97ACB18909F9270F27EEBAAD2FD99CFDC575F3C42F354924D1EEAB80C003CC"
"data\packages\arduino\hardware\avr\1.8.8\firmwares\wifishield\wifi_dnld\src\SOFTWARE_FRAMEWORK\UTILS\PREPROCESSOR","Directory","",""
"data\packages\arduino\hardware\avr\1.8.8\firmwares\wifishield\wifi_dnld\src\SOFTWARE_FRAMEWORK\UTILS\PREPROCESSOR\mrepeat.h","File","23769","8B2FD07C0DCFE6645C21ABDEDA786693819F47F45AB67CDD4BA2319F3ACF8BF1"
"data\packages\arduino\hardware\avr\1.8.8\firmwares\wifishield\wifi_dnld\src\SOFTWARE_FRAMEWORK\UTILS\PREPROCESSOR\preprocessor.h","File","2351","A4BF0BC98383736573C6F2D82132F0D39110D5E0EA356FFB847A951898060C35"
"data\packages\arduino\hardware\avr\1.8.8\firmwares\wifishield\wifi_dnld\src\SOFTWARE_FRAMEWORK\UTILS\PREPROCESSOR\stringz.h","File","3067","E793CDCAFA30AD28299A1B621AEC63FC3C035E9906940F983EEF958DB9DCD864"
"data\packages\arduino\hardware\avr\1.8.8\firmwares\wifishield\wifi_dnld\src\SOFTWARE_FRAMEWORK\UTILS\PREPROCESSOR\tpaste.h","File","4313","3F5AE96952B74FB5D87A4D97BC8420B2E8032D18F7D3043E174A83AFB51F607A"
"data\packages\arduino\hardware\avr\1.8.8\firmwares\wifishield\wifi_dnld\src\SOFTWARE_FRAMEWORK\UTILS\STARTUP_FILES","Directory","",""
"data\packages\arduino\hardware\avr\1.8.8\firmwares\wifishield\wifi_dnld\src\SOFTWARE_FRAMEWORK\UTILS\STARTUP_FILES\GCC","Directory","",""
"data\packages\arduino\hardware\avr\1.8.8\firmwares\wifishield\wifi_dnld\src\SOFTWARE_FRAMEWORK\UTILS\STARTUP_FILES\GCC\crt0.x","File","3793","899B1266062CA87237A66E37094A69567420188CD45DD389B9B49DB22FE67F4F"
"data\packages\arduino\hardware\avr\1.8.8\firmwares\wifishield\wifi_dnld\src\startup.c","File","2459","B7F2C0FF8E79F6A7A48952C0496E30C39403477BDB3768842D388EC7806906B1"
"data\packages\arduino\hardware\avr\1.8.8\firmwares\wifishield\wifi_dnld\src\startup.h","File","1665","945D45CC7DB0A595983BA11DD56657E9CF1A80EDAB2BAC291F845DCA8D4FF42C"
"data\packages\arduino\hardware\avr\1.8.8\firmwares\wifishield\wifi_dnld\src\wl_fw.h","File","1021807","CA6B9A07AE3ECD83EAB835A5EAE62574471754CD5A9C747140CBEBAEB93785C1"
"data\packages\arduino\hardware\avr\1.8.8\firmwares\wifishield\wifi_dnld\wifi_dnld.cproj","File","29757","960C92C1566026B9708ACA3435EA83F376817045B77D948F28979136065FE5DB"
"data\packages\arduino\hardware\avr\1.8.8\firmwares\wifishield\wifiHD","Directory","",""
"data\packages\arduino\hardware\avr\1.8.8\firmwares\wifishield\wifiHD\.cproject","File","216194","D82059571DB1C07DD1BF15A1E6C01E5177A4834A2AA212F66421FA1DB619B4D2"
"data\packages\arduino\hardware\avr\1.8.8\firmwares\wifishield\wifiHD\.project","File","2256","01786C199519E1B994A8EC0B5A6CDA088BCD4A5C635155BDF63D6C913B6422DD"
"data\packages\arduino\hardware\avr\1.8.8\firmwares\wifishield\wifiHD\Release","Directory","",""
"data\packages\arduino\hardware\avr\1.8.8\firmwares\wifishield\wifiHD\Release\wifiHD.elf","File","724331","BD6AFB5DC1EBDEF1170E3547A766D1CC151AD1608B5D9651F493C138D62F950E"
"data\packages\arduino\hardware\avr\1.8.8\firmwares\wifishield\wifiHD\Release\wifiHD.hex","File","719508","BCAAA3ED9E9B801C5A9DCC54DD5DC2A60642D26F71AC4ECD540BE4A3185A29CE"
"data\packages\arduino\hardware\avr\1.8.8\firmwares\wifishield\wifiHD\src","Directory","",""
"data\packages\arduino\hardware\avr\1.8.8\firmwares\wifishield\wifiHD\src\ard_spi.c","File","52199","73B92A542D9FDE2FDC8A2DC09D969435ED7D846654EAD54962B1B372CC249C07"
"data\packages\arduino\hardware\avr\1.8.8\firmwares\wifishield\wifiHD\src\ard_spi.h","File","1826","64A6D525F256C2B74BCFBDFE2DCEA4049CD6E87CCA36A2B4BD59390CE2ACF054"
"data\packages\arduino\hardware\avr\1.8.8\firmwares\wifishield\wifiHD\src\ard_tcp.c","File","22646","5A03C3D2B9B28D41CEA2B3B6E05587D5FEC5F163609A75DC097931DEC2D27EB5"
"data\packages\arduino\hardware\avr\1.8.8\firmwares\wifishield\wifiHD\src\ard_tcp.h","File","3485","71BE6E2E9D9F9C7836FC105C41447E574E6596861F7DBD36BB82F4533C8D6083"
"data\packages\arduino\hardware\avr\1.8.8\firmwares\wifishield\wifiHD\src\ard_utils.c","File","7787","4814A519132332849AE8CE9AF9142907F2064A418C0D95EB64BEA2C51F426ED1"
"data\packages\arduino\hardware\avr\1.8.8\firmwares\wifishield\wifiHD\src\ard_utils.h","File","8481","4D3545BB8592AB39598334BEAFDDA811AEB38A0D82EDA7B4B3B5D8FFE88E535B"
"data\packages\arduino\hardware\avr\1.8.8\firmwares\wifishield\wifiHD\src\avr32_spi.c","File","11771","9EDB8B78B6269668E0840243AF9BAF1B772D4CE51B7888712D00C3684CA5C4F6"
"data\packages\arduino\hardware\avr\1.8.8\firmwares\wifishield\wifiHD\src\board_init.c","File","8634","F70E597AD4380264C2D779CADE1EE88DBF7F803EFEC8095847E89653139C765C"
"data\packages\arduino\hardware\avr\1.8.8\firmwares\wifishield\wifiHD\src\board_init.h","File","10452","9E9BEEFDCD8A5D1F7E695DAFC7F53A9597590B9FC96F38F5C3238A0A41CC8B1F"
"data\packages\arduino\hardware\avr\1.8.8\firmwares\wifishield\wifiHD\src\cmd_wl.c","File","20250","48366AF0DDB49E73200460A53A5B3E0456024F0F6E520D0B94036B144C7F4EBC"
"data\packages\arduino\hardware\avr\1.8.8\firmwares\wifishield\wifiHD\src\cmd_wl.h","File","3113","EB5B219DC896C19ABC4D1C8A0755C00F65AEE253EF10438C2A4736A4F76DD4FF"
"data\packages\arduino\hardware\avr\1.8.8\firmwares\wifishield\wifiHD\src\CONFIG","Directory","",""
"data\packages\arduino\hardware\avr\1.8.8\firmwares\wifishield\wifiHD\src\CONFIG\conf_access.h","File","7353","5158085B515B00F9D31E75ACB5BFE1B3E9ED36EFAD3300EEFE558C0D6E582E86"
"data\packages\arduino\hardware\avr\1.8.8\firmwares\wifishield\wifiHD\src\CONFIG\conf_at45dbx.h","File","3189","255466E8E475F4C88200A8FC71A1BA2D8E9BC1DE06579F839CBF2931DF718813"
"data\packages\arduino\hardware\avr\1.8.8\firmwares\wifishield\wifiHD\src\CONFIG\conf_ebi.h","File","4435","0DD6967AB90254F07620B5B6E894C49D0D751F31E93B2237D2551D870B5D734B"
"data\packages\arduino\hardware\avr\1.8.8\firmwares\wifishield\wifiHD\src\CONFIG\conf_sd_mmc_spi.h","File","2813","8B42F01C990EBA4D60C188D13EEDC0951472466A5489B0348C745AB9EA4E7E3B"
"data\packages\arduino\hardware\avr\1.8.8\firmwares\wifishield\wifiHD\src\console.c","File","6514","981EC2F3EF061B4B1945E41FB71EC325E7BEDCF713B6C0794F97BC900A535246"
"data\packages\arduino\hardware\avr\1.8.8\firmwares\wifishield\wifiHD\src\console.h","File","1921","F56D215D5FC010974F922887A8616C5FA496A5DB32946642AAA9225ABB369E24"
"data\packages\arduino\hardware\avr\1.8.8\firmwares\wifishield\wifiHD\src\debug.h","File","5642","68E791156350705770520271AAC9BD7DD938A65E964962E42F8C55628484B553"
"data\packages\arduino\hardware\avr\1.8.8\firmwares\wifishield\wifiHD\src\fw_download.h","File","1793","D7268389C0910354AC61176819C53F17F909FBFD3FE1133A4F6F65A0B51F08E2"
"data\packages\arduino\hardware\avr\1.8.8\firmwares\wifishield\wifiHD\src\fw_download_extflash.c","File","2944","8EFD220F8D66D37ABCA2D1E9E4EC37114E54322C67D174B3F1125E9FFA3734FE"
"data\packages\arduino\hardware\avr\1.8.8\firmwares\wifishield\wifiHD\src\license.txt","File","1953","A6F0C99996F2EE6AFDA6DC63C7B130396FEFD8ED6CC676CB681208265AD3CB6C"
"data\packages\arduino\hardware\avr\1.8.8\firmwares\wifishield\wifiHD\src\lwip_setup.c","File","4037","A6EC0F009C87A29C6A75FD5D5604FB82AE2FD19BF7DA6B7AB5AF6D57D769098A"
"data\packages\arduino\hardware\avr\1.8.8\firmwares\wifishield\wifiHD\src\lwip_setup.h","File","765","8DF31CACF2264D5A9F9B62BAA610F84DAB0FF4437EC8313C0486D881EBCC9382"
"data\packages\arduino\hardware\avr\1.8.8\firmwares\wifishield\wifiHD\src\lwipopts.h","File","12684","42CB4E680E471DA19F7B009256B4419C04EBBC056943AA9E07D7ED8982A85DC8"
"data\packages\arduino\hardware\avr\1.8.8\firmwares\wifishield\wifiHD\src\main.c","File","11060","769D96759B328B75AF2657A5BC467FDCE91AFD0ED821731D50C010096C5101B5"
"data\packages\arduino\hardware\avr\1.8.8\firmwares\wifishield\wifiHD\src\nvram.c","File","4540","BDC1B44D1242FD0D30670143B2EA63B4FAAF85C3FF42E41CC30B7209BED7EC9E"
"data\packages\arduino\hardware\avr\1.8.8\firmwares\wifishield\wifiHD\src\nvram.h","File","205","2BD41E86A0807DC9CBD0A64474B6C2931253172FB0201803D495DB9D89AC449A"
"data\packages\arduino\hardware\avr\1.8.8\firmwares\wifishield\wifiHD\src\owl_os.c","File","2543","3315A6D5DD6EE4E671AC263029647FECF70243BC3685178C3E31027D3CAAEF49"
"data\packages\arduino\hardware\avr\1.8.8\firmwares\wifishield\wifiHD\src\ping.c","File","11467","1613005EFE2078617BDAB715322004F586A69E57FC8746827354E5A229153BF5"
"data\packages\arduino\hardware\avr\1.8.8\firmwares\wifishield\wifiHD\src\ping.h","File","1985","CBE985AA7454949143506DEE1A74DEE13693A244884F71602ECE58405AC97175"
"data\packages\arduino\hardware\avr\1.8.8\firmwares\wifishield\wifiHD\src\printf-stdarg.c","File","8673","66CD432ACFB33E263EC78597CAF6B79BE727694A6BED269EE0195966C0BEE7D9"
"data\packages\arduino\hardware\avr\1.8.8\firmwares\wifishield\wifiHD\src\printf-stdarg.h","File","1685","0BAEC3917BEAA16E8D66BCE8F373038C53CD2CE71EB1D98231B5B2F0931BAC2C"
"data\packages\arduino\hardware\avr\1.8.8\firmwares\wifishield\wifiHD\src\SOFTWARE_FRAMEWORK","Directory","",""
"data\packages\arduino\hardware\avr\1.8.8\firmwares\wifishield\wifiHD\src\SOFTWARE_FRAMEWORK\ASM","Directory","",""
"data\packages\arduino\hardware\avr\1.8.8\firmwares\wifishield\wifiHD\src\SOFTWARE_FRAMEWORK\ASM\trampoline.x","File","2801","9FA0E993714BFA5B297C411F464EA44821F221EB33734B5CBF075558C610EDE1"
"data\packages\arduino\hardware\avr\1.8.8\firmwares\wifishield\wifiHD\src\SOFTWARE_FRAMEWORK\BOARDS","Directory","",""
"data\packages\arduino\hardware\avr\1.8.8\firmwares\wifishield\wifiHD\src\SOFTWARE_FRAMEWORK\BOARDS\ARDUINO","Directory","",""
"data\packages\arduino\hardware\avr\1.8.8\firmwares\wifishield\wifiHD\src\SOFTWARE_FRAMEWORK\BOARDS\ARDUINO\arduino.h","File","8812","9ADDC7C8024B68B55E140CCB324CA8AA510F130BB8227BEFD922DE5167F4E8B7"
"data\packages\arduino\hardware\avr\1.8.8\firmwares\wifishield\wifiHD\src\SOFTWARE_FRAMEWORK\BOARDS\ARDUINO\led.c","File","10679","ABAFE14CF82A841D34EB1C1E761AE9ADDCC2190EE6D2DB95192556520B1600BD"
"data\packages\arduino\hardware\avr\1.8.8\firmwares\wifishield\wifiHD\src\SOFTWARE_FRAMEWORK\BOARDS\ARDUINO\led.h","File","6352","DD1D5AD13B4ECD524AC1C518959E2F3093AB68B21C84A43DED4C2F979E080F99"
"data\packages\arduino\hardware\avr\1.8.8\firmwares\wifishield\wifiHD\src\SOFTWARE_FRAMEWORK\BOARDS\board.h","File","4275","5B49F73863D19AE27FD8EA298634CB93CDB705B4CDFEC7F5AAB7937C8D482878"
"data\packages\arduino\hardware\avr\1.8.8\firmwares\wifishield\wifiHD\src\SOFTWARE_FRAMEWORK\BOARDS\board.h.my","File","4275","5B49F73863D19AE27FD8EA298634CB93CDB705B4CDFEC7F5AAB7937C8D482878"
"data\packages\arduino\hardware\avr\1.8.8\firmwares\wifishield\wifiHD\src\SOFTWARE_FRAMEWORK\BOARDS\EVK1105","Directory","",""
"data\packages\arduino\hardware\avr\1.8.8\firmwares\wifishield\wifiHD\src\SOFTWARE_FRAMEWORK\BOARDS\EVK1105\evk1105.h","File","16666","6FE2023035682DC09E0796B140AD9BDCA47FB42CD959A625BCA024A66BAFECC0"
"data\packages\arduino\hardware\avr\1.8.8\firmwares\wifishield\wifiHD\src\SOFTWARE_FRAMEWORK\BOARDS\EVK1105\led.c","File","10679","E9D87D0AAF66575560D82C61CA1846934C87DCE0D4EDD80208F26988421CDE1A"
"data\packages\arduino\hardware\avr\1.8.8\firmwares\wifishield\wifiHD\src\SOFTWARE_FRAMEWORK\BOARDS\EVK1105\led.h","File","6276","CA8C454FE92937CD84D526B89091541E77429B4965DF422C2EA2DEA2F9FCC71D"
"data\packages\arduino\hardware\avr\1.8.8\firmwares\wifishield\wifiHD\src\SOFTWARE_FRAMEWORK\COMPONENTS","Directory","",""
"data\packages\arduino\hardware\avr\1.8.8\firmwares\wifishield\wifiHD\src\SOFTWARE_FRAMEWORK\COMPONENTS\MEMORY","Directory","",""
"data\packages\arduino\hardware\avr\1.8.8\firmwares\wifishield\wifiHD\src\SOFTWARE_FRAMEWORK\COMPONENTS\MEMORY\DATA_FLASH","Directory","",""
"data\packages\arduino\hardware\avr\1.8.8\firmwares\wifishield\wifiHD\src\SOFTWARE_FRAMEWORK\COMPONENTS\MEMORY\DATA_FLASH\AT45DBX","Directory","",""
"data\packages\arduino\hardware\avr\1.8.8\firmwares\wifishield\wifiHD\src\SOFTWARE_FRAMEWORK\COMPONENTS\MEMORY\DATA_FLASH\AT45DBX\at45dbx.c","File","21546","EA7BE3546D7D28621C6200F861D8997E91D2302EA0C958757B2A49447B5BCC4A"
"data\packages\arduino\hardware\avr\1.8.8\firmwares\wifishield\wifiHD\src\SOFTWARE_FRAMEWORK\COMPONENTS\MEMORY\DATA_FLASH\AT45DBX\at45dbx.h","File","7791","91E57C88D36D7DC313386B46CCF7D6E38A2BC0235D9B1A334E1944C1D45D0EE7"
"data\packages\arduino\hardware\avr\1.8.8\firmwares\wifishield\wifiHD\src\SOFTWARE_FRAMEWORK\COMPONENTS\MEMORY\DATA_FLASH\AT45DBX\at45dbx_mem.c","File","6091","C54FA113D3B5F54B8748F6488847216F995907385AF47CAEB762AA357506A837"
"data\packages\arduino\hardware\avr\1.8.8\firmwares\wifishield\wifiHD\src\SOFTWARE_FRAMEWORK\COMPONENTS\MEMORY\DATA_FLASH\AT45DBX\at45dbx_mem.h","File","4906","093CDE6AA133E2F95E05B60E93964CB2FC69E7C9AFE2C73B35F42AE214E8AFFF"
"data\packages\arduino\hardware\avr\1.8.8\firmwares\wifishield\wifiHD\src\SOFTWARE_FRAMEWORK\COMPONENTS\WIFI","Directory","",""
"data\packages\arduino\hardware\avr\1.8.8\firmwares\wifishield\wifiHD\src\SOFTWARE_FRAMEWORK\COMPONENTS\WIFI\HD","Directory","",""
"data\packages\arduino\hardware\avr\1.8.8\firmwares\wifishield\wifiHD\src\SOFTWARE_FRAMEWORK\COMPONENTS\WIFI\HD\v2.7.0","Directory","",""
"data\packages\arduino\hardware\avr\1.8.8\firmwares\wifishield\wifiHD\src\SOFTWARE_FRAMEWORK\COMPONENTS\WIFI\HD\v2.7.0\revision.txt","File","15","21B8D611123BF376C435B72C0C0DBD633448B6456ED45EC2F5912E6F51C94A6D"
"data\packages\arduino\hardware\avr\1.8.8\firmwares\wifishield\wifiHD\src\SOFTWARE_FRAMEWORK\COMPONENTS\WIFI\HD\v2.7.0\UCR1","Directory","",""
"data\packages\arduino\hardware\avr\1.8.8\firmwares\wifishield\wifiHD\src\SOFTWARE_FRAMEWORK\COMPONENTS\WIFI\HD\v2.7.0\UCR1\GCC","Directory","",""
"data\packages\arduino\hardware\avr\1.8.8\firmwares\wifishield\wifiHD\src\SOFTWARE_FRAMEWORK\COMPONENTS\WIFI\HD\v2.7.0\UCR1\GCC\lib_ucr1_hd_sdio_v2.7.0.a","File","11978","74B5F3804EDC0826A6CC953368C386A0ABAE111935C1F66646AAE47CBDC2FF3C"
"data\packages\arduino\hardware\avr\1.8.8\firmwares\wifishield\wifiHD\src\SOFTWARE_FRAMEWORK\COMPONENTS\WIFI\HD\v2.7.0\UCR1\GCC\lib_ucr1_hd_spi_v2.7.0.a","File","13134","69088C44F26B4A146056544207EAEEEBD91EFB9DDD7DBAE8D5E6A298FCDB08FE"
"data\packages\arduino\hardware\avr\1.8.8\firmwares\wifishield\wifiHD\src\SOFTWARE_FRAMEWORK\COMPONENTS\WIFI\HD\v2.7.0\UCR1\GCC\lib_ucr1_hd_wl_sta_intwpa_v2.7.0.a","File","1007102","E559C8D1B613B14678BF2EF97F9CD13031E3E0E095F5887A87855026D54A07FC"
"data\packages\arduino\hardware\avr\1.8.8\firmwares\wifishield\wifiHD\src\SOFTWARE_FRAMEWORK\COMPONENTS\WIFI\HD\v2.7.0\UCR2","Directory","",""
"data\packages\arduino\hardware\avr\1.8.8\firmwares\wifishield\wifiHD\src\SOFTWARE_FRAMEWORK\COMPONENTS\WIFI\HD\v2.7.0\UCR2\GCC","Directory","",""
"data\packages\arduino\hardware\avr\1.8.8\firmwares\wifishield\wifiHD\src\SOFTWARE_FRAMEWORK\COMPONENTS\WIFI\HD\v2.7.0\UCR2\GCC\lib_ucr2_hd_sdio_v2.7.0.a","File","11946","11DAE19A0AF18DB5B6AB357268D778B47CFB1F71F95ED7CE53E51A83F23652DE"
"data\packages\arduino\hardware\avr\1.8.8\firmwares\wifishield\wifiHD\src\SOFTWARE_FRAMEWORK\COMPONENTS\WIFI\HD\v2.7.0\UCR2\GCC\lib_ucr2_hd_spi_v2.7.0.a","File","13110","C8DA589F35FDA8D3B27467008695E8F99F8D0D8D8193081997F18E29C55A8842"
"data\packages\arduino\hardware\avr\1.8.8\firmwares\wifishield\wifiHD\src\SOFTWARE_FRAMEWORK\COMPONENTS\WIFI\HD\v2.7.0\UCR2\GCC\lib_ucr2_hd_wl_sta_intwpa_v2.7.0.a","File","1004426","F6102F076E38E9703EBE3FF0055CA8E5853649C167FAB0EB922939D9EAB8A699"
"data\packages\arduino\hardware\avr\1.8.8\firmwares\wifishield\wifiHD\src\SOFTWARE_FRAMEWORK\COMPONENTS\WIFI\HD\wl_api.h","File","61874","9A9EAF82C1EE729FB82ACBD28123F6006AB5BD5433D3B9F76B8B7FC8E9AEBA87"
"data\packages\arduino\hardware\avr\1.8.8\firmwares\wifishield\wifiHD\src\SOFTWARE_FRAMEWORK\COMPONENTS\WIFI\HD\wl_fw.h","File","1021807","CA6B9A07AE3ECD83EAB835A5EAE62574471754CD5A9C747140CBEBAEB93785C1"
"data\packages\arduino\hardware\avr\1.8.8\firmwares\wifishield\wifiHD\src\SOFTWARE_FRAMEWORK\COMPONENTS\WIFI\HD\wl_os.h","File","1333","F43EB7A1681B119E81EDCCC27CB2E5E9000E1E78BD37B4B708D34F76D79673C9"
"data\packages\arduino\hardware\avr\1.8.8\firmwares\wifishield\wifiHD\src\SOFTWARE_FRAMEWORK\COMPONENTS\WIFI\HD\wl_sdio.h","File","5371","A501135363C9E896F96A4E14C9E8FC557CDBF9EC6F847B37E8E92D54712FF093"
"data\packages\arduino\hardware\avr\1.8.8\firmwares\wifishield\wifiHD\src\SOFTWARE_FRAMEWORK\COMPONENTS\WIFI\HD\wl_spi.h","File","6552","B7767FE5C60754992CCE32D5C4E691E2D9CBB2FF18B9CD5DDA4518360CAFEB47"
"data\packages\arduino\hardware\avr\1.8.8\firmwares\wifishield\wifiHD\src\SOFTWARE_FRAMEWORK\COMPONENTS\WIFI\HD\wlap_api.h","File","4720","F57BB3A073215B4BDD9EAA6528A3B8D31FD64776B9FC0C1BF84456C61FA609CE"
"data\packages\arduino\hardware\avr\1.8.8\firmwares\wifishield\wifiHD\src\SOFTWARE_FRAMEWORK\DRIVERS","Directory","",""
"data\packages\arduino\hardware\avr\1.8.8\firmwares\wifishield\wifiHD\src\SOFTWARE_FRAMEWORK\DRIVERS\CPU","Directory","",""
"data\packages\arduino\hardware\avr\1.8.8\firmwares\wifishield\wifiHD\src\SOFTWARE_FRAMEWORK\DRIVERS\CPU\CYCLE_COUNTER","Directory","",""
"data\packages\arduino\hardware\avr\1.8.8\firmwares\wifishield\wifiHD\src\SOFTWARE_FRAMEWORK\DRIVERS\CPU\CYCLE_COUNTER\cycle_counter.h","File","9138","B34454EFB80CF1FA2133298A42C914221FBD3719771753D3639FC669F23E79CE"
"data\packages\arduino\hardware\avr\1.8.8\firmwares\wifishield\wifiHD\src\SOFTWARE_FRAMEWORK\DRIVERS\EBI","Directory","",""
"data\packages\arduino\hardware\avr\1.8.8\firmwares\wifishield\wifiHD\src\SOFTWARE_FRAMEWORK\DRIVERS\EBI\SMC","Directory","",""
"data\packages\arduino\hardware\avr\1.8.8\firmwares\wifishield\wifiHD\src\SOFTWARE_FRAMEWORK\DRIVERS\EBI\SMC\smc.c","File","32084","A8E50F290A9D283F8476B24BA669A88BB8C8C92394124C6BAD5CC315036CAC7C"
"data\packages\arduino\hardware\avr\1.8.8\firmwares\wifishield\wifiHD\src\SOFTWARE_FRAMEWORK\DRIVERS\EBI\SMC\smc.h","File","2868","64D2960446BDA672F5950EE46BD0EC474101AAD2A8243088400A1C47D4F5AEA3"
"data\packages\arduino\hardware\avr\1.8.8\firmwares\wifishield\wifiHD\src\SOFTWARE_FRAMEWORK\DRIVERS\EIC","Directory","",""
"data\packages\arduino\hardware\avr\1.8.8\firmwares\wifishield\wifiHD\src\SOFTWARE_FRAMEWORK\DRIVERS\EIC\eic.c","File","6357","A8C9BAEEA44D1862F18DA751B30E5FCA23853E2AA2DA0A26972FBA5586E7036E"
"data\packages\arduino\hardware\avr\1.8.8\firmwares\wifishield\wifiHD\src\SOFTWARE_FRAMEWORK\DRIVERS\EIC\eic.h","File","9080","95A8032C4AEBC3B188DECB38730DA4F136B8EC274FC6954816291DDF2CD803DD"
"data\packages\arduino\hardware\avr\1.8.8\firmwares\wifishield\wifiHD\src\SOFTWARE_FRAMEWORK\DRIVERS\FLASHC","Directory","",""
"data\packages\arduino\hardware\avr\1.8.8\firmwares\wifishield\wifiHD\src\SOFTWARE_FRAMEWORK\DRIVERS\FLASHC\flashc.c","File","32916","50BC38AF6D09F8D0A857C75C5BC0BC9D1819D77687F1D2B6F2FF33824461DB4C"
"data\packages\arduino\hardware\avr\1.8.8\firmwares\wifishield\wifiHD\src\SOFTWARE_FRAMEWORK\DRIVERS\FLASHC\flashc.h","File","37141","7D2716B4A0F75CC221C1289FC09989D02E7049C36F6BFE190BFEDA3E8D90A5B8"
"data\packages\arduino\hardware\avr\1.8.8\firmwares\wifishield\wifiHD\src\SOFTWARE_FRAMEWORK\DRIVERS\GPIO","Directory","",""
"data\packages\arduino\hardware\avr\1.8.8\firmwares\wifishield\wifiHD\src\SOFTWARE_FRAMEWORK\DRIVERS\GPIO\gpio.c","File","13104","141FB76606D7BFF6D41A6CFDD5D288B610B970CC52B746E0B57674187D5A13D4"
"data\packages\arduino\hardware\avr\1.8.8\firmwares\wifishield\wifiHD\src\SOFTWARE_FRAMEWORK\DRIVERS\GPIO\gpio.h","File","18141","536A7580A97AB04CE978B4EB8515122723512F845AE308546414B4B53FBEE3EF"
"data\packages\arduino\hardware\avr\1.8.8\firmwares\wifishield\wifiHD\src\SOFTWARE_FRAMEWORK\DRIVERS\INTC","Directory","",""
"data\packages\arduino\hardware\avr\1.8.8\firmwares\wifishield\wifiHD\src\SOFTWARE_FRAMEWORK\DRIVERS\INTC\exception.x","File","7078","98E828F694165EB9F40A9786FA478F0F6C87E66C2C58A10F89E785A81A94D389"
"data\packages\arduino\hardware\avr\1.8.8\firmwares\wifishield\wifiHD\src\SOFTWARE_FRAMEWORK\DRIVERS\INTC\intc.c","File","9360","5383FDA844B9BD3F91A6CC03594EE49821F2B2C431012D477095A427F5B5EDB4"
"data\packages\arduino\hardware\avr\1.8.8\firmwares\wifishield\wifiHD\src\SOFTWARE_FRAMEWORK\DRIVERS\INTC\intc.h","File","3886","E0A73809A78B76EA5794D5904A208FAC0EE991DE02244DCD48B9740B63AEF698"
"data\packages\arduino\hardware\avr\1.8.8\firmwares\wifishield\wifiHD\src\SOFTWARE_FRAMEWORK\DRIVERS\PDCA","Directory","",""
"data\packages\arduino\hardware\avr\1.8.8\firmwares\wifishield\wifiHD\src\SOFTWARE_FRAMEWORK\DRIVERS\PDCA\pdca.c","File","9676","A0DD4398BA76F809D0128E803283BE02A1D3F9972C8DCD47E636C4230902ED6E"
"data\packages\arduino\hardware\avr\1.8.8\firmwares\wifishield\wifiHD\src\SOFTWARE_FRAMEWORK\DRIVERS\PDCA\pdca.h","File","8654","E4DD6311D627C52596E15F0C6786F26D83D75070384BE31430B81898011B23CC"
"data\packages\arduino\hardware\avr\1.8.8\firmwares\wifishield\wifiHD\src\SOFTWARE_FRAMEWORK\DRIVERS\PM","Directory","",""
"data\packages\arduino\hardware\avr\1.8.8\firmwares\wifishield\wifiHD\src\SOFTWARE_FRAMEWORK\DRIVERS\PM\pm.c","File","14329","4607167B9AF10CC190E00FE50CF9E84E8BDA7D19A1FF7972A2E06476116A265A"
"data\packages\arduino\hardware\avr\1.8.8\firmwares\wifishield\wifiHD\src\SOFTWARE_FRAMEWORK\DRIVERS\PM\pm.h","File","17849","902CE2583AA76AC18C6FA571FC51C1BA01E8A389B99F2D02BE4953F8484D8E0C"
"data\packages\arduino\hardware\avr\1.8.8\firmwares\wifishield\wifiHD\src\SOFTWARE_FRAMEWORK\DRIVERS\PM\pm_conf_clocks.c","File","7568","BE071F18457D3875BA66597EAA1FD168D7D541A5B542919E52AE7ADA43A37113"
"data\packages\arduino\hardware\avr\1.8.8\firmwares\wifishield\wifiHD\src\SOFTWARE_FRAMEWORK\DRIVERS\PM\power_clocks_lib.c","File","19486","9D78CA8588ACCF026D0E7D6C18FB2D3DA4E9BD3680E4AA03BB069A4692B6748C"
"data\packages\arduino\hardware\avr\1.8.8\firmwares\wifishield\wifiHD\src\SOFTWARE_FRAMEWORK\DRIVERS\PM\power_clocks_lib.h","File","14873","DD1D47FBEF77C1211C9D02C2916943BF60413FA11A2FE8ABE0C286E8AFB65DE8"
"data\packages\arduino\hardware\avr\1.8.8\firmwares\wifishield\wifiHD\src\SOFTWARE_FRAMEWORK\DRIVERS\RTC","Directory","",""
"data\packages\arduino\hardware\avr\1.8.8\firmwares\wifishield\wifiHD\src\SOFTWARE_FRAMEWORK\DRIVERS\RTC\rtc.c","File","6148","E7271E943397B6A0708056FDF7AC11975C3794917D0704D3605FC0BA4DED33D3"
"data\packages\arduino\hardware\avr\1.8.8\firmwares\wifishield\wifiHD\src\SOFTWARE_FRAMEWORK\DRIVERS\RTC\rtc.h","File","6724","09F0FCDB1A27D2EED350E2CC79665ED796F0C50B29664CD10518692782A104DA"
"data\packages\arduino\hardware\avr\1.8.8\firmwares\wifishield\wifiHD\src\SOFTWARE_FRAMEWORK\DRIVERS\SPI","Directory","",""
"data\packages\arduino\hardware\avr\1.8.8\firmwares\wifishield\wifiHD\src\SOFTWARE_FRAMEWORK\DRIVERS\SPI\spi.c","File","10687","CFE267C7F7DB2C768302213F3212C515F13B26B87561DEC2FCAC641470AE2185"
"data\packages\arduino\hardware\avr\1.8.8\firmwares\wifishield\wifiHD\src\SOFTWARE_FRAMEWORK\DRIVERS\SPI\spi.h","File","12139","0689E63A1CD2B0691F35E8A16DED8C154D3535333394551A23A6C4C1E246F4E5"
"data\packages\arduino\hardware\avr\1.8.8\firmwares\wifishield\wifiHD\src\SOFTWARE_FRAMEWORK\DRIVERS\TC","Directory","",""
"data\packages\arduino\hardware\avr\1.8.8\firmwares\wifishield\wifiHD\src\SOFTWARE_FRAMEWORK\DRIVERS\TC\tc.c","File","10989","ECD53593B53773512CC5F20A51A8F3CC32789E0F2280B2477E488C2C4D148316"
"data\packages\arduino\hardware\avr\1.8.8\firmwares\wifishield\wifiHD\src\SOFTWARE_FRAMEWORK\DRIVERS\TC\tc.h","File","20067","9166018EBEFCB6D778EF9B79A11A6BC3758D656FC6167FD9AC3D2FC890A81C7A"
"data\packages\arduino\hardware\avr\1.8.8\firmwares\wifishield\wifiHD\src\SOFTWARE_FRAMEWORK\DRIVERS\USART","Directory","",""
"data\packages\arduino\hardware\avr\1.8.8\firmwares\wifishield\wifiHD\src\SOFTWARE_FRAMEWORK\DRIVERS\USART\usart.c","File","28436","057F70D7C8C5FA00EC8C6FC1D3119659689B08B19776EE00E5D5BD85524CCE35"
"data\packages\arduino\hardware\avr\1.8.8\firmwares\wifishield\wifiHD\src\SOFTWARE_FRAMEWORK\DRIVERS\USART\usart.h","File","31748","11E63C1C497486E7EA0109567E8A043BCECEDCF609584ACB49E4C18CABFD51FD"
"data\packages\arduino\hardware\avr\1.8.8\firmwares\wifishield\wifiHD\src\SOFTWARE_FRAMEWORK\SERVICES","Directory","",""
"data\packages\arduino\hardware\avr\1.8.8\firmwares\wifishield\wifiHD\src\SOFTWARE_FRAMEWORK\SERVICES\DELAY","Directory","",""
"data\packages\arduino\hardware\avr\1.8.8\firmwares\wifishield\wifiHD\src\SOFTWARE_FRAMEWORK\SERVICES\DELAY\delay.c","File","3066","B552183D6E9EBF41BEB0FED2409C053F6FFDA63F4435CCD783DE554EA9DABF8C"
"data\packages\arduino\hardware\avr\1.8.8\firmwares\wifishield\wifiHD\src\SOFTWARE_FRAMEWORK\SERVICES\DELAY\delay.h","File","2946","87CF4B072BDD791318403C9E8E69BF6639F49C9517051C7997B93592250363D6"
"data\packages\arduino\hardware\avr\1.8.8\firmwares\wifishield\wifiHD\src\SOFTWARE_FRAMEWORK\SERVICES\LWIP","Directory","",""
"data\packages\arduino\hardware\avr\1.8.8\firmwares\wifishield\wifiHD\src\SOFTWARE_FRAMEWORK\SERVICES\LWIP\lwip-1.3.2","Directory","",""
"data\packages\arduino\hardware\avr\1.8.8\firmwares\wifishield\wifiHD\src\SOFTWARE_FRAMEWORK\SERVICES\LWIP\lwip-1.3.2\src","Directory","",""
"data\packages\arduino\hardware\avr\1.8.8\firmwares\wifishield\wifiHD\src\SOFTWARE_FRAMEWORK\SERVICES\LWIP\lwip-1.3.2\src\core","Directory","",""
"data\packages\arduino\hardware\avr\1.8.8\firmwares\wifishield\wifiHD\src\SOFTWARE_FRAMEWORK\SERVICES\LWIP\lwip-1.3.2\src\core\dhcp.c","File","62493","DB83C893D6E2A5F7A45A3741BCC1871A5F96EE1E931085D065A757DF482A6B4E"
"data\packages\arduino\hardware\avr\1.8.8\firmwares\wifishield\wifiHD\src\SOFTWARE_FRAMEWORK\SERVICES\LWIP\lwip-1.3.2\src\core\dns.c","File","30591","B4E082BAD8DD5A767FAA1F418848BE7D2CF20BAC0E069DD58F8367F277E7AC4A"
"data\packages\arduino\hardware\avr\1.8.8\firmwares\wifishield\wifiHD\src\SOFTWARE_FRAMEWORK\SERVICES\LWIP\lwip-1.3.2\src\core\init.c","File","11413","F6B47EFA2A0396036DAC0087CF8BEDCD0FE3B93C7D1F16F02E415D8C0A757E7C"
"data\packages\arduino\hardware\avr\1.8.8\firmwares\wifishield\wifiHD\src\SOFTWARE_FRAMEWORK\SERVICES\LWIP\lwip-1.3.2\src\core\ipv4","Directory","",""
"data\packages\arduino\hardware\avr\1.8.8\firmwares\wifishield\wifiHD\src\SOFTWARE_FRAMEWORK\SERVICES\LWIP\lwip-1.3.2\src\core\ipv4\autoip.c","File","16386","29AD05C138A91C79F1EE5DB8CCDCB5177B3EC4BF31346FA03207F8177CC3B337"
"data\packages\arduino\hardware\avr\1.8.8\firmwares\wifishield\wifiHD\src\SOFTWARE_FRAMEWORK\SERVICES\LWIP\lwip-1.3.2\src\core\ipv4\icmp.c","File","11164","C14E9F3126DA59678C759F335A782B383F66CBDED81E020ECC56E324B40C72C9"
"data\packages\arduino\hardware\avr\1.8.8\firmwares\wifishield\wifiHD\src\SOFTWARE_FRAMEWORK\SERVICES\LWIP\lwip-1.3.2\src\core\ipv4\igmp.c","File","25535","95D844FB0CDE19C31C768CB31C9D17099F64E9C7EB55477BDBE652A56EFD8362"
"data\packages\arduino\hardware\avr\1.8.8\firmwares\wifishield\wifiHD\src\SOFTWARE_FRAMEWORK\SERVICES\LWIP\lwip-1.3.2\src\core\ipv4\inet.c","File","7272","650796A3D420AD6F6D974F57449C0D70447753A9C6B96FDBF87CC7B1B50FA0A8"
"data\packages\arduino\hardware\avr\1.8.8\firmwares\wifishield\wifiHD\src\SOFTWARE_FRAMEWORK\SERVICES\LWIP\lwip-1.3.2\src\core\ipv4\inet_chksum.c","File","12935","F0A4312C7C9300AA69DEC0C28D0E172A19F948F7908179BBB93840CFE9498172"
"data\packages\arduino\hardware\avr\1.8.8\firmwares\wifishield\wifiHD\src\SOFTWARE_FRAMEWORK\SERVICES\LWIP\lwip-1.3.2\src\core\ipv4\ip.c","File","25067","9508FA88DB429BAA184F7DB1DB13D98020ABDA0C166DEFC35A95BC4ED2B6A036"
"data\packages\arduino\hardware\avr\1.8.8\firmwares\wifishield\wifiHD\src\SOFTWARE_FRAMEWORK\SERVICES\LWIP\lwip-1.3.2\src\core\ipv4\ip_addr.c","File","3412","331FAB16734A333DDB2D2C5C08F937325F2CC7D9DF656ECA94AF0D03799F247A"
"data\packages\arduino\hardware\avr\1.8.8\firmwares\wifishield\wifiHD\src\SOFTWARE_FRAMEWORK\SERVICES\LWIP\lwip-1.3.2\src\core\ipv4\ip_frag.c","File","26583","8837331680E6282F38917277CDBFBCB879622145CF56F5D11A467190496A739C"
"data\packages\arduino\hardware\avr\1.8.8\firmwares\wifishield\wifiHD\src\SOFTWARE_FRAMEWORK\SERVICES\LWIP\lwip-1.3.2\src\core\mem.c","File","22098","18A19F444008A9CA6C976D6CB32D27D8405AC082E3E4E5E74AA38CE544238D0A"
"data\packages\arduino\hardware\avr\1.8.8\firmwares\wifishield\wifiHD\src\SOFTWARE_FRAMEWORK\SERVICES\LWIP\lwip-1.3.2\src\core\memp.c","File","11088","2B202C05779953061F1975B0374B3E68FD60F2C43AA89AB37A6FECE74BCA334C"
"data\packages\arduino\hardware\avr\1.8.8\firmwares\wifishield\wifiHD\src\SOFTWARE_FRAMEWORK\SERVICES\LWIP\lwip-1.3.2\src\core\netif.c","File","19479","016587CA8FD6C046F9B3E8DD12B69DB12994E92EDB4BC0C0816050AD3A4EC0AC"
"data\packages\arduino\hardware\avr\1.8.8\firmwares\wifishield\wifiHD\src\SOFTWARE_FRAMEWORK\SERVICES\LWIP\lwip-1.3.2\src\core\pbuf.c","File","31301","882CCB734901C0AE63D7FBA9E17620DE7363562BECA216076C15A0AF9A31AEDA"
"data\packages\arduino\hardware\avr\1.8.8\firmwares\wifishield\wifiHD\src\SOFTWARE_FRAMEWORK\SERVICES\LWIP\lwip-1.3.2\src\core\raw.c","File","10769","DF154B17B8DB067683D4B40341F4E533CB9AD6824EFD366001CAAB06DB842436"
"data\packages\arduino\hardware\avr\1.8.8\firmwares\wifishield\wifiHD\src\SOFTWARE_FRAMEWORK\SERVICES\LWIP\lwip-1.3.2\src\core\stats.c","File","5462","F46BB65F608D30232BD19451B497D2D9C43BCF4618805EB10DEC531EEF8F536E"
"data\packages\arduino\hardware\avr\1.8.8\firmwares\wifishield\wifiHD\src\SOFTWARE_FRAMEWORK\SERVICES\LWIP\lwip-1.3.2\src\core\tcp.c","File","43792","788ED64C3538056E853662D8EA06DE39D559C24D52535FF65C3076D428180770"
"data\packages\arduino\hardware\avr\1.8.8\firmwares\wifishield\wifiHD\src\SOFTWARE_FRAMEWORK\SERVICES\LWIP\lwip-1.3.2\src\core\tcp_in.c","File","55337","B62F9EC23DBD0D586180CBBAE958611071B19FB96669478047EB27DB28AD06D1"
"data\packages\arduino\hardware\avr\1.8.8\firmwares\wifishield\wifiHD\src\SOFTWARE_FRAMEWORK\SERVICES\LWIP\lwip-1.3.2\src\core\tcp_out.c","File","35842","4455DDF25239749397955CCED24DB1956E9254B51174060D43C3AB3F5E69C0F7"
"data\packages\arduino\hardware\avr\1.8.8\firmwares\wifishield\wifiHD\src\SOFTWARE_FRAMEWORK\SERVICES\LWIP\lwip-1.3.2\src\core\udp.c","File","28740","CA9C6821126A5A4197098B25C488C493ADDE15B426E39B4A8D99451692E98D35"
"data\packages\arduino\hardware\avr\1.8.8\firmwares\wifishield\wifiHD\src\SOFTWARE_FRAMEWORK\SERVICES\LWIP\lwip-1.3.2\src\include","Directory","",""
"data\packages\arduino\hardware\avr\1.8.8\firmwares\wifishield\wifiHD\src\SOFTWARE_FRAMEWORK\SERVICES\LWIP\lwip-1.3.2\src\include\ipv4","Directory","",""
"data\packages\arduino\hardware\avr\1.8.8\firmwares\wifishield\wifiHD\src\SOFTWARE_FRAMEWORK\SERVICES\LWIP\lwip-1.3.2\src\include\ipv4\lwip","Directory","",""
"data\packages\arduino\hardware\avr\1.8.8\firmwares\wifishield\wifiHD\src\SOFTWARE_FRAMEWORK\SERVICES\LWIP\lwip-1.3.2\src\include\ipv4\lwip\autoip.h","File","4556","2A8E383DDCB5252F6CA9DAFAB3AAAB8CDCF4C2FDE6D345264C887F169C8A543D"
"data\packages\arduino\hardware\avr\1.8.8\firmwares\wifishield\wifiHD\src\SOFTWARE_FRAMEWORK\SERVICES\LWIP\lwip-1.3.2\src\include\ipv4\lwip\icmp.h","File","3968","BDB043D12D96255063E31F02E4115CB933C3FD1F265F473BA26E8C9501E3DBD3"
"data\packages\arduino\hardware\avr\1.8.8\firmwares\wifishield\wifiHD\src\SOFTWARE_FRAMEWORK\SERVICES\LWIP\lwip-1.3.2\src\include\ipv4\lwip\igmp.h","File","5541","BFA40FA3FA07CD38CF07F3D9F74245827347AD86EDCA3D3F96EC8C6D4BD9D49C"
"data\packages\arduino\hardware\avr\1.8.8\firmwares\wifishield\wifiHD\src\SOFTWARE_FRAMEWORK\SERVICES\LWIP\lwip-1.3.2\src\include\ipv4\lwip\inet.h","File","3415","785FCCB56006B9297E8D2CE4E3382C56FEB38834AA2F35B915C87DAF7AB4A472"
"data\packages\arduino\hardware\avr\1.8.8\firmwares\wifishield\wifiHD\src\SOFTWARE_FRAMEWORK\SERVICES\LWIP\lwip-1.3.2\src\include\ipv4\lwip\inet_chksum.h","File","2320","15437B810841974C10C042529D4AC1005AF97D1DA660B5A79868B60DD9833124"
"data\packages\arduino\hardware\avr\1.8.8\firmwares\wifishield\wifiHD\src\SOFTWARE_FRAMEWORK\SERVICES\LWIP\lwip-1.3.2\src\include\ipv4\lwip\ip.h","File","7685","1AED5111865830B98A6F37A138ACCEA6527FBF045EB7DD6F723115B4F350286E"
"data\packages\arduino\hardware\avr\1.8.8\firmwares\wifishield\wifiHD\src\SOFTWARE_FRAMEWORK\SERVICES\LWIP\lwip-1.3.2\src\include\ipv4\lwip\ip_addr.h","File","6794","754DD39DC982047A8B3594E2B2B00F8E32F5B6FB5CF3C65C76D82C7319427D92"
"data\packages\arduino\hardware\avr\1.8.8\firmwares\wifishield\wifiHD\src\SOFTWARE_FRAMEWORK\SERVICES\LWIP\lwip-1.3.2\src\include\ipv4\lwip\ip_frag.h","File","2557","52CE397510E81B712CE2DC71B3EAB95861B58CFBD6E3A442A6AD668824694045"
"data\packages\arduino\hardware\avr\1.8.8\firmwares\wifishield\wifiHD\src\SOFTWARE_FRAMEWORK\SERVICES\LWIP\lwip-1.3.2\src\include\lwip","Directory","",""
"data\packages\arduino\hardware\avr\1.8.8\firmwares\wifishield\wifiHD\src\SOFTWARE_FRAMEWORK\SERVICES\LWIP\lwip-1.3.2\src\include\lwip\api.h","File","8099","DB51CDD93FF46C2BCE16CC9FACFAC248DA1A968D6ADF12063407A6D1C45EDDB1"
"data\packages\arduino\hardware\avr\1.8.8\firmwares\wifishield\wifiHD\src\SOFTWARE_FRAMEWORK\SERVICES\LWIP\lwip-1.3.2\src\include\lwip\api_msg.h","File","5528","82A5E57CF444B6D0515304A62F3DCFB4F5F5EA065E3E6E2809B983639A44D6B8"
"data\packages\arduino\hardware\avr\1.8.8\firmwares\wifishield\wifiHD\src\SOFTWARE_FRAMEWORK\SERVICES\LWIP\lwip-1.3.2\src\include\lwip\arch.h","File","10239","D77EB0832E6FE1D9936C6FC485B47FDF89947C94C320704F66FF06981DF1A481"
"data\packages\arduino\hardware\avr\1.8.8\firmwares\wifishield\wifiHD\src\SOFTWARE_FRAMEWORK\SERVICES\LWIP\lwip-1.3.2\src\include\lwip\debug.h","File","4230","E48DD16E67AB8B66708C9BCDF53347699FD0FE1C6AF42ED6E96D2CC1FE9DC90E"
"data\packages\arduino\hardware\avr\1.8.8\firmwares\wifishield\wifiHD\src\SOFTWARE_FRAMEWORK\SERVICES\LWIP\lwip-1.3.2\src\include\lwip\def.h","File","1980","A44D95CC39F5BAFCA53D5DF96B43EFE98565DF30ECE80FEBE995C23433E7E76F"
"data\packages\arduino\hardware\avr\1.8.8\firmwares\wifishield\wifiHD\src\SOFTWARE_FRAMEWORK\SERVICES\LWIP\lwip-1.3.2\src\include\lwip\dhcp.h","File","7909","1039DC2C6CFD6C91EBF8A0842E02A28BA8E3E14CC2D29E6BEC4139F957D97ED8"
"data\packages\arduino\hardware\avr\1.8.8\firmwares\wifishield\wifiHD\src\SOFTWARE_FRAMEWORK\SERVICES\LWIP\lwip-1.3.2\src\include\lwip\dns.h","File","4749","7DE97B6C74F8C8218CB50B8D1FB28E75D13ACC4C840F21B28D8D055CB57A0D22"
"data\packages\arduino\hardware\avr\1.8.8\firmwares\wifishield\wifiHD\src\SOFTWARE_FRAMEWORK\SERVICES\LWIP\lwip-1.3.2\src\include\lwip\err.h","File","3211","E4293581DDF938C7FCF8874198E270FF7433672BD3F96E5112C058918EF514DF"
"data\packages\arduino\hardware\avr\1.8.8\firmwares\wifishield\wifiHD\src\SOFTWARE_FRAMEWORK\SERVICES\LWIP\lwip-1.3.2\src\include\lwip\init.h","File","3046","A44B804F510545ED40D7373451E6CB746F73C303276C13812F3ABE0F2716DD23"
"data\packages\arduino\hardware\avr\1.8.8\firmwares\wifishield\wifiHD\src\SOFTWARE_FRAMEWORK\SERVICES\LWIP\lwip-1.3.2\src\include\lwip\mem.h","File","3472","60DF84101E6354C997EA9E386E76C88EABF2A1414F4342D36029EB38750B9831"
"data\packages\arduino\hardware\avr\1.8.8\firmwares\wifishield\wifiHD\src\SOFTWARE_FRAMEWORK\SERVICES\LWIP\lwip-1.3.2\src\include\lwip\memp.h","File","4028","6BBB161415D5F37700B116D08AA280FE491C89FCA6AC6FE8D923E1E2FC9F26B1"
"data\packages\arduino\hardware\avr\1.8.8\firmwares\wifishield\wifiHD\src\SOFTWARE_FRAMEWORK\SERVICES\LWIP\lwip-1.3.2\src\include\lwip\memp_std.h","File","4137","D0144833C76350DA71840923D20BE05818706A8694D4697FCBB335168B04D1EF"
"data\packages\arduino\hardware\avr\1.8.8\firmwares\wifishield\wifiHD\src\SOFTWARE_FRAMEWORK\SERVICES\LWIP\lwip-1.3.2\src\include\lwip\netbuf.h","File","3402","FB6EE36DAEE60BFD9D4A1E5DF6FDE26075274987BA4082C1CA3C11135C3D9A8E"
"data\packages\arduino\hardware\avr\1.8.8\firmwares\wifishield\wifiHD\src\SOFTWARE_FRAMEWORK\SERVICES\LWIP\lwip-1.3.2\src\include\lwip\netdb.h","File","4565","361A7667D084F7F48653DDBC3823A31182CA8B4FAA0E9726D964B57330A83E1D"
"data\packages\arduino\hardware\avr\1.8.8\firmwares\wifishield\wifiHD\src\SOFTWARE_FRAMEWORK\SERVICES\LWIP\lwip-1.3.2\src\include\lwip\netif.h","File","9278","A96C347ACE36CFABCAB9E3D3A4D781629268B434980CA9A1E7F777C1946AAEF7"
"data\packages\arduino\hardware\avr\1.8.8\firmwares\wifishield\wifiHD\src\SOFTWARE_FRAMEWORK\SERVICES\LWIP\lwip-1.3.2\src\include\lwip\netifapi.h","File","4125","4A947381533498630A76AC223D08464B9450B0E7BDBC13F5C3F5B7EEFD59A481"
"data\packages\arduino\hardware\avr\1.8.8\firmwares\wifishield\wifiHD\src\SOFTWARE_FRAMEWORK\SERVICES\LWIP\lwip-1.3.2\src\include\lwip\opt.h","File","48834","2F10EB1926A6F8E8AD99D536AB588640570DD09E7997639051DA2743A24DFAD6"
"data\packages\arduino\hardware\avr\1.8.8\firmwares\wifishield\wifiHD\src\SOFTWARE_FRAMEWORK\SERVICES\LWIP\lwip-1.3.2\src\include\lwip\pbuf.h","File","3986","570D647D0ACDDE6AA4DF86ACEE2CEF86ED9B52210FFFDD372996DD0B88406425"
"data\packages\arduino\hardware\avr\1.8.8\firmwares\wifishield\wifiHD\src\SOFTWARE_FRAMEWORK\SERVICES\LWIP\lwip-1.3.2\src\include\lwip\raw.h","File","3802","C162AD7F697D3512C0B9F95BCC76095392AC1DF7C56DFDEC26234CF3B2CD901B"
"data\packages\arduino\hardware\avr\1.8.8\firmwares\wifishield\wifiHD\src\SOFTWARE_FRAMEWORK\SERVICES\LWIP\lwip-1.3.2\src\include\lwip\sio.h","File","4317","9C8B168DF00577913240A257AA7F5E4D92942CA279ED9D3A1B9D8609552E629D"
"data\packages\arduino\hardware\avr\1.8.8\firmwares\wifishield\wifiHD\src\SOFTWARE_FRAMEWORK\SERVICES\LWIP\lwip-1.3.2\src\include\lwip\snmp.h","File","12509","F7FF9A78F28403174C27426146D368BE71C3CCD6A7FD1BE470681CA3F84209FF"
"data\packages\arduino\hardware\avr\1.8.8\firmwares\wifishield\wifiHD\src\SOFTWARE_FRAMEWORK\SERVICES\LWIP\lwip-1.3.2\src\include\lwip\snmp_asn1.h","File","4057","04F7185069573422B768F822E26BCB54D33DE0E3F8ED8E5FD2A8B3C6B2F08396"
"data\packages\arduino\hardware\avr\1.8.8\firmwares\wifishield\wifiHD\src\SOFTWARE_FRAMEWORK\SERVICES\LWIP\lwip-1.3.2\src\include\lwip\snmp_msg.h","File","9418","26E359E9489FA152D3C5037EF491D0F50CDEFFF77F98CAAE68E1E95451876A8C"
"data\packages\arduino\hardware\avr\1.8.8\firmwares\wifishield\wifiHD\src\SOFTWARE_FRAMEWORK\SERVICES\LWIP\lwip-1.3.2\src\include\lwip\snmp_structs.h","File","9691","51B39A75CD9739492E9C6A2645A9721C2C1961897BD7E6721ACF946168F7D230"
"data\packages\arduino\hardware\avr\1.8.8\firmwares\wifishield\wifiHD\src\SOFTWARE_FRAMEWORK\SERVICES\LWIP\lwip-1.3.2\src\include\lwip\sockets.h","File","13956","EC8CB9666142D15BF17FE72F9ABF2DA47426E6E2A61C0E3A6C8744BF217F9D01"
"data\packages\arduino\hardware\avr\1.8.8\firmwares\wifishield\wifiHD\src\SOFTWARE_FRAMEWORK\SERVICES\LWIP\lwip-1.3.2\src\include\lwip\stats.h","File","8255","2F463FE42520D8C839A9B86B832284EDD9130FDAD05DA8D88ACB359EDD5024ED"
"data\packages\arduino\hardware\avr\1.8.8\firmwares\wifishield\wifiHD\src\SOFTWARE_FRAMEWORK\SERVICES\LWIP\lwip-1.3.2\src\include\lwip\sys.h","File","8625","07A0EA54CABA124993BCCC8B996237934680D3BFD21B6DF42BB0E5E4B3EEE5B3"
"data\packages\arduino\hardware\avr\1.8.8\firmwares\wifishield\wifiHD\src\SOFTWARE_FRAMEWORK\SERVICES\LWIP\lwip-1.3.2\src\include\lwip\tcp.h","File","28059","F819C24FBEDC4606212924C4AF6121CECC02A5E776DCE756311F3B6E0052EDFF"
"data\packages\arduino\hardware\avr\1.8.8\firmwares\wifishield\wifiHD\src\SOFTWARE_FRAMEWORK\SERVICES\LWIP\lwip-1.3.2\src\include\lwip\tcpip.h","File","4506","8DBD01DA8017FD1DD53BFF776D6A8677CB2F3970DF06CEE3C5023097DF4763C7"
"data\packages\arduino\hardware\avr\1.8.8\firmwares\wifishield\wifiHD\src\SOFTWARE_FRAMEWORK\SERVICES\LWIP\lwip-1.3.2\src\include\lwip\udp.h","File","5357","329A3F00B71F95A47F77ABF0C1A555CF93F0FC8A1DA16216F9585938FF22A7FF"
"data\packages\arduino\hardware\avr\1.8.8\firmwares\wifishield\wifiHD\src\SOFTWARE_FRAMEWORK\SERVICES\LWIP\lwip-1.3.2\src\include\netif","Directory","",""
"data\packages\arduino\hardware\avr\1.8.8\firmwares\wifishield\wifiHD\src\SOFTWARE_FRAMEWORK\SERVICES\LWIP\lwip-1.3.2\src\include\netif\etharp.h","File","6284","B1779D7DD079F97E5DA3AF800FC1186B135DC85639EB74127030AB9A5D1523D9"
"data\packages\arduino\hardware\avr\1.8.8\firmwares\wifishield\wifiHD\src\SOFTWARE_FRAMEWORK\SERVICES\LWIP\lwip-1.3.2\src\include\netif\loopif.h","File","2080","BBE5AD086310A9CD9B7745286F60A4937C3393EABD6038F2376E21A2790592CD"
"data\packages\arduino\hardware\avr\1.8.8\firmwares\wifishield\wifiHD\src\SOFTWARE_FRAMEWORK\SERVICES\LWIP\lwip-1.3.2\src\include\netif\ppp_oe.h","File","6296","C00D87E4D2B7F60440B3D70E1FCB7BD6097F2B4EE35AA900E43F950B06C2CA15"
"data\packages\arduino\hardware\avr\1.8.8\firmwares\wifishield\wifiHD\src\SOFTWARE_FRAMEWORK\SERVICES\LWIP\lwip-1.3.2\src\include\netif\slipif.h","File","2029","47030935D32AEC5DAC93841128B41729B859C5399C5692312343AC2C7F126286"
"data\packages\arduino\hardware\avr\1.8.8\firmwares\wifishield\wifiHD\src\SOFTWARE_FRAMEWORK\SERVICES\LWIP\lwip-1.3.2\src\netif","Directory","",""
"data\packages\arduino\hardware\avr\1.8.8\firmwares\wifishield\wifiHD\src\SOFTWARE_FRAMEWORK\SERVICES\LWIP\lwip-1.3.2\src\netif\etharp.c","File","45109","5DFE73C5EEB98512BFCFED916AE1F7B682DE0FB77878A6B3F8E0DE6238CC43E4"
"data\packages\arduino\hardware\avr\1.8.8\firmwares\wifishield\wifiHD\src\SOFTWARE_FRAMEWORK\SERVICES\LWIP\lwip-1.3.2\src\netif\loopif.c","File","2440","3B6663FBFA1DDB673B35BD6C93E75F18A0C3749A4A772D81D2960C56E742A56C"
"data\packages\arduino\hardware\avr\1.8.8\firmwares\wifishield\wifiHD\src\SOFTWARE_FRAMEWORK\SERVICES\LWIP\lwip-port-1.3.2","Directory","",""
"data\packages\arduino\hardware\avr\1.8.8\firmwares\wifishield\wifiHD\src\SOFTWARE_FRAMEWORK\SERVICES\LWIP\lwip-port-1.3.2\HD","Directory","",""
"data\packages\arduino\hardware\avr\1.8.8\firmwares\wifishield\wifiHD\src\SOFTWARE_FRAMEWORK\SERVICES\LWIP\lwip-port-1.3.2\HD\if","Directory","",""
"data\packages\arduino\hardware\avr\1.8.8\firmwares\wifishield\wifiHD\src\SOFTWARE_FRAMEWORK\SERVICES\LWIP\lwip-port-1.3.2\HD\if\include","Directory","",""
"data\packages\arduino\hardware\avr\1.8.8\firmwares\wifishield\wifiHD\src\SOFTWARE_FRAMEWORK\SERVICES\LWIP\lwip-port-1.3.2\HD\if\include\arch","Directory","",""
"data\packages\arduino\hardware\avr\1.8.8\firmwares\wifishield\wifiHD\src\SOFTWARE_FRAMEWORK\SERVICES\LWIP\lwip-port-1.3.2\HD\if\include\arch\cc.h","File","2991","DD78A81330A498AA23AAE88E198E6D122F272D6BD731C3A110C9CB641E0502DC"
"data\packages\arduino\hardware\avr\1.8.8\firmwares\wifishield\wifiHD\src\SOFTWARE_FRAMEWORK\SERVICES\LWIP\lwip-port-1.3.2\HD\if\include\arch\perf.h","File","135","675CB5F45747A4625460E08FB4CA972486E27CF62C283430AF0D1DCE3A13271E"
"data\packages\arduino\hardware\avr\1.8.8\firmwares\wifishield\wifiHD\src\SOFTWARE_FRAMEWORK\SERVICES\LWIP\lwip-port-1.3.2\HD\if\include\lwipopts.h","File","12009","9B69154CF59916C4295D728411610B554112C85C4AC8CA98E72CDBBC4C06CC69"
"data\packages\arduino\hardware\avr\1.8.8\firmwares\wifishield\wifiHD\src\SOFTWARE_FRAMEWORK\SERVICES\LWIP\lwip-port-1.3.2\HD\if\include\netif","Directory","",""
"data\packages\arduino\hardware\avr\1.8.8\firmwares\wifishield\wifiHD\src\SOFTWARE_FRAMEWORK\SERVICES\LWIP\lwip-port-1.3.2\HD\if\include\netif\wlif.h","File","189","0B01158B60C6CF4FBA1FAE44E49C5F9FE005BB6BB7C323CA2CAA9305360EF298"
"data\packages\arduino\hardware\avr\1.8.8\firmwares\wifishield\wifiHD\src\SOFTWARE_FRAMEWORK\SERVICES\LWIP\lwip-port-1.3.2\HD\if\netif","Directory","",""
"data\packages\arduino\hardware\avr\1.8.8\firmwares\wifishield\wifiHD\src\SOFTWARE_FRAMEWORK\SERVICES\LWIP\lwip-port-1.3.2\HD\if\netif\wlif.c","File","11645","A71A14165486E3895DB6E38B9F00B27E3A7C7E243FE95F7D070111E0A7782FB2"
"data\packages\arduino\hardware\avr\1.8.8\firmwares\wifishield\wifiHD\src\SOFTWARE_FRAMEWORK\SERVICES\LWIP\lwip-port-1.3.2\HD\readme.txt","File","92","DA645CB7A744ABCDB4FCF3FAE3231CC6E3B08689FAFD34491EB01E3BD35F3A8A"
"data\packages\arduino\hardware\avr\1.8.8\firmwares\wifishield\wifiHD\src\SOFTWARE_FRAMEWORK\SERVICES\MEMORY","Directory","",""
"data\packages\arduino\hardware\avr\1.8.8\firmwares\wifishield\wifiHD\src\SOFTWARE_FRAMEWORK\SERVICES\MEMORY\CTRL_ACCESS","Directory","",""
"data\packages\arduino\hardware\avr\1.8.8\firmwares\wifishield\wifiHD\src\SOFTWARE_FRAMEWORK\SERVICES\MEMORY\CTRL_ACCESS\ctrl_access.c","File","12102","5A1B3356459453ACC49AF3B025FD4DFBAAB98E020E9E6B4F94C616E4FB19F737"
"data\packages\arduino\hardware\avr\1.8.8\firmwares\wifishield\wifiHD\src\SOFTWARE_FRAMEWORK\SERVICES\MEMORY\CTRL_ACCESS\ctrl_access.h","File","9850","A1EAC7D2961D0BAC0B10C8509DBC08E805A8DE69A577D417031C5FB5068920E8"
"data\packages\arduino\hardware\avr\1.8.8\firmwares\wifishield\wifiHD\src\SOFTWARE_FRAMEWORK\UTILS","Directory","",""
"data\packages\arduino\hardware\avr\1.8.8\firmwares\wifishield\wifiHD\src\SOFTWARE_FRAMEWORK\UTILS\compiler.h","File","38802","52F1A84F22C88682C4ED3E42C17164125ED188511D808E7B906CC3F765F11F77"
"data\packages\arduino\hardware\avr\1.8.8\firmwares\wifishield\wifiHD\src\SOFTWARE_FRAMEWORK\UTILS\conf_isp.h","File","5331","755F9006C8DD9171EC0EA6838AAE91A2C8D8EF9A060F9D3009C95F1D7C0F813F"
"data\packages\arduino\hardware\avr\1.8.8\firmwares\wifishield\wifiHD\src\SOFTWARE_FRAMEWORK\UTILS\DEBUG","Directory","",""
"data\packages\arduino\hardware\avr\1.8.8\firmwares\wifishield\wifiHD\src\SOFTWARE_FRAMEWORK\UTILS\DEBUG\debug.c","File","3739","512226B29295D40570FF70DBD0BC8FB96B99AC5050338173BE0A02279B04B02D"
"data\packages\arduino\hardware\avr\1.8.8\firmwares\wifishield\wifiHD\src\SOFTWARE_FRAMEWORK\UTILS\DEBUG\debug.h","File","4166","18184ADE8BF62464EDC5920D42C81CBA2F55A259D4886B868E731DF623079179"
"data\packages\arduino\hardware\avr\1.8.8\firmwares\wifishield\wifiHD\src\SOFTWARE_FRAMEWORK\UTILS\DEBUG\print_funcs.c","File","5618","945FDE1BF7BD6170094B2B66D5BFB2AB1E4ABC8AE83494A48C05A81693775A56"
"data\packages\arduino\hardware\avr\1.8.8\firmwares\wifishield\wifiHD\src\SOFTWARE_FRAMEWORK\UTILS\DEBUG\print_funcs.h","File","12025","2988548BECC8A27E3E530259339950CA5557F6D7447DF23ED9768802FCBA81AC"
"data\packages\arduino\hardware\avr\1.8.8\firmwares\wifishield\wifiHD\src\SOFTWARE_FRAMEWORK\UTILS\LIBS","Directory","",""
"data\packages\arduino\hardware\avr\1.8.8\firmwares\wifishield\wifiHD\src\SOFTWARE_FRAMEWORK\UTILS\LIBS\NEWLIB_ADDONS","Directory","",""
"data\packages\arduino\hardware\avr\1.8.8\firmwares\wifishield\wifiHD\src\SOFTWARE_FRAMEWORK\UTILS\LIBS\NEWLIB_ADDONS\INCLUDE","Directory","",""
"data\packages\arduino\hardware\avr\1.8.8\firmwares\wifishield\wifiHD\src\SOFTWARE_FRAMEWORK\UTILS\LIBS\NEWLIB_ADDONS\INCLUDE\nlao_cpu.h","File","2486","C8211361663DA2B8F7A75AE7DE36140FF6234AC6A156E89F6C5EA6B5884CCE7C"
"data\packages\arduino\hardware\avr\1.8.8\firmwares\wifishield\wifiHD\src\SOFTWARE_FRAMEWORK\UTILS\LIBS\NEWLIB_ADDONS\INCLUDE\nlao_exceptions.h","File","4461","8F23F9733F11AA035C70A50F52C0C0BD20AB73B50CFACB48DC8CAFD21C06092E"
"data\packages\arduino\hardware\avr\1.8.8\firmwares\wifishield\wifiHD\src\SOFTWARE_FRAMEWORK\UTILS\LIBS\NEWLIB_ADDONS\INCLUDE\nlao_interrupts.h","File","3133","8239D1CA1A6CAFBCA5AEBED7C5B2242095D77CECAAF5B03F5CD928B52357E7BF"
"data\packages\arduino\hardware\avr\1.8.8\firmwares\wifishield\wifiHD\src\SOFTWARE_FRAMEWORK\UTILS\LIBS\NEWLIB_ADDONS\INCLUDE\nlao_io.h","File","5900","23CB9AC931F9C4DEB6E051A6096051EC7D3ECDB59C8BFBB80AB9FA1B455CB414"
"data\packages\arduino\hardware\avr\1.8.8\firmwares\wifishield\wifiHD\src\SOFTWARE_FRAMEWORK\UTILS\LIBS\NEWLIB_ADDONS\INCLUDE\nlao_usart.h","File","6353","95D8DA30FF1309374597DAB083A86DAC08DCF26169E6DB4D256DB8BBBCC5B358"
"data\packages\arduino\hardware\avr\1.8.8\firmwares\wifishield\wifiHD\src\SOFTWARE_FRAMEWORK\UTILS\LIBS\NEWLIB_ADDONS\libnewlib_addons-at32ucr2-speed_opt.a","File","25540","F71F51C96553D2FC7DD7583441E762C1DC6FDE9B094505330A8F4F0B77DB97F2"
"data\packages\arduino\hardware\avr\1.8.8\firmwares\wifishield\wifiHD\src\SOFTWARE_FRAMEWORK\UTILS\LINKER_SCRIPTS","Directory","",""
"data\packages\arduino\hardware\avr\1.8.8\firmwares\wifishield\wifiHD\src\SOFTWARE_FRAMEWORK\UTILS\LINKER_SCRIPTS\AT32UC3A","Directory","",""
"data\packages\arduino\hardware\avr\1.8.8\firmwares\wifishield\wifiHD\src\SOFTWARE_FRAMEWORK\UTILS\LINKER_SCRIPTS\AT32UC3A\0512","Directory","",""
"data\packages\arduino\hardware\avr\1.8.8\firmwares\wifishield\wifiHD\src\SOFTWARE_FRAMEWORK\UTILS\LINKER_SCRIPTS\AT32UC3A\0512\GCC","Directory","",""
"data\packages\arduino\hardware\avr\1.8.8\firmwares\wifishield\wifiHD\src\SOFTWARE_FRAMEWORK\UTILS\LINKER_SCRIPTS\AT32UC3A\0512\GCC\link_uc3a0512.lds","File","11900","BF8030DA480B633D48B9B75853BD0EDBE4AFEEFB504B92CFE195ED5882130E9A"
"data\packages\arduino\hardware\avr\1.8.8\firmwares\wifishield\wifiHD\src\SOFTWARE_FRAMEWORK\UTILS\LINKER_SCRIPTS\AT32UC3A\1256","Directory","",""
"data\packages\arduino\hardware\avr\1.8.8\firmwares\wifishield\wifiHD\src\SOFTWARE_FRAMEWORK\UTILS\LINKER_SCRIPTS\AT32UC3A\1256\GCC","Directory","",""
"data\packages\arduino\hardware\avr\1.8.8\firmwares\wifishield\wifiHD\src\SOFTWARE_FRAMEWORK\UTILS\LINKER_SCRIPTS\AT32UC3A\1256\GCC\link_uc3a1256.lds","File","11900","39C97B20682B00770F970682EA27F2F4B1BF483AB4B281514A6B31C3865D47EA"
"data\packages\arduino\hardware\avr\1.8.8\firmwares\wifishield\wifiHD\src\SOFTWARE_FRAMEWORK\UTILS\parts.h","File","9843","DD97ACB18909F9270F27EEBAAD2FD99CFDC575F3C42F354924D1EEAB80C003CC"
"data\packages\arduino\hardware\avr\1.8.8\firmwares\wifishield\wifiHD\src\SOFTWARE_FRAMEWORK\UTILS\PREPROCESSOR","Directory","",""
"data\packages\arduino\hardware\avr\1.8.8\firmwares\wifishield\wifiHD\src\SOFTWARE_FRAMEWORK\UTILS\PREPROCESSOR\mrepeat.h","File","23769","8B2FD07C0DCFE6645C21ABDEDA786693819F47F45AB67CDD4BA2319F3ACF8BF1"
"data\packages\arduino\hardware\avr\1.8.8\firmwares\wifishield\wifiHD\src\SOFTWARE_FRAMEWORK\UTILS\PREPROCESSOR\preprocessor.h","File","2351","A4BF0BC98383736573C6F2D82132F0D39110D5E0EA356FFB847A951898060C35"
"data\packages\arduino\hardware\avr\1.8.8\firmwares\wifishield\wifiHD\src\SOFTWARE_FRAMEWORK\UTILS\PREPROCESSOR\stringz.h","File","3067","E793CDCAFA30AD28299A1B621AEC63FC3C035E9906940F983EEF958DB9DCD864"
"data\packages\arduino\hardware\avr\1.8.8\firmwares\wifishield\wifiHD\src\SOFTWARE_FRAMEWORK\UTILS\PREPROCESSOR\tpaste.h","File","4313","3F5AE96952B74FB5D87A4D97BC8420B2E8032D18F7D3043E174A83AFB51F607A"
"data\packages\arduino\hardware\avr\1.8.8\firmwares\wifishield\wifiHD\src\SOFTWARE_FRAMEWORK\UTILS\STARTUP_FILES","Directory","",""
"data\packages\arduino\hardware\avr\1.8.8\firmwares\wifishield\wifiHD\src\SOFTWARE_FRAMEWORK\UTILS\STARTUP_FILES\GCC","Directory","",""
"data\packages\arduino\hardware\avr\1.8.8\firmwares\wifishield\wifiHD\src\SOFTWARE_FRAMEWORK\UTILS\STARTUP_FILES\GCC\crt0.x","File","3793","899B1266062CA87237A66E37094A69567420188CD45DD389B9B49DB22FE67F4F"
"data\packages\arduino\hardware\avr\1.8.8\firmwares\wifishield\wifiHD\src\timer.c","File","6462","E4E56EA8D1302E66A0C8E48BDEEDD5026694408BBD26EBB346B6B787C2130999"
"data\packages\arduino\hardware\avr\1.8.8\firmwares\wifishield\wifiHD\src\timer.h","File","2195","8F1EE8C8FBA2A28DFD930C0923844A70239FDCA2BF8BB54CD012056CE41EA6F6"
"data\packages\arduino\hardware\avr\1.8.8\firmwares\wifishield\wifiHD\src\top_defs.h","File","4166","A9E6D47753CCD53A3F2171041FF787DABA14BD86E4C9011F6251CF665CE45A29"
"data\packages\arduino\hardware\avr\1.8.8\firmwares\wifishield\wifiHD\src\trace.h","File","1807","CF4DE2A43A50EBB782E4E5AAFBED66DB15FCFC8C5FE0BFF85D857E68EDB4CD92"
"data\packages\arduino\hardware\avr\1.8.8\firmwares\wifishield\wifiHD\src\util.c","File","7608","BFFD3A26FF1990313069ADE07AE60CB09109AF6AC26E2336EA3A930F9915C257"
"data\packages\arduino\hardware\avr\1.8.8\firmwares\wifishield\wifiHD\src\util.h","File","2678","0D345327F9639016213EFBF3B8B27352132BA167241E7390026CFE92A85003B3"
"data\packages\arduino\hardware\avr\1.8.8\firmwares\wifishield\wifiHD\src\wifi_spi.h","File","3141","7B34E1CD8997C5AD4A2396DB67D3A034A62E8B77C51A21B5E2A7E53C5D9EAE03"
"data\packages\arduino\hardware\avr\1.8.8\firmwares\wifishield\wifiHD\src\wl_cm.c","File","12840","C76F711265A7CCEC714DE01AFFDA48B82EA84C4BDDD3E8AF763588DC5A84ED93"
"data\packages\arduino\hardware\avr\1.8.8\firmwares\wifishield\wifiHD\src\wl_cm.h","File","2151","37FCBB2548143D508508E7663D4FB03433AB666996B5CEFE8712830BB2CC7E1C"
"data\packages\arduino\hardware\avr\1.8.8\firmwares\wifishield\wifiHD\src\wl_definitions.h","File","949","8235D506906E67DFA08C9A50EFC19DF4DF17666DFE51638C2C28D9E77F74F978"
"data\packages\arduino\hardware\avr\1.8.8\firmwares\wifishield\wifiHD\wifiHD.cproj","File","74042","487067C2E1630CB4BC83A1055698BEF0E56E4C190597715A5ACA01098E6DFB51"
"data\packages\arduino\hardware\avr\1.8.8\firmwares\wifishield\wifishield.atsln","File","2019","90508185AF68E891B4CC1CDB0B33E1DDB96881328B1529A54EE0E0E098652010"
"data\packages\arduino\hardware\avr\1.8.8\installed.json","File","275029","B3D58F03198ACA82903359087B92A64D346F3D6871260910D29C3500A0173B00"
"data\packages\arduino\hardware\avr\1.8.8\libraries","Directory","",""
"data\packages\arduino\hardware\avr\1.8.8\libraries\EEPROM","Directory","",""
"data\packages\arduino\hardware\avr\1.8.8\libraries\EEPROM\examples","Directory","",""
"data\packages\arduino\hardware\avr\1.8.8\libraries\EEPROM\examples\eeprom_clear","Directory","",""
"data\packages\arduino\hardware\avr\1.8.8\libraries\EEPROM\examples\eeprom_clear\eeprom_clear.ino","File","918","7D92358201DABE49DB0E2D964DB9DC77959E3438894FA0B37E5EA72237D6EBA0"
"data\packages\arduino\hardware\avr\1.8.8\libraries\EEPROM\examples\eeprom_crc","Directory","",""
"data\packages\arduino\hardware\avr\1.8.8\libraries\EEPROM\examples\eeprom_crc\eeprom_crc.ino","File","1433","998FA9B0D1FEB7FBF7A090579DEB30C8D7DDFB021E5637A8051E22902F745169"
"data\packages\arduino\hardware\avr\1.8.8\libraries\EEPROM\examples\eeprom_get","Directory","",""
"data\packages\arduino\hardware\avr\1.8.8\libraries\EEPROM\examples\eeprom_get\eeprom_get.ino","File","1795","B11B91FAF5B6209875E9BA8DD56A0596FEC88B48568B18FC3943D1D7C9F4D093"
"data\packages\arduino\hardware\avr\1.8.8\libraries\EEPROM\examples\eeprom_iteration","Directory","",""
"data\packages\arduino\hardware\avr\1.8.8\libraries\EEPROM\examples\eeprom_iteration\eeprom_iteration.ino","File","1036","774680FECBB0541F69C1772E4B0EBBB1066DC62C31D5B0DDF7E0804DE29A4A5A"
"data\packages\arduino\hardware\avr\1.8.8\libraries\EEPROM\examples\eeprom_put","Directory","",""
"data\packages\arduino\hardware\avr\1.8.8\libraries\EEPROM\examples\eeprom_put\eeprom_put.ino","File","1360","3220E10AE4EC4D5A34ABB505EC46B42DF0E0A4D7BCCCFFE444602FFD116DD660"
"data\packages\arduino\hardware\avr\1.8.8\libraries\EEPROM\examples\eeprom_read","Directory","",""
"data\packages\arduino\hardware\avr\1.8.8\libraries\EEPROM\examples\eeprom_read\eeprom_read.ino","File","1399","7198CEC1A7AF7EFFD906437951113C08324410530D26F51FD42813B91A6EF363"
"data\packages\arduino\hardware\avr\1.8.8\libraries\EEPROM\examples\eeprom_update","Directory","",""
"data\packages\arduino\hardware\avr\1.8.8\libraries\EEPROM\examples\eeprom_update\eeprom_update.ino","File","1820","74B7E418AB02D860A68D97D46A921426440E22CE82133BBADE9912F5FE1DE46B"
"data\packages\arduino\hardware\avr\1.8.8\libraries\EEPROM\examples\eeprom_write","Directory","",""
"data\packages\arduino\hardware\avr\1.8.8\libraries\EEPROM\examples\eeprom_write\eeprom_write.ino","File","1474","F75C56D67CB2D2D204CC109A9F739747F69A891C9112C4ED88C01460AFC37E75"
"data\packages\arduino\hardware\avr\1.8.8\libraries\EEPROM\keywords.txt","File","502","9B47BB4B8BB6C73B940BFCB613051E1F813D1C0840B2CE03F9060D058D6849CA"
"data\packages\arduino\hardware\avr\1.8.8\libraries\EEPROM\library.properties","File","463","7B44377B05444C626AAE064ABCDBB224BEDC7B3B3B2086965C9B94ABC0C6C01C"
"data\packages\arduino\hardware\avr\1.8.8\libraries\EEPROM\README.md","File","5146","FBEF9BC7D1F8EEF492EA308955FFB0E67926F3D3693427C19A2855DB80E28F69"
"data\packages\arduino\hardware\avr\1.8.8\libraries\EEPROM\src","Directory","",""
"data\packages\arduino\hardware\avr\1.8.8\libraries\EEPROM\src\EEPROM.h","File","5457","9F1C31DA3792CE1A639A92A95EBA78CF7A418CBE3035003730818CA61F714DA3"
"data\packages\arduino\hardware\avr\1.8.8\libraries\HID","Directory","",""
"data\packages\arduino\hardware\avr\1.8.8\libraries\HID\keywords.txt","File","524","4A2A2FCDF4EEB8C68482C7E2027F79301236E85035E49AFD0AF905928A73DB27"
"data\packages\arduino\hardware\avr\1.8.8\libraries\HID\library.properties","File","280","34CD1CE9FDB4494EBC105047AC4289BE7483E9CFC945DC46EC54CD01EC17BE71"
"data\packages\arduino\hardware\avr\1.8.8\libraries\HID\src","Directory","",""
"data\packages\arduino\hardware\avr\1.8.8\libraries\HID\src\HID.cpp","File","4370","D6F0EF9A7E2571A1710DC0D0E42145669616A471257ECC47B855AF10B0BA4A6D"
"data\packages\arduino\hardware\avr\1.8.8\libraries\HID\src\HID.h","File","3391","C3B50586700AD494A7B766B4922670ED7F880A55F382068506E05CD3FB9C4D67"
"data\packages\arduino\hardware\avr\1.8.8\libraries\SoftwareSerial","Directory","",""
"data\packages\arduino\hardware\avr\1.8.8\libraries\SoftwareSerial\examples","Directory","",""
"data\packages\arduino\hardware\avr\1.8.8\libraries\SoftwareSerial\examples\SoftwareSerialExample","Directory","",""
"data\packages\arduino\hardware\avr\1.8.8\libraries\SoftwareSerial\examples\SoftwareSerialExample\SoftwareSerialExample.ino","File","1378","74D311B7F6000631DCD77C95BAD97166EBA823E69154620819CB379C21AAB322"
"data\packages\arduino\hardware\avr\1.8.8\libraries\SoftwareSerial\examples\TwoPortReceive","Directory","",""
"data\packages\arduino\hardware\avr\1.8.8\libraries\SoftwareSerial\examples\TwoPortReceive\TwoPortReceive.ino","File","2570","9DE2A26D5033715AD78F153692A0071C75C1966FB043A7EBD2DEB5ECE07F760D"
"data\packages\arduino\hardware\avr\1.8.8\libraries\SoftwareSerial\keywords.txt","File","659","CD95EDE0AC386EFD5E5792B4F20BD5C7CE3FD2F55FF4194302782FBDD4039AA5"
"data\packages\arduino\hardware\avr\1.8.8\libraries\SoftwareSerial\library.properties","File","510","4086AFADEF260B1C9E44AA9693EECEAB6CD6C6DA9946664A58FCD32AC6A75A71"
"data\packages\arduino\hardware\avr\1.8.8\libraries\SoftwareSerial\src","Directory","",""
"data\packages\arduino\hardware\avr\1.8.8\libraries\SoftwareSerial\src\SoftwareSerial.cpp","File","13476","F49B152375EDE361C7475AC9A83D9FA23BEF7F3C9C58C46CA036B1AA85CD65B0"
"data\packages\arduino\hardware\avr\1.8.8\libraries\SoftwareSerial\src\SoftwareSerial.h","File","3903","5897E15A3FC14307066FBAD6E201F88E39417A8D40368C21B41EA14A0ABF2F25"
"data\packages\arduino\hardware\avr\1.8.8\libraries\SPI","Directory","",""
"data\packages\arduino\hardware\avr\1.8.8\libraries\SPI\examples","Directory","",""
"data\packages\arduino\hardware\avr\1.8.8\libraries\SPI\examples\BarometricPressureSensor","Directory","",""
"data\packages\arduino\hardware\avr\1.8.8\libraries\SPI\examples\BarometricPressureSensor\BarometricPressureSensor.ino","File","4544","C016CDA20C69764F55471CCC742C1AC8F5ACD72AAB4B966051EE1233DDC941A3"
"data\packages\arduino\hardware\avr\1.8.8\libraries\SPI\examples\DigitalPotControl","Directory","",""
"data\packages\arduino\hardware\avr\1.8.8\libraries\SPI\examples\DigitalPotControl\DigitalPotControl.ino","File","1994","8640E1F98A4C51AA5576A2CB89A5B09307DDEF0F480170833580E83374C65049"
"data\packages\arduino\hardware\avr\1.8.8\libraries\SPI\keywords.txt","File","835","F3DFD00ED48D2735DA9F80262E916A89612A1070B646FD94C36119159942249E"
"data\packages\arduino\hardware\avr\1.8.8\libraries\SPI\library.properties","File","518","44FE70BB86522405266ED3DFFCECFC60396520EC927C6EC50D93A8E0E83A48C2"
"data\packages\arduino\hardware\avr\1.8.8\libraries\SPI\src","Directory","",""
"data\packages\arduino\hardware\avr\1.8.8\libraries\SPI\src\SPI.cpp","File","5716","ADAE94AAE5F04BE3225A568A1ED932A917160C0859E51EE3850FA0DA4CF4E345"
"data\packages\arduino\hardware\avr\1.8.8\libraries\SPI\src\SPI.h","File","10393","5B444EEBC18ADAC5A69E99CFDC229CB7C8622125B67E1E0D2E2127FA2CDE52B1"
"data\packages\arduino\hardware\avr\1.8.8\libraries\Wire","Directory","",""
"data\packages\arduino\hardware\avr\1.8.8\libraries\Wire\examples","Directory","",""
"data\packages\arduino\hardware\avr\1.8.8\libraries\Wire\examples\digital_potentiometer","Directory","",""
"data\packages\arduino\hardware\avr\1.8.8\libraries\Wire\examples\digital_potentiometer\digital_potentiometer.ino","File","894","67D9868669ACEBF9963FDEB16922F98C0702CD69493CB19151ADB5BE84DF9291"
"data\packages\arduino\hardware\avr\1.8.8\libraries\Wire\examples\i2c_scanner","Directory","",""
"data\packages\arduino\hardware\avr\1.8.8\libraries\Wire\examples\i2c_scanner\i2c_scanner.ino","File","2086","EF76EC8EB0BB28B28F95C5F3FFF82D42E8199C3E0131151FCF2263051C215CC6"
"data\packages\arduino\hardware\avr\1.8.8\libraries\Wire\examples\master_reader","Directory","",""
"data\packages\arduino\hardware\avr\1.8.8\libraries\Wire\examples\master_reader\master_reader.ino","File","730","85C176446DBE3672DB01B13B97A67E9FB3E41DB781B4308F8C283371F788F43B"
"data\packages\arduino\hardware\avr\1.8.8\libraries\Wire\examples\master_writer","Directory","",""
"data\packages\arduino\hardware\avr\1.8.8\libraries\Wire\examples\master_writer\master_writer.ino","File","646","5B8954F14D23CC2D89FDC6684733C4218853DF170AC5397666CFE134A469D9AB"
"data\packages\arduino\hardware\avr\1.8.8\libraries\Wire\examples\SFRRanger_reader","Directory","",""
"data\packages\arduino\hardware\avr\1.8.8\libraries\Wire\examples\SFRRanger_reader\SFRRanger_reader.ino","File","2695","D905BD0EF761EE7205C70BC372019AF74D12499907A2245BE2CAA83212CECEEA"
"data\packages\arduino\hardware\avr\1.8.8\libraries\Wire\examples\slave_receiver","Directory","",""
"data\packages\arduino\hardware\avr\1.8.8\libraries\Wire\examples\slave_receiver\slave_receiver.ino","File","977","427067BFAD002457E3F6376DA0E37BCE2BF72DA7528B573D9B2F324BC693AF58"
"data\packages\arduino\hardware\avr\1.8.8\libraries\Wire\examples\slave_sender","Directory","",""
"data\packages\arduino\hardware\avr\1.8.8\libraries\Wire\examples\slave_sender\slave_sender.ino","File","702","8AC3725AD606719BC386DD15FCF55F7F592C6FAA7E3AEC0451B1B84D1C0F9D99"
"data\packages\arduino\hardware\avr\1.8.8\libraries\Wire\keywords.txt","File","596","AABE8429CCC5D879C5A3BB48A8AC59A2A3F358FFE05599E9A5320FA34FAFE289"
"data\packages\arduino\hardware\avr\1.8.8\libraries\Wire\library.properties","File","406","175B7BEC13AA47A986D8DFE60169DFD18D077B5631C3423D0313E1B5762DE239"
"data\packages\arduino\hardware\avr\1.8.8\libraries\Wire\src","Directory","",""
"data\packages\arduino\hardware\avr\1.8.8\libraries\Wire\src\utility","Directory","",""
"data\packages\arduino\hardware\avr\1.8.8\libraries\Wire\src\utility\twi.c","File","21073","846C0A685D1796990C8C5D06DF4364FCF8D4657C2221161A613F8CAFB232301D"
"data\packages\arduino\hardware\avr\1.8.8\libraries\Wire\src\utility\twi.h","File","1840","A8551BCF840A1D17DFA435FB6F299726BF45ABFE75018DDC860A7788053A0F30"
"data\packages\arduino\hardware\avr\1.8.8\libraries\Wire\src\Wire.cpp","File","10677","E56C6FF92128CC1334B8E112FC463396646166E2DC8F99178B45D5201BB607C3"
"data\packages\arduino\hardware\avr\1.8.8\libraries\Wire\src\Wire.h","File","2925","E08ADEFC3C3B31D9444BA8BD28D67BEEF1EFFF310CDEF4D8F8AA4AD88542DA92"
"data\packages\arduino\hardware\avr\1.8.8\platform.txt","File","8486","AFC8745A57FCB6E88A818AEBFDEE241BF758C2F665CFD6541F00472809C5522A"
"data\packages\arduino\hardware\avr\1.8.8\post_install.bat","File","625","F0177C96CD9B689E8B9348108BC7518E12A433E7DD6206AE98923ED79613436B"
"data\packages\arduino\hardware\avr\1.8.8\programmers.txt","File","4357","2FC097EF1F702D0AAF5414E62058F3836CFFB0ABD862EE731ED4DA08E2F86CB1"
"data\packages\arduino\hardware\avr\1.8.8\README.md","File","805","3C4924100840D25957B495E9C3F39A23413B1C06476AF0D32EE41F3CCC45A274"
"data\packages\arduino\hardware\avr\1.8.8\variants","Directory","",""
"data\packages\arduino\hardware\avr\1.8.8\variants\circuitplay32u4","Directory","",""
"data\packages\arduino\hardware\avr\1.8.8\variants\circuitplay32u4\pins_arduino.h","File","9845","84EF82A83FA81F6831C50743BE8706F694A02B1C55DC5DDD7DF5C96DC11D7A1E"
"data\packages\arduino\hardware\avr\1.8.8\variants\eightanaloginputs","Directory","",""
"data\packages\arduino\hardware\avr\1.8.8\variants\eightanaloginputs\pins_arduino.h","File","969","F781478ED9F9507B6553E44DC90873103EA84E654528DC0E34901A32BFEE3149"
"data\packages\arduino\hardware\avr\1.8.8\variants\ethernet","Directory","",""
"data\packages\arduino\hardware\avr\1.8.8\variants\ethernet\pins_arduino.h","File","6488","98E980DD0428608DDAD8064DAE0749E2299BCA807BE6DB6C9469FA8F095FF92E"
"data\packages\arduino\hardware\avr\1.8.8\variants\gemma","Directory","",""
"data\packages\arduino\hardware\avr\1.8.8\variants\gemma\pins_arduino.h","File","3244","19A51F6DAC285E26D241A3347A7E379EA1AE82EA7FAB1805990B898A3C04F06C"
"data\packages\arduino\hardware\avr\1.8.8\variants\leonardo","Directory","",""
"data\packages\arduino\hardware\avr\1.8.8\variants\leonardo\pins_arduino.h","File","9870","449274743A34FC1A7601B9AA06035BC9F1F5D951B4C4BDC685B8BDFCA2C41C1E"
"data\packages\arduino\hardware\avr\1.8.8\variants\mega","Directory","",""
"data\packages\arduino\hardware\avr\1.8.8\variants\mega\pins_arduino.h","File","13685","D563F983B968F8859B667BF586A6BEA48DE49C1A80621D40F1C60181B28CC8A3"
"data\packages\arduino\hardware\avr\1.8.8\variants\micro","Directory","",""
"data\packages\arduino\hardware\avr\1.8.8\variants\micro\pins_arduino.h","File","1190","EB9AAA91E2A4131B0044F38BA29CDCC7160AB41C03EBBD7BA471226D83A566D0"
"data\packages\arduino\hardware\avr\1.8.8\variants\robot_control","Directory","",""
"data\packages\arduino\hardware\avr\1.8.8\variants\robot_control\pins_arduino.h","File","9232","3C470E312AAE2626F760DA38794A4638161810F0B4033CCF4E33670CAEA55836"
"data\packages\arduino\hardware\avr\1.8.8\variants\robot_motor","Directory","",""
"data\packages\arduino\hardware\avr\1.8.8\variants\robot_motor\pins_arduino.h","File","8985","1DEA163B02533F8C8B2838A7274749389136F6E1C5B97C4F6686061142D8E412"
"data\packages\arduino\hardware\avr\1.8.8\variants\standard","Directory","",""
"data\packages\arduino\hardware\avr\1.8.8\variants\standard\pins_arduino.h","File","6437","D313845F9916C1F21C8BA9848D40806F5CAAB52529AD510E81B3F15318441631"
"data\packages\arduino\hardware\avr\1.8.8\variants\yun","Directory","",""
"data\packages\arduino\hardware\avr\1.8.8\variants\yun\pins_arduino.h","File","1856","2F0331B81CF58AF166490811F7A2B723812B0D12BA0CE4DBCEB4A7866301D6F5"
"data\packages\arduino\tools","Directory","",""
"data\packages\arduino\tools\avrdude","Directory","",""
"data\packages\arduino\tools\avrdude\8.0.0-arduino1","Directory","",""
"data\packages\arduino\tools\avrdude\8.0.0-arduino1\bin","Directory","",""
"data\packages\arduino\tools\avrdude\8.0.0-arduino1\bin\avrdude.exe","File","6117773","86B83C8419C6B4F41E2B94CA73D37AC83D916DCF017ADB1CA37A28F038064959"
"data\packages\arduino\tools\avrdude\8.0.0-arduino1\etc","Directory","",""
"data\packages\arduino\tools\avrdude\8.0.0-arduino1\etc\avrdude.conf","File","846522","1F7DE8DA35B354EF4600D3FA26780BBD713F112D0658A38C3FFA85FDB0E242DB"
"data\packages\arduino\tools\avrdude\8.0.0-arduino1\LICENSE.txt","File","18092","8177F97513213526DF2CF6184D8FF986C675AFB514D4E68A404010521B880643"
"data\packages\arduino\tools\avr-gcc","Directory","",""
"data\packages\arduino\tools\avr-gcc\7.3.0-atmel3.6.1-arduino7","Directory","",""
"data\packages\arduino\tools\avr-gcc\7.3.0-atmel3.6.1-arduino7\avr","Directory","",""
"data\packages\arduino\tools\avr-gcc\7.3.0-atmel3.6.1-arduino7\avr\bin","Directory","",""
"data\packages\arduino\tools\avr-gcc\7.3.0-atmel3.6.1-arduino7\avr\bin\ar.exe","File","630784","81B1DDFFC28E7D8D34AE0CB5CBE92EC9BAE1AE852B2F498FB0A40E169AE7C0D2"
"data\packages\arduino\tools\avr-gcc\7.3.0-atmel3.6.1-arduino7\avr\bin\as.exe","File","815104","F4742917D141A23F4863086E6C0A3803B4DA3C444CF1935303165B6F7E7E754E"
"data\packages\arduino\tools\avr-gcc\7.3.0-atmel3.6.1-arduino7\avr\bin\ld.bfd.exe","File","1103360","B8AA2FF51061FF713976E6DB14E9ADB492436E5B463679A8B9E718C8FF0F2BDF"
"data\packages\arduino\tools\avr-gcc\7.3.0-atmel3.6.1-arduino7\avr\bin\ld.exe","File","1103360","B8AA2FF51061FF713976E6DB14E9ADB492436E5B463679A8B9E718C8FF0F2BDF"
"data\packages\arduino\tools\avr-gcc\7.3.0-atmel3.6.1-arduino7\avr\bin\libiconv-2.dll","File","978432","CB016E794D3311C71F21D87803E10A0E1133995F62A485EB37B321CD9B9E1087"
"data\packages\arduino\tools\avr-gcc\7.3.0-atmel3.6.1-arduino7\avr\bin\libwinpthread-1.dll","File","51694","13DCD56189D81DC660D0488BC4D9EDA5EE0CCA7A62C08BD2147D8E2A308E2044"
"data\packages\arduino\tools\avr-gcc\7.3.0-atmel3.6.1-arduino7\avr\bin\nm.exe","File","617472","4CF4392A0C0C44144668A1D8B70144708E32FA74B6279BAB4E3041CB5345B593"
"data\packages\arduino\tools\avr-gcc\7.3.0-atmel3.6.1-arduino7\avr\bin\objcopy.exe","File","766976","5BC07336D3DC78EF13A36DB73B66CA206447FC9A40035BA8F481901084F737D5"
"data\packages\arduino\tools\avr-gcc\7.3.0-atmel3.6.1-arduino7\avr\bin\objdump.exe","File","888832","6379AC8E391B100FEBD0BE4F30461E0148CBD59435AA574C1E96ECE55EAC3726"
"data\packages\arduino\tools\avr-gcc\7.3.0-atmel3.6.1-arduino7\avr\bin\ranlib.exe","File","630784","B7499E3B55C6F7916E66F6F32D38CA45D788C185E1209A63F57C532A921900D2"
"data\packages\arduino\tools\avr-gcc\7.3.0-atmel3.6.1-arduino7\avr\bin\readelf.exe","File","456192","2ADF1E28B9D91CBCC34EA762DE24920C074ED4F8E244869342FCA20274EE24D3"
"data\packages\arduino\tools\avr-gcc\7.3.0-atmel3.6.1-arduino7\avr\bin\strip.exe","File","767488","D5B92846612697CB8F0EC4286093CEA0DE3051BC2462C4DC0F30EADF166DE79A"
"data\packages\arduino\tools\avr-gcc\7.3.0-atmel3.6.1-arduino7\avr\include","Directory","",""
"data\packages\arduino\tools\avr-gcc\7.3.0-atmel3.6.1-arduino7\avr\include\alloca.h","File","2559","3B36DCE800C1E0A38697737BD9A11DCC616370E573EB58CB5614D277109B8D6D"
"data\packages\arduino\tools\avr-gcc\7.3.0-atmel3.6.1-arduino7\avr\include\assert.h","File","3831","C2B38E1AA6B9F2EB8919BBADA02F03130D3796C5462CDB2D60FA57A6A2EAE746"
"data\packages\arduino\tools\avr-gcc\7.3.0-atmel3.6.1-arduino7\avr\include\avr","Directory","",""
"data\packages\arduino\tools\avr-gcc\7.3.0-atmel3.6.1-arduino7\avr\include\avr\boot.h","File","26134","E73C6E2EBFE5C2BA5D49ACDFC98A7239B0B60B5165F38397840E71463EBCB532"
"data\packages\arduino\tools\avr-gcc\7.3.0-atmel3.6.1-arduino7\avr\include\avr\builtins.h","File","3509","597E8A3CFE1FB328CC034560E835328E1CE95DBAAA9E43E998C886F3644911BB"
"data\packages\arduino\tools\avr-gcc\7.3.0-atmel3.6.1-arduino7\avr\include\avr\common.h","File","8121","A5C449E9388F19E70EB261391673AC207DEA51C9DDE336B1253FA1ECF8519A89"
"data\packages\arduino\tools\avr-gcc\7.3.0-atmel3.6.1-arduino7\avr\include\avr\cpufunc.h","File","3340","F6A9859A6589EBBC1358CE797EC393E7C8114F4036C59E161D149AAD74C6F204"
"data\packages\arduino\tools\avr-gcc\7.3.0-atmel3.6.1-arduino7\avr\include\avr\crc16.h","File","1716","B99ACC0F9CAC7226CECF7C624FAB1CDC2BA2B0F67172162E3931A527A02D2C91"
"data\packages\arduino\tools\avr-gcc\7.3.0-atmel3.6.1-arduino7\avr\include\avr\delay.h","File","1716","E73FEBB4C2FB7EB6DFC4EDA995ED289746B1801C6C8DFE802E90020B0D7F1C19"
"data\packages\arduino\tools\avr-gcc\7.3.0-atmel3.6.1-arduino7\avr\include\avr\eeprom.h","File","8432","37C8601EF50E3F32A53EDB5DCCF5ECAE1427AB9AC6A30684123EBF4399393528"
"data\packages\arduino\tools\avr-gcc\7.3.0-atmel3.6.1-arduino7\avr\include\avr\fuse.h","File","9228","5050C2B9991F064E464C0A5A6632474EFDE3686FE62D4DA50DDD352808595FC9"
"data\packages\arduino\tools\avr-gcc\7.3.0-atmel3.6.1-arduino7\avr\include\avr\interrupt.h","File","11346","9627582846252BF42EFD6EB4D1EA6D03AE125B021B6EA630A2F08EBF0A0BF041"
"data\packages\arduino\tools\avr-gcc\7.3.0-atmel3.6.1-arduino7\avr\include\avr\io.h","File","23148","9F2E5D7F9B6251424BB0C52365BAFDA3A777C156479F11A4F1B44798A0C6331F"
"data\packages\arduino\tools\avr-gcc\7.3.0-atmel3.6.1-arduino7\avr\include\avr\io1200.h","File","5734","D70E040709539663CFA055A0ECD9C14DA5FA8CC5F8471728BBE069C057982369"
"data\packages\arduino\tools\avr-gcc\7.3.0-atmel3.6.1-arduino7\avr\include\avr\io2313.h","File","9637","9BDE90CBA8F2F7091E95A3BBF3C81B8706BEB845ABF3325B8E3EE09EE73ABDB5"
"data\packages\arduino\tools\avr-gcc\7.3.0-atmel3.6.1-arduino7\avr\include\avr\io2323.h","File","5283","4CF8E83505F288BDF4499BB4D3230679122F0AA609BFC2FF2CAB3AA1A7E37E3B"
"data\packages\arduino\tools\avr-gcc\7.3.0-atmel3.6.1-arduino7\avr\include\avr\io2333.h","File","11672","CEDCE66A6C2E24FE827BC095344B8CA935CD2EDFAB36D691F05C32A975F754E3"
"data\packages\arduino\tools\avr-gcc\7.3.0-atmel3.6.1-arduino7\avr\include\avr\io2343.h","File","5395","C7E5081EE4B6D9F898445A0F1B4C4A5C615820C5DE20A7C9CC9886F7AF7F87B3"
"data\packages\arduino\tools\avr-gcc\7.3.0-atmel3.6.1-arduino7\avr\include\avr\io43u32x.h","File","11699","9C089FAB15F1742E666C0AC22727BD482E7A337E458AC5EE70212C32B40D3AE6"
"data\packages\arduino\tools\avr-gcc\7.3.0-atmel3.6.1-arduino7\avr\include\avr\io43u35x.h","File","11312","90765E3525C8411FD81E66FD0803A64B1171E34B5BD471C06586B026A80DE045"
"data\packages\arduino\tools\avr-gcc\7.3.0-atmel3.6.1-arduino7\avr\include\avr\io4414.h","File","13012","7E637E99EC2F1D7669EC41F059B1837C09327FDFDCB1E4578216B070F526E0B6"
"data\packages\arduino\tools\avr-gcc\7.3.0-atmel3.6.1-arduino7\avr\include\avr\io4433.h","File","12240","B8C84231864E85F05D5864E868CB90A2FB77AB14531B54630C07FAB20CD733D8"
"data\packages\arduino\tools\avr-gcc\7.3.0-atmel3.6.1-arduino7\avr\include\avr\io4434.h","File","14567","8B009196E25A342B884E2C13DA1C3187F18CCA73313602D94BDFB3BA46EFFB3D"
"data\packages\arduino\tools\avr-gcc\7.3.0-atmel3.6.1-arduino7\avr\include\avr\io76c711.h","File","10873","E93F1D5F1A2385E389B0737BD32EE23701BFC8A4C2A664A653EDB74B17846A80"
"data\packages\arduino\tools\avr-gcc\7.3.0-atmel3.6.1-arduino7\avr\include\avr\io8515.h","File","13015","D95CCFFA826D1F93262A4D7F663F13D4781BE5BD7F91C03C4393BB28C8E1F577"
"data\packages\arduino\tools\avr-gcc\7.3.0-atmel3.6.1-arduino7\avr\include\avr\io8534.h","File","5071","A88AEFF1B5AB2C2C9C00E56FE1728DAB4FD279563974169BF63F28D4027DA94D"
"data\packages\arduino\tools\avr-gcc\7.3.0-atmel3.6.1-arduino7\avr\include\avr\io8535.h","File","14630","66CEB490B308C0791B3E4C5932AE46CA69AB3BFCFB82AB060A5E2AA737861DB3"
"data\packages\arduino\tools\avr-gcc\7.3.0-atmel3.6.1-arduino7\avr\include\avr\io86r401.h","File","7952","1C302E89B47C2F9305C3C27FAF2A3F7B9175B8BF0D303BDA983B95DFC4AD6176"
"data\packages\arduino\tools\avr-gcc\7.3.0-atmel3.6.1-arduino7\avr\include\avr\io90pwm1.h","File","35912","1498F32CE9BD6CC407F3EB95B3227B4E4EE82DBFCEF5C157AA0318B9B722D63F"
"data\packages\arduino\tools\avr-gcc\7.3.0-atmel3.6.1-arduino7\avr\include\avr\io90pwm161.h","File","20852","DA12F706DCA791F87062144622662FC086018A11B46E2D999E39637EBA1399E0"
"data\packages\arduino\tools\avr-gcc\7.3.0-atmel3.6.1-arduino7\avr\include\avr\io90pwm216.h","File","40627","EA0FE03D2145B45756DCBA36536007B5C853F09E224F7D6F4D0372C9C2233786"
"data\packages\arduino\tools\avr-gcc\7.3.0-atmel3.6.1-arduino7\avr\include\avr\io90pwm2b.h","File","30471","094803A79E8AA6422B4C2A70ECDA28500D6CA24C573C83D4F0F9BEE1FF4BF800"
"data\packages\arduino\tools\avr-gcc\7.3.0-atmel3.6.1-arduino7\avr\include\avr\io90pwm316.h","File","41693","44D9E23A6B16895A3FC8CB7182C6694A86DCC95C89B270C74C5F2F83C01F9B25"
"data\packages\arduino\tools\avr-gcc\7.3.0-atmel3.6.1-arduino7\avr\include\avr\io90pwm3b.h","File","30468","94E78E35A269B8005E4BA97D0B048B11E80B38E7DAEEF7280403987137AC8C8C"
"data\packages\arduino\tools\avr-gcc\7.3.0-atmel3.6.1-arduino7\avr\include\avr\io90pwm81.h","File","22516","07C248092765883FEAEAB7B1B4A07B16B5D3D473202207862278154037B94D2A"
"data\packages\arduino\tools\avr-gcc\7.3.0-atmel3.6.1-arduino7\avr\include\avr\io90pwmx.h","File","46134","E623A51A95681F0D687FDD2484384891FE6C34E50BA988D88717820B53287911"
"data\packages\arduino\tools\avr-gcc\7.3.0-atmel3.6.1-arduino7\avr\include\avr\io90scr100.h","File","35166","EE9044D695EBEE3EB7179DFB92E0D39B3330BE9DC4D97DB45F1D8F02EAEFBE73"
"data\packages\arduino\tools\avr-gcc\7.3.0-atmel3.6.1-arduino7\avr\include\avr\ioa5272.h","File","18004","2C9B0A315B48809B50D3BB24EC236B703BD066F758C5618584D3FE0534E4B588"
"data\packages\arduino\tools\avr-gcc\7.3.0-atmel3.6.1-arduino7\avr\include\avr\ioa5505.h","File","18004","EECB77AA8CD4B50A08AA8FBF970BB6993F2D3237EC5C37C846D224F22ABF19DB"
"data\packages\arduino\tools\avr-gcc\7.3.0-atmel3.6.1-arduino7\avr\include\avr\ioa5702m322.h","File","53351","0E0CB438229F4B665A124594252CCD2283162E68F0A051CE7FC00C2D25178D8E"
"data\packages\arduino\tools\avr-gcc\7.3.0-atmel3.6.1-arduino7\avr\include\avr\ioa5782.h","File","38451","7ADB15E069C4C2BADE3758FBFA7686A3BFBDE9788D2DC251E0136267D1941508"
"data\packages\arduino\tools\avr-gcc\7.3.0-atmel3.6.1-arduino7\avr\include\avr\ioa5790.h","File","20531","E063CD4EDC0922B8ECBAD6EF204F0D19E4D38A15CA1A4D1CA057544D8D8EE45D"
"data\packages\arduino\tools\avr-gcc\7.3.0-atmel3.6.1-arduino7\avr\include\avr\ioa5790n.h","File","20884","73E29D9FA98C75FCE67DC2AE14B658E373D6C9386F3EA6D147DA26C9DF19CA5C"
"data\packages\arduino\tools\avr-gcc\7.3.0-atmel3.6.1-arduino7\avr\include\avr\ioa5791.h","File","20929","C874D089A19EE54024D7FB3C51F6547212CB1E7FA76324405279E461AA425E55"
"data\packages\arduino\tools\avr-gcc\7.3.0-atmel3.6.1-arduino7\avr\include\avr\ioa5795.h","File","17150","6EA7BA87FA994C2AF236FFDF702DA3005E678B63FECAE95FC41D9832346EAEB7"
"data\packages\arduino\tools\avr-gcc\7.3.0-atmel3.6.1-arduino7\avr\include\avr\ioa5831.h","File","40598","8E7B2FDB7FE2C59CFD4998EB2642CB1C6F731CF3263197BEB7B636537B287C6C"
"data\packages\arduino\tools\avr-gcc\7.3.0-atmel3.6.1-arduino7\avr\include\avr\ioa6285.h","File","17203","F6A65AEC3ADCEC4BBAD5F6A5B59083A91101150EAC222A5B56818FD25A5786D4"
"data\packages\arduino\tools\avr-gcc\7.3.0-atmel3.6.1-arduino7\avr\include\avr\ioa6286.h","File","17203","C8E94E60C4113CC014110750D40CF87EA77ED156DC207E3607D7E14376F3B89D"
"data\packages\arduino\tools\avr-gcc\7.3.0-atmel3.6.1-arduino7\avr\include\avr\ioa6289.h","File","18641","DA27D8DB9261A877FE3EE4A394E5D43A28C22AA174FCE80F8786A418D78ED63E"
"data\packages\arduino\tools\avr-gcc\7.3.0-atmel3.6.1-arduino7\avr\include\avr\ioa6612c.h","File","17808","BA4E91DE92EDBDCE09759E7E909BB7663E55E2BD478D6CF9BDF7BB6C22F920F1"
"data\packages\arduino\tools\avr-gcc\7.3.0-atmel3.6.1-arduino7\avr\include\avr\ioa6613c.h","File","17810","8985F45B7B756CF0715EEF99ED5D0B131ACD62366385E1BBD0B49E7AF10A491C"
"data\packages\arduino\tools\avr-gcc\7.3.0-atmel3.6.1-arduino7\avr\include\avr\ioa6614q.h","File","17898","D51D42DF25B113F3AB6C30173A17EE2493BF925333F71D0FADEE4DB96AA2C8D7"
"data\packages\arduino\tools\avr-gcc\7.3.0-atmel3.6.1-arduino7\avr\include\avr\ioa6616c.h","File","18659","07F1D7BE268133AF89BBB276E7D23EFB2D5D8F29436716E361659E883CC08B39"
"data\packages\arduino\tools\avr-gcc\7.3.0-atmel3.6.1-arduino7\avr\include\avr\ioa6617c.h","File","18659","E9940F49B9225DE76A124C7AA05C0DBD638412F4CE49077822CD89B84909A249"
"data\packages\arduino\tools\avr-gcc\7.3.0-atmel3.6.1-arduino7\avr\include\avr\ioa664251.h","File","18511","0D0727F0002C4E778B34E05B4EDDA79904D835561FBDAD5626F35AD81279549C"
"data\packages\arduino\tools\avr-gcc\7.3.0-atmel3.6.1-arduino7\avr\include\avr\ioa8210.h","File","38451","DB94C2893D6AA16669C404EFF3C8FA81EA5A86007F05B4F2CC1D2F622DABC9D3"
"data\packages\arduino\tools\avr-gcc\7.3.0-atmel3.6.1-arduino7\avr\include\avr\ioa8510.h","File","40598","AC44E33388AEF1350749EB2B6B1E2EF9D0D61DE23CBC95DF6F6C00808C53B9C6"
"data\packages\arduino\tools\avr-gcc\7.3.0-atmel3.6.1-arduino7\avr\include\avr\ioat94k.h","File","14961","3DDF6DEED3A041F042F1A7386824879A6A8B98AFA0F311D8BEEE66E8AE0662E4"
"data\packages\arduino\tools\avr-gcc\7.3.0-atmel3.6.1-arduino7\avr\include\avr\ioavr128da28.h","File","347994","5DCEF7B4D180E93E830FE835DB9B36910791042A6685E64FDB02BB3B59025873"
"data\packages\arduino\tools\avr-gcc\7.3.0-atmel3.6.1-arduino7\avr\include\avr\ioavr128da32.h","File","349540","90B703EB7B352488EA275377B13A58B29997DEEA76C015F0F42928E85D414B53"
"data\packages\arduino\tools\avr-gcc\7.3.0-atmel3.6.1-arduino7\avr\include\avr\ioavr128da48.h","File","363325","F97A3B71A8ED34DA343D25C1BC2ABA25E43C818F71C4ACCEC637FFC83C179537"
"data\packages\arduino\tools\avr-gcc\7.3.0-atmel3.6.1-arduino7\avr\include\avr\ioavr128da64.h","File","366935","678EAE21B729E81E442ACDAE1D2304AD27CC3B305823E06C69EB81E3E4F24B9F"
"data\packages\arduino\tools\avr-gcc\7.3.0-atmel3.6.1-arduino7\avr\include\avr\iocan128.h","File","3739","F04A3FED5EC4F956A4A1B69EC226EF0E2BEE625FA3E7BC24D845C81A93897106"
"data\packages\arduino\tools\avr-gcc\7.3.0-atmel3.6.1-arduino7\avr\include\avr\iocan32.h","File","3740","57DC3673B5E71A3F0F0E25485773ACF77E60B0E6044B2D7042FD8577E4D5807F"
"data\packages\arduino\tools\avr-gcc\7.3.0-atmel3.6.1-arduino7\avr\include\avr\iocan64.h","File","3740","58772599D9C5AF3393055FA21551995D53DACB9E15F8ED07A818F081F46A4187"
"data\packages\arduino\tools\avr-gcc\7.3.0-atmel3.6.1-arduino7\avr\include\avr\iocanxx.h","File","53862","296F4D00156B43566E49059BC9AB26D03EBDA6D13C1C1D286E65232BEA22F241"
"data\packages\arduino\tools\avr-gcc\7.3.0-atmel3.6.1-arduino7\avr\include\avr\iom103.h","File","19483","8DD8530E7BED0AA7CF5F19D4EA8B652A718215E6B1E6C36A099F9A26AD127A5B"
"data\packages\arduino\tools\avr-gcc\7.3.0-atmel3.6.1-arduino7\avr\include\avr\iom128.h","File","35644","2A5BA823C5A9B8DFADD9EB225D5CFA08C94341AD687A2189B1928BD8E72AF706"
"data\packages\arduino\tools\avr-gcc\7.3.0-atmel3.6.1-arduino7\avr\include\avr\iom1280.h","File","3749","7AD0C8AFBD0726B112D17F62ED56DD0E6EB369EA4BD9A1B1640FDAE8184FAEC4"
"data\packages\arduino\tools\avr-gcc\7.3.0-atmel3.6.1-arduino7\avr\include\avr\iom1281.h","File","3746","D88B3319930FF361FC02BE2A36F1771FAD19E87012C423107007F3BDDD265340"
"data\packages\arduino\tools\avr-gcc\7.3.0-atmel3.6.1-arduino7\avr\include\avr\iom1284.h","File","25221","656487A657B68240328FCB02E1C425C99146E197F08BA0FED2C8850CB48D7A3E"
"data\packages\arduino\tools\avr-gcc\7.3.0-atmel3.6.1-arduino7\avr\include\avr\iom1284p.h","File","25783","B5EFA680D7F58243EE40B2A265F4067813A9AA18F688130C357C57CA10E3986F"
"data\packages\arduino\tools\avr-gcc\7.3.0-atmel3.6.1-arduino7\avr\include\avr\iom1284rfr2.h","File","60402","EF865F279C4746CAF277727E7F2C2903DBD082243674BD9ED068D7751815FE7F"
"data\packages\arduino\tools\avr-gcc\7.3.0-atmel3.6.1-arduino7\avr\include\avr\iom128a.h","File","25292","A69304D3592FD69903FC6F5372BF5B52C748DB06C78C165DC9900CCB8D223F82"
"data\packages\arduino\tools\avr-gcc\7.3.0-atmel3.6.1-arduino7\avr\include\avr\iom128rfa1.h","File","177238","9F105FF902CCABE9A683D50FD4816C8C182E1B4BC629F00248D88A6999BCC0F3"
"data\packages\arduino\tools\avr-gcc\7.3.0-atmel3.6.1-arduino7\avr\include\avr\iom128rfr2.h","File","60702","4AB3F06A07B803A350AC1B42E05E68990077676713000EF8A3DDDF0B65030352"
"data\packages\arduino\tools\avr-gcc\7.3.0-atmel3.6.1-arduino7\avr\include\avr\iom16.h","File","15921","A9845D3F52E74ABE5B45DDB1D90E1859978D2342FAA83E4D7FF55467F265D166"
"data\packages\arduino\tools\avr-gcc\7.3.0-atmel3.6.1-arduino7\avr\include\avr\iom1608.h","File","218239","4972F4D140D25ADA71A0CDE3B60870C36F20252C18F7BA0EB99140759602493D"
"data\packages\arduino\tools\avr-gcc\7.3.0-atmel3.6.1-arduino7\avr\include\avr\iom1609.h","File","220687","3AA4A7A2FBA30E3B2F712928421B5D6D509D9B6A4687D86B8E6CB6DBE98D9561"
"data\packages\arduino\tools\avr-gcc\7.3.0-atmel3.6.1-arduino7\avr\include\avr\iom161.h","File","15361","4091496C9EED09933DCC7ADA35C60F0609E56DB096ABB0DBEF526B7414B62776"
"data\packages\arduino\tools\avr-gcc\7.3.0-atmel3.6.1-arduino7\avr\include\avr\iom162.h","File","23186","E1B85C628C1B144B800AC15E9A9CC8940E7D87DFCA41D112F934E205A826C390"
"data\packages\arduino\tools\avr-gcc\7.3.0-atmel3.6.1-arduino7\avr\include\avr\iom163.h","File","14230","9A517A1E727996DBE8A20F290652734960E7A7BBF830ECE923ABBB5A2AC32C05"
"data\packages\arduino\tools\avr-gcc\7.3.0-atmel3.6.1-arduino7\avr\include\avr\iom164.h","File","3767","F07A3F4908D34EED44CE07DB07CE344766C61C179A952C7F4889F68B5E6AD90A"
"data\packages\arduino\tools\avr-gcc\7.3.0-atmel3.6.1-arduino7\avr\include\avr\iom164a.h","File","1790","9CF03457032E9B977F1F4CFCFFFDAC5528305D6412923A2978E5157DC0A62A78"
"data\packages\arduino\tools\avr-gcc\7.3.0-atmel3.6.1-arduino7\avr\include\avr\iom164p.h","File","1790","9CF03457032E9B977F1F4CFCFFFDAC5528305D6412923A2978E5157DC0A62A78"
"data\packages\arduino\tools\avr-gcc\7.3.0-atmel3.6.1-arduino7\avr\include\avr\iom164pa.h","File","23385","A40426D0013061FD71F223ACF29D339CF686CA2D559A13720D04D51FEC9064FD"
"data\packages\arduino\tools\avr-gcc\7.3.0-atmel3.6.1-arduino7\avr\include\avr\iom165.h","File","20193","76EAD7EBEC21C30CDF02A15939329BCEC77AA209888E9F215ED9EFA1061CA29E"
"data\packages\arduino\tools\avr-gcc\7.3.0-atmel3.6.1-arduino7\avr\include\avr\iom165a.h","File","18220","AAB9030865290F8D8659804E1A75D7C601FA58AA2A67F7D144891BDD8E1FB77E"
"data\packages\arduino\tools\avr-gcc\7.3.0-atmel3.6.1-arduino7\avr\include\avr\iom165p.h","File","20274","8E6FE76D8B4AFCD996CF57BF97C06EE8094C9078B0E0E0BFE6FB1B5EC3C3EAFA"
"data\packages\arduino\tools\avr-gcc\7.3.0-atmel3.6.1-arduino7\avr\include\avr\iom165pa.h","File","22343","37D659B60628CFEABCE7C3CF0EE05A987305C10237B2885C56861AE38A885800"
"data\packages\arduino\tools\avr-gcc\7.3.0-atmel3.6.1-arduino7\avr\include\avr\iom168.h","File","4048","9E271EB6C400F9AED08E8B3964DA97D36BC75D40B41DB78340B2E16E0B83336B"
"data\packages\arduino\tools\avr-gcc\7.3.0-atmel3.6.1-arduino7\avr\include\avr\iom168a.h","File","1832","3C735B5607E74B8AC9F0CC26C4A03E9879CC3D261FFFCA6FE162C66F28F9AC42"
"data\packages\arduino\tools\avr-gcc\7.3.0-atmel3.6.1-arduino7\avr\include\avr\iom168p.h","File","20247","5333DD58FECAE4D28966844C5AC8335BEFF5D31D5E5D855512CFCB8F7EA8EB5E"
"data\packages\arduino\tools\avr-gcc\7.3.0-atmel3.6.1-arduino7\avr\include\avr\iom168pa.h","File","19557","620911980DE1925EC564F0620374985E115A5B3EAC1C29902E61938117D0A5A6"
"data\packages\arduino\tools\avr-gcc\7.3.0-atmel3.6.1-arduino7\avr\include\avr\iom168pb.h","File","20770","98D6DE3C7FD7EEDD636FE3B3203F26BD673A21EF6B50D6ECC89066408C6BFDEA"
"data\packages\arduino\tools\avr-gcc\7.3.0-atmel3.6.1-arduino7\avr\include\avr\iom169.h","File","24667","7E69165113FEC98F5C59C7F547D122B04D78595309FE2A019301C3FD7ADABF23"
"data\packages\arduino\tools\avr-gcc\7.3.0-atmel3.6.1-arduino7\avr\include\avr\iom169a.h","File","1905","02D7EE7634B5DBB8CE47D12ACDCC4B65DD2C83BB44242142A24F4E625179F841"
"data\packages\arduino\tools\avr-gcc\7.3.0-atmel3.6.1-arduino7\avr\include\avr\iom169p.h","File","24198","ED1195F04E6D330542E37E919DFAA8C7A3105EB8EC931B3BED8B214EB843E441"
"data\packages\arduino\tools\avr-gcc\7.3.0-atmel3.6.1-arduino7\avr\include\avr\iom169pa.h","File","31114","7A75A47AD0B989E78718C80DC12137F2C49F3F63CD2C4632385183F294DF27D8"
"data\packages\arduino\tools\avr-gcc\7.3.0-atmel3.6.1-arduino7\avr\include\avr\iom16a.h","File","20161","185125F4421912B79234EA3074764444846427275945159A8BC70599C7860CF5"
"data\packages\arduino\tools\avr-gcc\7.3.0-atmel3.6.1-arduino7\avr\include\avr\iom16hva.h","File","2817","1E13FF81E229A00E1236E9D01E20DCA3841A09064BCE54DA86E5F64883871386"
"data\packages\arduino\tools\avr-gcc\7.3.0-atmel3.6.1-arduino7\avr\include\avr\iom16hva2.h","File","19283","9225981D12ECE8040AC31950D46FBBA0ECBCD0202A0DA00AD9E0263855E00C31"
"data\packages\arduino\tools\avr-gcc\7.3.0-atmel3.6.1-arduino7\avr\include\avr\iom16hvb.h","File","22781","D7B2904B780173640CFBDE48018075352E24AC0DB8EB1AF972EACCE111F399E5"
"data\packages\arduino\tools\avr-gcc\7.3.0-atmel3.6.1-arduino7\avr\include\avr\iom16hvbrevb.h","File","22835","3504D3272D816DC43564B8E09752D864ADCD681F8E8754222A4C493481AADB06"
"data\packages\arduino\tools\avr-gcc\7.3.0-atmel3.6.1-arduino7\avr\include\avr\iom16m1.h","File","32759","CED62C0D9CEE0061888F7A8698462876729152C2221A1BCEBE1798483EECF27B"
"data\packages\arduino\tools\avr-gcc\7.3.0-atmel3.6.1-arduino7\avr\include\avr\iom16u2.h","File","22096","F7A74A63118C9375ED87833F3C0FA0AE932BF84D310B869EA235C6F58E07EDC8"
"data\packages\arduino\tools\avr-gcc\7.3.0-atmel3.6.1-arduino7\avr\include\avr\iom16u4.h","File","30308","D782DAA7CB5BDACE5281A3501814CF8DEA6B615672F978265544629369E9887C"
"data\packages\arduino\tools\avr-gcc\7.3.0-atmel3.6.1-arduino7\avr\include\avr\iom2560.h","File","3697","07727C7F618217E8E352F9DCBA92BF69EB8E3CDC5B1600596F4AFA795394C214"
"data\packages\arduino\tools\avr-gcc\7.3.0-atmel3.6.1-arduino7\avr\include\avr\iom2561.h","File","3697","08DB115EF7F638E6750FD6AEBBD55F297F79AD5DA939BBDB479797FAC7E46E62"
"data\packages\arduino\tools\avr-gcc\7.3.0-atmel3.6.1-arduino7\avr\include\avr\iom2564rfr2.h","File","60430","00DA332CA52E0F09B586115EE9AC0A5B5315B2361ED384C25D277D1353FCD03B"
"data\packages\arduino\tools\avr-gcc\7.3.0-atmel3.6.1-arduino7\avr\include\avr\iom256rfr2.h","File","60730","14D178303135DF0A7E6AC4968A95995A31BC34183CF578EDCA5DFFAD2EDB4B46"
"data\packages\arduino\tools\avr-gcc\7.3.0-atmel3.6.1-arduino7\avr\include\avr\iom3000.h","File","8252","A6E26165B2876380553B38A4662B09D20CCAA3CEF715A70541CB9B624AF76A9A"
"data\packages\arduino\tools\avr-gcc\7.3.0-atmel3.6.1-arduino7\avr\include\avr\iom32.h","File","16772","B1DBA59ED0193A0FC6C9B7E36F23034839160B9566AF32EDA8F02F9C57AF5F13"
"data\packages\arduino\tools\avr-gcc\7.3.0-atmel3.6.1-arduino7\avr\include\avr\iom3208.h","File","218228","000E748844C508B2F036A1187CA9CC3A0950432A4FE96E2A37ECF9D0C7B1525E"
"data\packages\arduino\tools\avr-gcc\7.3.0-atmel3.6.1-arduino7\avr\include\avr\iom3209.h","File","220676","3251C12BD6F36FEF0C9759D5CBD35E75609F1309D1B42151499B4BC90E8A6B5B"
"data\packages\arduino\tools\avr-gcc\7.3.0-atmel3.6.1-arduino7\avr\include\avr\iom323.h","File","15393","5496F0DB3FEAE4BB05901977964C5D07BCCD8F777E5D63D3F9F11F64AA91F34F"
"data\packages\arduino\tools\avr-gcc\7.3.0-atmel3.6.1-arduino7\avr\include\avr\iom324a.h","File","23344","ABC673EBF8D885680FB59BFA63A3801A2520428FB08E89169071C67547992D5F"
"data\packages\arduino\tools\avr-gcc\7.3.0-atmel3.6.1-arduino7\avr\include\avr\iom324p.h","File","23382","D8B2187AC2CC1E178BA5D7AC1E057BFFB9F35978CDEC2659C9017763144B5CFF"
"data\packages\arduino\tools\avr-gcc\7.3.0-atmel3.6.1-arduino7\avr\include\avr\iom324pa.h","File","29816","8E9FCBCF1A8169F6E6707385B063AB88063BAE61E1AC0FCC6EC2C0C92352D09E"
"data\packages\arduino\tools\avr-gcc\7.3.0-atmel3.6.1-arduino7\avr\include\avr\iom324pb.h","File","28882","D7BF25D4AC2410D7FFD1996DF1B52DF88443C5620014D79618CFE01E26F1E067"
"data\packages\arduino\tools\avr-gcc\7.3.0-atmel3.6.1-arduino7\avr\include\avr\iom325.h","File","19946","F951FE0245C0059EA65AE0F52756A8F104A073B426F91E4A5E632D9DF4F0C686"
"data\packages\arduino\tools\avr-gcc\7.3.0-atmel3.6.1-arduino7\avr\include\avr\iom3250.h","File","22070","E4720270FD05D36392993F8ED7718FE12B37A8EE06764A2C66736A717B9921DD"
"data\packages\arduino\tools\avr-gcc\7.3.0-atmel3.6.1-arduino7\avr\include\avr\iom3250a.h","File","1791","63523142A19D77E4463F0C558CD94A760CD189809C9B53E3EF7B3315CA3EF0AD"
"data\packages\arduino\tools\avr-gcc\7.3.0-atmel3.6.1-arduino7\avr\include\avr\iom3250p.h","File","1791","63523142A19D77E4463F0C558CD94A760CD189809C9B53E3EF7B3315CA3EF0AD"
"data\packages\arduino\tools\avr-gcc\7.3.0-atmel3.6.1-arduino7\avr\include\avr\iom3250pa.h","File","24732","E5CB3AECDE577780434612092115AEE2D16EE9695246A79EC25C1EDA456AC260"
"data\packages\arduino\tools\avr-gcc\7.3.0-atmel3.6.1-arduino7\avr\include\avr\iom325a.h","File","1790","27BA966C8F2D106FA8BD27723DA93300EDF33A5CA6268B7F8B2D460BAC7E7384"
"data\packages\arduino\tools\avr-gcc\7.3.0-atmel3.6.1-arduino7\avr\include\avr\iom325p.h","File","1790","27BA966C8F2D106FA8BD27723DA93300EDF33A5CA6268B7F8B2D460BAC7E7384"
"data\packages\arduino\tools\avr-gcc\7.3.0-atmel3.6.1-arduino7\avr\include\avr\iom325pa.h","File","22127","A81095B9345D5F2D915C9A1B6D295BE8FB8A0D3901A5FC8F7EC9BA491955A0EC"
"data\packages\arduino\tools\avr-gcc\7.3.0-atmel3.6.1-arduino7\avr\include\avr\iom328.h","File","1791","6A3464423C0854EBD3D89DD172EE77E3DA644D236310F3C4BA38CA801ADA995A"
"data\packages\arduino\tools\avr-gcc\7.3.0-atmel3.6.1-arduino7\avr\include\avr\iom328p.h","File","20476","3613A1DA7610C4AFB1F9A774B88E066B5B555A791814AE9B89BE84EC1F525837"
"data\packages\arduino\tools\avr-gcc\7.3.0-atmel3.6.1-arduino7\avr\include\avr\iom328pb.h","File","26151","41AC9EE1ECD1DF744ADEA97403213C9B474ABC11B1A0E70FB654739076DB3457"
"data\packages\arduino\tools\avr-gcc\7.3.0-atmel3.6.1-arduino7\avr\include\avr\iom329.h","File","23430","408A71972630DDDFBBDDE61706E6F45BE5BB3B842E5A0743F9E6CF9DA52BCB14"
"data\packages\arduino\tools\avr-gcc\7.3.0-atmel3.6.1-arduino7\avr\include\avr\iom3290.h","File","26533","9A49324FD733503968FF281BDF8AF5FE30F96DF5B37B81A4202B29CB383A614F"
"data\packages\arduino\tools\avr-gcc\7.3.0-atmel3.6.1-arduino7\avr\include\avr\iom3290a.h","File","1791","71DDF48F09DFF9F82228C7728E28C7F3C75899A4434E996D223176F52A217B75"
"data\packages\arduino\tools\avr-gcc\7.3.0-atmel3.6.1-arduino7\avr\include\avr\iom3290p.h","File","1791","71DDF48F09DFF9F82228C7728E28C7F3C75899A4434E996D223176F52A217B75"
"data\packages\arduino\tools\avr-gcc\7.3.0-atmel3.6.1-arduino7\avr\include\avr\iom3290pa.h","File","26185","F0143B51D684BCD77A572F7657F28B939BD114141268E8A6E20F1C5E67A3E10B"
"data\packages\arduino\tools\avr-gcc\7.3.0-atmel3.6.1-arduino7\avr\include\avr\iom329a.h","File","1790","361A03C513A1D60F40E942E5A465968D01E357782C43B49536D80941D981A960"
"data\packages\arduino\tools\avr-gcc\7.3.0-atmel3.6.1-arduino7\avr\include\avr\iom329p.h","File","26348","54EEC51EEC0167942B01F16FC9AF4A3CF32D0106BECF5798322813AD1A26A15D"
"data\packages\arduino\tools\avr-gcc\7.3.0-atmel3.6.1-arduino7\avr\include\avr\iom329pa.h","File","1790","361A03C513A1D60F40E942E5A465968D01E357782C43B49536D80941D981A960"
"data\packages\arduino\tools\avr-gcc\7.3.0-atmel3.6.1-arduino7\avr\include\avr\iom32a.h","File","16603","210655AC8D6DA990CD541D9B0344CA1B180D068F41D62CF6287DAF8F99E95FD6"
"data\packages\arduino\tools\avr-gcc\7.3.0-atmel3.6.1-arduino7\avr\include\avr\iom32c1.h","File","27913","9E1E55FC1C5DE7D9AEEABA85B45963D70370CFFC34D163DA952C3B4DB3612A66"
"data\packages\arduino\tools\avr-gcc\7.3.0-atmel3.6.1-arduino7\avr\include\avr\iom32hvb.h","File","22774","CD48C19FDB7EFD600917C074282A19B3374DC5D51196F1BBAAD2FF138EC29F09"
"data\packages\arduino\tools\avr-gcc\7.3.0-atmel3.6.1-arduino7\avr\include\avr\iom32hvbrevb.h","File","20254","3F6F7F0956730AFAC9C09EB7E3FD28A52B7F597ECE51B3C38A59566B0D015F5D"
"data\packages\arduino\tools\avr-gcc\7.3.0-atmel3.6.1-arduino7\avr\include\avr\iom32m1.h","File","34556","C9061E2AE37128BB3833522ADDEA7B33389F6431AF7FD516B43B92F3164C6DAD"
"data\packages\arduino\tools\avr-gcc\7.3.0-atmel3.6.1-arduino7\avr\include\avr\iom32u2.h","File","22097","B80A92C9E7996C750A2A8CB50A5A9937107D65C388FD4EC6704E469950DD53E2"
"data\packages\arduino\tools\avr-gcc\7.3.0-atmel3.6.1-arduino7\avr\include\avr\iom32u4.h","File","31109","988D1B7E4593B9D44E8DA1C48D3D77BCEF25B5FFAF7FF3599B03EBEFCCB1C0C1"
"data\packages\arduino\tools\avr-gcc\7.3.0-atmel3.6.1-arduino7\avr\include\avr\iom32u6.h","File","30431","1A7626FB30633C0FA6C942DA45D8FE131D60CF6B6CB48DAABD31C8E556741FE9"
"data\packages\arduino\tools\avr-gcc\7.3.0-atmel3.6.1-arduino7\avr\include\avr\iom406.h","File","18256","512D95B0971D0CD1BDEF499DA4C8D4C21CC66C183F73FB6827372CB1A178E014"
"data\packages\arduino\tools\avr-gcc\7.3.0-atmel3.6.1-arduino7\avr\include\avr\iom48.h","File","3871","2AB46A0D4310B6F505B547F1AA3BE411BB584514074FE2ED1DC5A94959EBF23F"
"data\packages\arduino\tools\avr-gcc\7.3.0-atmel3.6.1-arduino7\avr\include\avr\iom4808.h","File","218228","D42C6EDF1D9E4AED8AADC56E7F59FC3F5474EA92A75E7BE7B0CEDBD757A5566A"
"data\packages\arduino\tools\avr-gcc\7.3.0-atmel3.6.1-arduino7\avr\include\avr\iom4809.h","File","220676","04BC1E51D5BDD203D9620E0F1AB1BF9DCD1DE3419318CF580E5FEB905E545C6D"
"data\packages\arduino\tools\avr-gcc\7.3.0-atmel3.6.1-arduino7\avr\include\avr\iom48a.h","File","1831","DA7DE829F0F73881A026DF086DE89CE8FD5A43B2990C1865F3E1D16880920689"
"data\packages\arduino\tools\avr-gcc\7.3.0-atmel3.6.1-arduino7\avr\include\avr\iom48p.h","File","20113","40D64E1B2F84353374A31AC45ADCC50961EB0BAE541D3434672B399D03433687"
"data\packages\arduino\tools\avr-gcc\7.3.0-atmel3.6.1-arduino7\avr\include\avr\iom48pa.h","File","19335","E37A1D4BE8CADA4E2C322D70670E696F95D0BAF5E86F81D8806FCD067CE1AD81"
"data\packages\arduino\tools\avr-gcc\7.3.0-atmel3.6.1-arduino7\avr\include\avr\iom48pb.h","File","20446","84425525A1A2A953883A142106185E869C809B884D2C7CA1EC7798965AB08228"
"data\packages\arduino\tools\avr-gcc\7.3.0-atmel3.6.1-arduino7\avr\include\avr\iom64.h","File","35740","C792A025198E390D8F964E4D1F2C8E97D1ADFB195497456A9828789C820A478F"
"data\packages\arduino\tools\avr-gcc\7.3.0-atmel3.6.1-arduino7\avr\include\avr\iom640.h","File","3742","F46135C2FD503876214C0E596678211548D1B5A581808D820761AC4A215DCB54"
"data\packages\arduino\tools\avr-gcc\7.3.0-atmel3.6.1-arduino7\avr\include\avr\iom644.h","File","3727","80F50E17AB969812FC149EA39119B630FFB059550800EF874B04DEE85A0D35DB"
"data\packages\arduino\tools\avr-gcc\7.3.0-atmel3.6.1-arduino7\avr\include\avr\iom644a.h","File","1790","E2CE97647ECA9F93CCB7FD555C3924525F1924E5525A48465CFB4E511DAE0D66"
"data\packages\arduino\tools\avr-gcc\7.3.0-atmel3.6.1-arduino7\avr\include\avr\iom644p.h","File","3733","0E50897134877B1E394300C8E454081B1A4D770041231F62DA7A5A477EF7B6DA"
"data\packages\arduino\tools\avr-gcc\7.3.0-atmel3.6.1-arduino7\avr\include\avr\iom644pa.h","File","30094","585A7FA0D782EC9E7A68D103B36461AED20C535C85C7B5E2BFE9E84B7F25EDCB"
"data\packages\arduino\tools\avr-gcc\7.3.0-atmel3.6.1-arduino7\avr\include\avr\iom644rfr2.h","File","60318","2112493D0B3929F33890482769D0C54E72A67594E2DE642EC7B210281D983814"
"data\packages\arduino\tools\avr-gcc\7.3.0-atmel3.6.1-arduino7\avr\include\avr\iom645.h","File","19820","8951D7FD01F47AF77A47EAC8DB1B4230B145A56A4D5F37042510916A4EF9400A"
"data\packages\arduino\tools\avr-gcc\7.3.0-atmel3.6.1-arduino7\avr\include\avr\iom6450.h","File","21944","3A77CB180C93CA714ECBCA82900EDC41CF071A16781F8A33F88C7D84E4EB39C0"
"data\packages\arduino\tools\avr-gcc\7.3.0-atmel3.6.1-arduino7\avr\include\avr\iom6450a.h","File","1791","0ACBA568A57D9B4346C33C26C7153C43A47874597F14B69A91AEB9F2AF06D288"
"data\packages\arduino\tools\avr-gcc\7.3.0-atmel3.6.1-arduino7\avr\include\avr\iom6450p.h","File","1791","0ACBA568A57D9B4346C33C26C7153C43A47874597F14B69A91AEB9F2AF06D288"
"data\packages\arduino\tools\avr-gcc\7.3.0-atmel3.6.1-arduino7\avr\include\avr\iom645a.h","File","1790","4F03EA9A4958F58B16776AD78F97FD25BEE438D780CF559A66F7804582CA32ED"
"data\packages\arduino\tools\avr-gcc\7.3.0-atmel3.6.1-arduino7\avr\include\avr\iom645p.h","File","1790","4F03EA9A4958F58B16776AD78F97FD25BEE438D780CF559A66F7804582CA32ED"
"data\packages\arduino\tools\avr-gcc\7.3.0-atmel3.6.1-arduino7\avr\include\avr\iom649.h","File","23174","DB7C5432A1C39AFA65DDB89EA038A2079D0459ED72E63CCE3FA8A562CE6B193F"
"data\packages\arduino\tools\avr-gcc\7.3.0-atmel3.6.1-arduino7\avr\include\avr\iom6490.h","File","25258","7EDD48FBA06CDA7AD961E731A4D708BE2A5914F70F6F78C1CB0F06D188B6D7FA"
"data\packages\arduino\tools\avr-gcc\7.3.0-atmel3.6.1-arduino7\avr\include\avr\iom6490a.h","File","1791","A1B235A5398400142FB5FDB65AE05345E9DE52648B0285ACCC02D74D9F20BBE4"
"data\packages\arduino\tools\avr-gcc\7.3.0-atmel3.6.1-arduino7\avr\include\avr\iom6490p.h","File","1791","A1B235A5398400142FB5FDB65AE05345E9DE52648B0285ACCC02D74D9F20BBE4"
"data\packages\arduino\tools\avr-gcc\7.3.0-atmel3.6.1-arduino7\avr\include\avr\iom649a.h","File","1790","8344978A08860D54A394F704F61AA28B568883470E0E97990FBE07B86518D222"
"data\packages\arduino\tools\avr-gcc\7.3.0-atmel3.6.1-arduino7\avr\include\avr\iom649p.h","File","31144","590E9DF107C747AB9510FA213CC649703D84ED1F972A6951A3FB027039D629F3"
"data\packages\arduino\tools\avr-gcc\7.3.0-atmel3.6.1-arduino7\avr\include\avr\iom64a.h","File","25525","19BD6E3BCD92F67B68E976011E40F62558B76EC2301A37FE1980E4FC1EC483DF"
"data\packages\arduino\tools\avr-gcc\7.3.0-atmel3.6.1-arduino7\avr\include\avr\iom64c1.h","File","27931","BE1F46BBD0986405DC769E66899F67BD5F8D6E2516FEA10F7C74B5AF8E0BD508"
"data\packages\arduino\tools\avr-gcc\7.3.0-atmel3.6.1-arduino7\avr\include\avr\iom64hve.h","File","22298","C3FE213FF5411D8C55767155A79C1B5CAC84CD67ED8AE30C73F55B601588ED2E"
"data\packages\arduino\tools\avr-gcc\7.3.0-atmel3.6.1-arduino7\avr\include\avr\iom64hve2.h","File","17246","A62728D1E8FEDA1455AD40496DFEA543DF7EC77857F39F3061503D38C714F9EF"
"data\packages\arduino\tools\avr-gcc\7.3.0-atmel3.6.1-arduino7\avr\include\avr\iom64m1.h","File","32777","B7BE098210A1596F01DE7C49A14B9E756066C0B9F48C6C949031AEC6726D26A5"
"data\packages\arduino\tools\avr-gcc\7.3.0-atmel3.6.1-arduino7\avr\include\avr\iom64rfr2.h","File","60618","F989903A61E5AB9423E434699D2E73F0D6B573BB21A78FBDBF0DE1D619809D9A"
"data\packages\arduino\tools\avr-gcc\7.3.0-atmel3.6.1-arduino7\avr\include\avr\iom8.h","File","14547","CBB6DB63A62B937DD6304E726167E9F2E6A79136C1CC808F9E74ED4BF1766B6A"
"data\packages\arduino\tools\avr-gcc\7.3.0-atmel3.6.1-arduino7\avr\include\avr\iom808.h","File","218229","64C2F7073FA024E40301F8B67A2BE7006B7E5A873A5BC5342582F95CB644471A"
"data\packages\arduino\tools\avr-gcc\7.3.0-atmel3.6.1-arduino7\avr\include\avr\iom809.h","File","220677","40B670F5C5AD835D747C4CE2AB9037E6B99A4FC0CEBE63F17457A036BAF06BCB"
"data\packages\arduino\tools\avr-gcc\7.3.0-atmel3.6.1-arduino7\avr\include\avr\iom8515.h","File","18794","C776B3817CD63BAC3051BFC3979E4063CE4686F43B00BA9D2711C7F505587A3B"
"data\packages\arduino\tools\avr-gcc\7.3.0-atmel3.6.1-arduino7\avr\include\avr\iom8535.h","File","20687","D0FB02A653BE14382FF7B9A5BF14D27958AB9A4992B46F61E91AC7D2DC001873"
"data\packages\arduino\tools\avr-gcc\7.3.0-atmel3.6.1-arduino7\avr\include\avr\iom88.h","File","4048","B721DC51824523FD36AD30185AF8C3588F5BB31400AD594D5F773346E31EAC65"
"data\packages\arduino\tools\avr-gcc\7.3.0-atmel3.6.1-arduino7\avr\include\avr\iom88a.h","File","1831","F075E9A79DA9C854BB8F1DEF4B3F92F06833CD0E85122296F4D67FC07AED9EF3"
"data\packages\arduino\tools\avr-gcc\7.3.0-atmel3.6.1-arduino7\avr\include\avr\iom88p.h","File","20239","57E251D17580751D63E194717EC1EC0B80F40B64CA6BC50CCF8F499457720E87"
"data\packages\arduino\tools\avr-gcc\7.3.0-atmel3.6.1-arduino7\avr\include\avr\iom88pa.h","File","25934","AE1BEF69ED3BC0456B922FA3339A7A2F778F032EC6E816DB4C617904662E4AFE"
"data\packages\arduino\tools\avr-gcc\7.3.0-atmel3.6.1-arduino7\avr\include\avr\iom88pb.h","File","20764","ABB8388B61B7F2A78FAFC280A4F52F0F5F59D8F4D229E557811159E08FAC1116"
"data\packages\arduino\tools\avr-gcc\7.3.0-atmel3.6.1-arduino7\avr\include\avr\iom8a.h","File","14918","E38B27E994192615D679969A8F19A9629F0F070C882C33B59ED5D55BD43A25F9"
"data\packages\arduino\tools\avr-gcc\7.3.0-atmel3.6.1-arduino7\avr\include\avr\iom8hva.h","File","2716","DC672580882A7D98D0AABCE1969D36FBB6E2158514BFD13D41501FEC16F3783B"
"data\packages\arduino\tools\avr-gcc\7.3.0-atmel3.6.1-arduino7\avr\include\avr\iom8u2.h","File","22060","CDD9CA24F09208523C9920C09B80634DBE8A97CA49097B6D604C4B4F3A09325E"
"data\packages\arduino\tools\avr-gcc\7.3.0-atmel3.6.1-arduino7\avr\include\avr\iomx8.h","File","19000","9436C39F0BBA0220DBF1E4E456E58964AE340F75F9B358F677BF301BCAF02326"
"data\packages\arduino\tools\avr-gcc\7.3.0-atmel3.6.1-arduino7\avr\include\avr\iomxx0_1.h","File","37563","00258E30E237A77D290EF0EA7637EBA38160CDFAD74E89B077180FBB31E59110"
"data\packages\arduino\tools\avr-gcc\7.3.0-atmel3.6.1-arduino7\avr\include\avr\iomxx4.h","File","20606","AB1E55D301BC092B28B776F8DD908A94F5247F05DD64CC6518440D48CCA88C63"
"data\packages\arduino\tools\avr-gcc\7.3.0-atmel3.6.1-arduino7\avr\include\avr\iomxxhva.h","File","12182","F7496F17A177D4547BA0C3721D1D7D2A52A3FF5E18FB14C28711FD58DCFBECBE"
"data\packages\arduino\tools\avr-gcc\7.3.0-atmel3.6.1-arduino7\avr\include\avr\iotn10.h","File","11251","064ACBDB90092401A5D50C4350DBB3184D38C32C73F2F5048AEABDE1591C0A6A"
"data\packages\arduino\tools\avr-gcc\7.3.0-atmel3.6.1-arduino7\avr\include\avr\iotn102.h","File","11144","E3DE737E42993CAD5B2A0046D6EE3A3FBAEEC9EAC3C69B887EF2BB084C697B2D"
"data\packages\arduino\tools\avr-gcc\7.3.0-atmel3.6.1-arduino7\avr\include\avr\iotn104.h","File","11144","5D9DB078C6F22D08022A93FC1764E686B93485ABE46B5238F0C9C6C74273E4D4"
"data\packages\arduino\tools\avr-gcc\7.3.0-atmel3.6.1-arduino7\avr\include\avr\iotn11.h","File","5936","018A852023355CEA688EAF1C201E89A5A675D41349DE207EC18DA18F753E558D"
"data\packages\arduino\tools\avr-gcc\7.3.0-atmel3.6.1-arduino7\avr\include\avr\iotn12.h","File","6779","F33C4A1C4FB863184562F35857E17A08FF19EC069294AAA780F435C339829F85"
"data\packages\arduino\tools\avr-gcc\7.3.0-atmel3.6.1-arduino7\avr\include\avr\iotn13.h","File","12569","9D2B5359F1BF0626A8A0676A602B51C0EA91158C890368EEC72D2FF83098B5B8"
"data\packages\arduino\tools\avr-gcc\7.3.0-atmel3.6.1-arduino7\avr\include\avr\iotn13a.h","File","9414","F3B400920AA5B6A65329A27F8757993AC7B4E56FC77EBFD8741C771700CEAE13"
"data\packages\arduino\tools\avr-gcc\7.3.0-atmel3.6.1-arduino7\avr\include\avr\iotn15.h","File","8209","511CCB1B6BDB797ADE7F763C7C065C2ED11202725740CA427C9B8E43E8BF5D37"
"data\packages\arduino\tools\avr-gcc\7.3.0-atmel3.6.1-arduino7\avr\include\avr\iotn1604.h","File","223531","C743C3AC540C81CF6F304E399859B6B3E1301843BFCC82518316A4FAC90E1788"
"data\packages\arduino\tools\avr-gcc\7.3.0-atmel3.6.1-arduino7\avr\include\avr\iotn1606.h","File","223531","B15C6B4335D23AB6A053DA5CEBD11CF3D279ADEC988492F43DAECCA8102B277F"
"data\packages\arduino\tools\avr-gcc\7.3.0-atmel3.6.1-arduino7\avr\include\avr\iotn1607.h","File","223531","F8D56202BE09B1F90A187258D7F09C6EDD8ACAA05EFD4C7F03BD57786789B0E3"
"data\packages\arduino\tools\avr-gcc\7.3.0-atmel3.6.1-arduino7\avr\include\avr\iotn1614.h","File","270460","1E9F92E651CCB015542843EB9579A43169670C8175B3E9C964604D7B05D778EF"
"data\packages\arduino\tools\avr-gcc\7.3.0-atmel3.6.1-arduino7\avr\include\avr\iotn1616.h","File","271397","E1B941D3AC9465CE589DAECD703CB47963FBC0B0659A057F2049B0928AAA52C9"
"data\packages\arduino\tools\avr-gcc\7.3.0-atmel3.6.1-arduino7\avr\include\avr\iotn1617.h","File","271397","5407D305EC869A1CEE81A1E27C99C52D665C898D9F4F517E0A29E3C8B4F64790"
"data\packages\arduino\tools\avr-gcc\7.3.0-atmel3.6.1-arduino7\avr\include\avr\iotn1624.h","File","256377","8DAD0A74017F9728A648387C041937AABA871FBDDFFE2A0E588D924B3E48EE09"
"data\packages\arduino\tools\avr-gcc\7.3.0-atmel3.6.1-arduino7\avr\include\avr\iotn1626.h","File","256377","922956DC0E06090889710015930F47EEC6CB56D2E42A0F4C401B154DD7FBDDE6"
"data\packages\arduino\tools\avr-gcc\7.3.0-atmel3.6.1-arduino7\avr\include\avr\iotn1627.h","File","256377","47203F6EF2C7E4046343513D97AE6784BA89FD4292032D77C9AAB4D7B0BB9649"
"data\packages\arduino\tools\avr-gcc\7.3.0-atmel3.6.1-arduino7\avr\include\avr\iotn1634.h","File","21628","A4AF934A5B4E4B9F733D620069AEFB61102892EB5677FA801EA1458584CE792A"
"data\packages\arduino\tools\avr-gcc\7.3.0-atmel3.6.1-arduino7\avr\include\avr\iotn167.h","File","18685","14456E2E2AFBCDD3DC07F615F47C8AF8DDC428FF7350F29E980E330881645F2D"
"data\packages\arduino\tools\avr-gcc\7.3.0-atmel3.6.1-arduino7\avr\include\avr\iotn20.h","File","16551","CB27264E6D9896F89728C391942FB9B46C9316F2D6738805EE5FF3AB72129EA5"
"data\packages\arduino\tools\avr-gcc\7.3.0-atmel3.6.1-arduino7\avr\include\avr\iotn202.h","File","219678","C0CD5663BB398AFDEC8ECFF240577E76117603D5B819A0749CC0089EA45567B0"
"data\packages\arduino\tools\avr-gcc\7.3.0-atmel3.6.1-arduino7\avr\include\avr\iotn204.h","File","223662","0BEA5592848C1607EEB64C0432454372E76B2E826590E82482E7BC2B7C736CF1"
"data\packages\arduino\tools\avr-gcc\7.3.0-atmel3.6.1-arduino7\avr\include\avr\iotn212.h","File","255098","BF5EB18802DF0E5C150ABDE6A68EC537ACEA359F1ADF048EE191EF67B2E26B3C"
"data\packages\arduino\tools\avr-gcc\7.3.0-atmel3.6.1-arduino7\avr\include\avr\iotn214.h","File","257153","6EA48BF8C5CD89D96466B0F9C6662A0443CDF6A39D8378B8BFAF869019ED14CF"
"data\packages\arduino\tools\avr-gcc\7.3.0-atmel3.6.1-arduino7\avr\include\avr\iotn22.h","File","5556","F69E87265D147968273884D15814193172CDC7CA8B0E4B96B05A2219C84D708F"
"data\packages\arduino\tools\avr-gcc\7.3.0-atmel3.6.1-arduino7\avr\include\avr\iotn2313.h","File","18555","4009163161ADBB92617768C87AE9BB35015D601AFB3956A20AFE4E8F25F5D1FC"
"data\packages\arduino\tools\avr-gcc\7.3.0-atmel3.6.1-arduino7\avr\include\avr\iotn2313a.h","File","18483","93F5090DE1BED18EA8936DB29D35AD2AAF9C8BB08081182A3AB231059FFF4F8F"
"data\packages\arduino\tools\avr-gcc\7.3.0-atmel3.6.1-arduino7\avr\include\avr\iotn24.h","File","3400","60949B0EC92A71997A6A08C0CCB14BE6932049092FCBAF875DF5EF547889366D"
"data\packages\arduino\tools\avr-gcc\7.3.0-atmel3.6.1-arduino7\avr\include\avr\iotn24a.h","File","18799","5068359AE3DC027665B45F2043F37B06DDBE213C534053FF18F619BDFC76B224"
"data\packages\arduino\tools\avr-gcc\7.3.0-atmel3.6.1-arduino7\avr\include\avr\iotn25.h","File","3359","0927DA359F3D9A1A48B480C60F58BFBE9DEB02EB4FC9B39CCDCB1F5839E030AC"
"data\packages\arduino\tools\avr-gcc\7.3.0-atmel3.6.1-arduino7\avr\include\avr\iotn26.h","File","10015","2C0EEDC1AE10B1FD71AA4A295648C6A58C76DA1B28B0D765886ABBD6CA004D10"
"data\packages\arduino\tools\avr-gcc\7.3.0-atmel3.6.1-arduino7\avr\include\avr\iotn261.h","File","3405","076BD4A18F5D4C1649F21DE7C46CEDF80F849B13E42BB7C05816C7B572E9907D"
"data\packages\arduino\tools\avr-gcc\7.3.0-atmel3.6.1-arduino7\avr\include\avr\iotn261a.h","File","22155","2D600E0A39D66E96CFC62D2CE02BC6167BBED2A020B90C5BD691121243005A84"
"data\packages\arduino\tools\avr-gcc\7.3.0-atmel3.6.1-arduino7\avr\include\avr\iotn28.h","File","6361","F5577C5AC89BD0677E3560FB73DD84A7B7AFCBAEE47ADE09F4F900C1338369D4"
"data\packages\arduino\tools\avr-gcc\7.3.0-atmel3.6.1-arduino7\avr\include\avr\iotn3216.h","File","273708","A06CFC14B9907B6765EAA2A2E82424457533FBA9D76BB9286B8C3D68BBFEEFC4"
"data\packages\arduino\tools\avr-gcc\7.3.0-atmel3.6.1-arduino7\avr\include\avr\iotn3217.h","File","273708","3EF10D48A9FD7C9A4D61FD3146AE20DDB0283AE403B7CAFEA0D1F27BA1DD0033"
"data\packages\arduino\tools\avr-gcc\7.3.0-atmel3.6.1-arduino7\avr\include\avr\iotn4.h","File","10612","E11F9BA52613D1B66C93C18D9F6455FC97EB576D61AA14EC8E2CB35B186A935C"
"data\packages\arduino\tools\avr-gcc\7.3.0-atmel3.6.1-arduino7\avr\include\avr\iotn40.h","File","16490","C9E8926B602C31477F10B1DFD1C94707DB64FCCAC7F71BACF67E8DE1709ADA0E"
"data\packages\arduino\tools\avr-gcc\7.3.0-atmel3.6.1-arduino7\avr\include\avr\iotn402.h","File","219680","1222A6E418B9C07A615EEBCB106CE9159212AC6D04092821AFB532DAA6AEDC51"
"data\packages\arduino\tools\avr-gcc\7.3.0-atmel3.6.1-arduino7\avr\include\avr\iotn404.h","File","223664","8147CF5A1D6CC9C81A1AFDAC13A2202C64CE3889A80D9ECA4D95AD1E299D9D9C"
"data\packages\arduino\tools\avr-gcc\7.3.0-atmel3.6.1-arduino7\avr\include\avr\iotn406.h","File","222434","D98785076F3C0AB580E6FBC9169F29CA64D46FA890F6F903D4378FF3CEC5189B"
"data\packages\arduino\tools\avr-gcc\7.3.0-atmel3.6.1-arduino7\avr\include\avr\iotn412.h","File","255100","8D283E7F45899E8FB309F2EA5410F55E8AD4F24FBAFA27D870A81C53003E6522"
"data\packages\arduino\tools\avr-gcc\7.3.0-atmel3.6.1-arduino7\avr\include\avr\iotn414.h","File","257155","B7677CA5CE41DB5ECAEFEF5EF0C6B900FE357DBE798E2CC8B5CA7739B6D08D1F"
"data\packages\arduino\tools\avr-gcc\7.3.0-atmel3.6.1-arduino7\avr\include\avr\iotn416.h","File","258206","E197F47E313C348ACD49206C46A60895576B6A76F3C02FD8A983C46B2B352B93"
"data\packages\arduino\tools\avr-gcc\7.3.0-atmel3.6.1-arduino7\avr\include\avr\iotn417.h","File","257992","C639D3A02B137979CEF889473A3E62BED7F96328F5178A1ED655E885DF2AB29C"
"data\packages\arduino\tools\avr-gcc\7.3.0-atmel3.6.1-arduino7\avr\include\avr\iotn4313.h","File","18462","6EB48BE91F704720681F1BFB6C2F607E8B9CB83C28E82A568B207C7E566319DF"
"data\packages\arduino\tools\avr-gcc\7.3.0-atmel3.6.1-arduino7\avr\include\avr\iotn43u.h","File","12998","038DA81D9C75D22C0F50BE5325442D1A6ECFE4D810D66047A751E42F868F349D"
"data\packages\arduino\tools\avr-gcc\7.3.0-atmel3.6.1-arduino7\avr\include\avr\iotn44.h","File","3416","9A4F19DB474C900279DEA1CF72E0F3FCF9B4A2F6D184BE470A144D010E4A051A"
"data\packages\arduino\tools\avr-gcc\7.3.0-atmel3.6.1-arduino7\avr\include\avr\iotn441.h","File","20712","C5E2B8D2073C1660C7CE91C2D74E48006D3E6A6117DAD75FAB4D251ADAA7F408"
"data\packages\arduino\tools\avr-gcc\7.3.0-atmel3.6.1-arduino7\avr\include\avr\iotn44a.h","File","18724","E90F64F73E1D78B2A7D4C17D4F7BBFCB180F6ED4726FAEFA62F93741B8980F72"
"data\packages\arduino\tools\avr-gcc\7.3.0-atmel3.6.1-arduino7\avr\include\avr\iotn45.h","File","3375","5AA21987D559BDF5B43D0581EF929E5EDC4678A82BADD0AA7DE113BA2687EBD3"
"data\packages\arduino\tools\avr-gcc\7.3.0-atmel3.6.1-arduino7\avr\include\avr\iotn461.h","File","3423","AF9EE84F7670D29C9C310A7A62751B6B97B4ADA4603E62753596CF24C01C2330"
"data\packages\arduino\tools\avr-gcc\7.3.0-atmel3.6.1-arduino7\avr\include\avr\iotn461a.h","File","22155","0A9FA5A35AA6052DD47FF9787B40FA31EB4C5CC46C879310592121CED6B842D6"
"data\packages\arduino\tools\avr-gcc\7.3.0-atmel3.6.1-arduino7\avr\include\avr\iotn48.h","File","16736","8C8185E336743C656536D6EDF2ED8C4883E9518BCD20C3C437F324301A55D09C"
"data\packages\arduino\tools\avr-gcc\7.3.0-atmel3.6.1-arduino7\avr\include\avr\iotn5.h","File","11244","BB0BE58769F5DDFC36999262A8E0AF48F3B20DC2A6E1626AEA541E179A50964A"
"data\packages\arduino\tools\avr-gcc\7.3.0-atmel3.6.1-arduino7\avr\include\avr\iotn804.h","File","223521","7665A88CEFE4B9528D0AD584A4E38BA473A5584BCDCEDB5417E2045109C2676B"
"data\packages\arduino\tools\avr-gcc\7.3.0-atmel3.6.1-arduino7\avr\include\avr\iotn806.h","File","223521","07E244EC92DA789C83F879B621069AAED4000E87F9FCB50A2DC2B8893B9D4D45"
"data\packages\arduino\tools\avr-gcc\7.3.0-atmel3.6.1-arduino7\avr\include\avr\iotn807.h","File","223521","956A4C36B671ECA484E8A0C65E3E662771E9B64D6B16C1134A31CB9B1496A381"
"data\packages\arduino\tools\avr-gcc\7.3.0-atmel3.6.1-arduino7\avr\include\avr\iotn814.h","File","257055","5996E8DBDC70E4FC94449B6754D1B35DFCA192CDB23DC58E2C2A656C230FC2F2"
"data\packages\arduino\tools\avr-gcc\7.3.0-atmel3.6.1-arduino7\avr\include\avr\iotn816.h","File","257992","120A58E15AA73A94344B40996DB8B127A476D540291435852E62BF8B18E360DC"
"data\packages\arduino\tools\avr-gcc\7.3.0-atmel3.6.1-arduino7\avr\include\avr\iotn817.h","File","257992","09F2E986B1479133166CE2546DCB352A7A2A9F91F3781EBE1724A1E48112BE5F"
"data\packages\arduino\tools\avr-gcc\7.3.0-atmel3.6.1-arduino7\avr\include\avr\iotn828.h","File","20870","6B17C75A5BF51FA6AE820A976AC97B5FF76158F43A56A2A56BDB0C8115F6A93B"
"data\packages\arduino\tools\avr-gcc\7.3.0-atmel3.6.1-arduino7\avr\include\avr\iotn84.h","File","3424","C17CF3469601C8BEF770F29E78B67EE277675E1B0FD612D82539FCF959B986FB"
"data\packages\arduino\tools\avr-gcc\7.3.0-atmel3.6.1-arduino7\avr\include\avr\iotn841.h","File","20712","3822C5CE790556F0B9826B2203395B0B64EA547249D0C99ED3EDF2F4341B6E21"
"data\packages\arduino\tools\avr-gcc\7.3.0-atmel3.6.1-arduino7\avr\include\avr\iotn84a.h","File","18745","3BE361C500978DF0E46D4E8D0981D453E1A81116AF891EA75C5822E759A31FBD"
"data\packages\arduino\tools\avr-gcc\7.3.0-atmel3.6.1-arduino7\avr\include\avr\iotn85.h","File","3377","5F024480DF4E9E3D5ACAEDBF9707B9B31E592ADCAC2D832C37BEA8F8F0296BDF"
"data\packages\arduino\tools\avr-gcc\7.3.0-atmel3.6.1-arduino7\avr\include\avr\iotn861.h","File","3425","A685A721332701CD8BFB558F97CC0E77A401D2972AB9837EE368D81AAAF36A84"
"data\packages\arduino\tools\avr-gcc\7.3.0-atmel3.6.1-arduino7\avr\include\avr\iotn861a.h","File","22174","1FA7E6057C0902AF7EFB76E97F69C87505046BCFC04ABF6336F3B8E1E3FF3CC8"
"data\packages\arduino\tools\avr-gcc\7.3.0-atmel3.6.1-arduino7\avr\include\avr\iotn87.h","File","18565","C527B978FE125E9E3420A491D59081B5BEFBCCF876628A3E2EE2DEE86331A04D"
"data\packages\arduino\tools\avr-gcc\7.3.0-atmel3.6.1-arduino7\avr\include\avr\iotn88.h","File","16667","DFFF659F6F4FEFDAD96C1FD18188D8EB063C00BF1CA4B6E93FD03EB4F1ABABA2"
"data\packages\arduino\tools\avr-gcc\7.3.0-atmel3.6.1-arduino7\avr\include\avr\iotn9.h","File","10612","900DF24F4D6594087A62B1BA71FE843ED522D330443814FB2C5CF7444219F8C2"
"data\packages\arduino\tools\avr-gcc\7.3.0-atmel3.6.1-arduino7\avr\include\avr\iotnx4.h","File","11318","CD923DB7687A1270C3DA212DB6E735D4D57F2B29388008A699E2E5A88EB5D681"
"data\packages\arduino\tools\avr-gcc\7.3.0-atmel3.6.1-arduino7\avr\include\avr\iotnx5.h","File","10371","1981B9F331AF6CFB3141C52B5E0A5B09ECC13E85F2CB377712F983D224592726"
"data\packages\arduino\tools\avr-gcc\7.3.0-atmel3.6.1-arduino7\avr\include\avr\iotnx61.h","File","12332","FB0A4CEE963E9FAFD6477BB33C0E8526C419C60DEE31FC7968039C13D6E9768F"
"data\packages\arduino\tools\avr-gcc\7.3.0-atmel3.6.1-arduino7\avr\include\avr\iousb1286.h","File","3816","DF05C968C93BA959DBB780068F1FED8BFFE52C9F3FF9CCA025D2004F905300B2"
"data\packages\arduino\tools\avr-gcc\7.3.0-atmel3.6.1-arduino7\avr\include\avr\iousb1287.h","File","3816","275B246E3BCCFCD02E65925FC8B6F03B670C517E5B52CA7DED58270132114FDC"
"data\packages\arduino\tools\avr-gcc\7.3.0-atmel3.6.1-arduino7\avr\include\avr\iousb162.h","File","3787","A559EBF564D84F4DCBD10C7D4797FF4C71E55FED57F265D7FCA0D03638480654"
"data\packages\arduino\tools\avr-gcc\7.3.0-atmel3.6.1-arduino7\avr\include\avr\iousb646.h","File","3849","2627B519AAC1969A00DAFE3CD20F198D53AB9B8B9CC421E5C9D5C5EDD23F525A"
"data\packages\arduino\tools\avr-gcc\7.3.0-atmel3.6.1-arduino7\avr\include\avr\iousb647.h","File","3850","5ECC047429DF6542FE2B543585E45C229BD87F80DA8CA8C9FCC1BD5EF7E2CAE3"
"data\packages\arduino\tools\avr-gcc\7.3.0-atmel3.6.1-arduino7\avr\include\avr\iousb82.h","File","3682","9FCF1E7F590746EFCBEE60783F3A5778A74A0573597B4B5730C1B2CD69BBA4BA"
"data\packages\arduino\tools\avr-gcc\7.3.0-atmel3.6.1-arduino7\avr\include\avr\iousbxx2.h","File","17427","27BD324BE902BA2E04FD384D491FF468C0F5BEFE345E7D65D044F52F0BAED437"
"data\packages\arduino\tools\avr-gcc\7.3.0-atmel3.6.1-arduino7\avr\include\avr\iousbxx6_7.h","File","27919","0E68F2A82858F372101D023E63441DDE44885706DE76ED264AEBFD2C5ACA796F"
"data\packages\arduino\tools\avr-gcc\7.3.0-atmel3.6.1-arduino7\avr\include\avr\iox128a1.h","File","319097","54CB3ACA93D1C0C15BB0CF26B6F0E6978E356830C84B15FFAA1A05BABC2C4ED2"
"data\packages\arduino\tools\avr-gcc\7.3.0-atmel3.6.1-arduino7\avr\include\avr\iox128a1u.h","File","380386","AF9F7830ACE217A64C5C346B3459AA1C005B727A373ED50AFBBC6B06CD9FA430"
"data\packages\arduino\tools\avr-gcc\7.3.0-atmel3.6.1-arduino7\avr\include\avr\iox128a3.h","File","309024","1508FF390CEDA257E411ED60593E41A43DC5B4EB85FF1834A9E10B6971EE5704"
"data\packages\arduino\tools\avr-gcc\7.3.0-atmel3.6.1-arduino7\avr\include\avr\iox128a3u.h","File","353316","54DB2A077D8A615E2BB4EC6C6713FBCFA6BBC9EE98CCAF152A31888D8B87278F"
"data\packages\arduino\tools\avr-gcc\7.3.0-atmel3.6.1-arduino7\avr\include\avr\iox128a4u.h","File","337167","8E5D12979D5C043737C71B3F51A08E882F8FD852DA374A2D43D906B454132F3C"
"data\packages\arduino\tools\avr-gcc\7.3.0-atmel3.6.1-arduino7\avr\include\avr\iox128b1.h","File","314489","F2754A95D3DC2A28544D9C41661BF0EA031694532C50C6DD934EEDBAD0A493E8"
"data\packages\arduino\tools\avr-gcc\7.3.0-atmel3.6.1-arduino7\avr\include\avr\iox128b3.h","File","289084","6024DA8A2517ED06F8B49E6D9421FDDB4165EFA03CF332266D6584DC5E67EBA0"
"data\packages\arduino\tools\avr-gcc\7.3.0-atmel3.6.1-arduino7\avr\include\avr\iox128c3.h","File","281924","BD51D83B11CADDF3850AC25D1C64A6DFB561635198061B878E66A00BB2460EB0"
"data\packages\arduino\tools\avr-gcc\7.3.0-atmel3.6.1-arduino7\avr\include\avr\iox128d3.h","File","252186","5F9F6E78BFDA22BFFF9F5EB7B52F17D9B6B803C7ED713C6F99D3F2754B40C014"
"data\packages\arduino\tools\avr-gcc\7.3.0-atmel3.6.1-arduino7\avr\include\avr\iox128d4.h","File","252012","0129696CD65B6F96798AA3280F7CB3D16895A4DD663252C811D69C96F68E029C"
"data\packages\arduino\tools\avr-gcc\7.3.0-atmel3.6.1-arduino7\avr\include\avr\iox16a4.h","File","298849","A10A1E0063EF61CF41611FA3175E93188762325AA11A4DE7DEE12FD08FD8D262"
"data\packages\arduino\tools\avr-gcc\7.3.0-atmel3.6.1-arduino7\avr\include\avr\iox16a4u.h","File","337159","397377C9F02ADAED2D27FE02F660C170F7B558FBEB809BCDEC3A57C2008E98BC"
"data\packages\arduino\tools\avr-gcc\7.3.0-atmel3.6.1-arduino7\avr\include\avr\iox16c4.h","File","275099","3A106971FF023FAEA1B9A9973FC488201A24198EA512C5379D5A93593437BF34"
"data\packages\arduino\tools\avr-gcc\7.3.0-atmel3.6.1-arduino7\avr\include\avr\iox16d4.h","File","249869","60129C7D76DB3BA927365D3BA23EF5CAA6395C7F080E8050B91C62DF4E801F0B"
"data\packages\arduino\tools\avr-gcc\7.3.0-atmel3.6.1-arduino7\avr\include\avr\iox16e5.h","File","383487","6D59F900251BBB2D687CC1D4EB08C28DD9AD4969B977F5675D41AEE5585E5F71"
"data\packages\arduino\tools\avr-gcc\7.3.0-atmel3.6.1-arduino7\avr\include\avr\iox192a3.h","File","309028","112842A525F3F0E4717429A6A8DDB4452973F66380A091B127BF437FB9FC7499"
"data\packages\arduino\tools\avr-gcc\7.3.0-atmel3.6.1-arduino7\avr\include\avr\iox192a3u.h","File","353317","7BC3DEAB07DDD70FB74A42E077A6CBF37B7556233175DEDCAFA0AD4A4DA836BE"
"data\packages\arduino\tools\avr-gcc\7.3.0-atmel3.6.1-arduino7\avr\include\avr\iox192c3.h","File","281925","106F345B78E2828913CC179A670C40437723E36312317345C38F4E01523813DA"
"data\packages\arduino\tools\avr-gcc\7.3.0-atmel3.6.1-arduino7\avr\include\avr\iox192d3.h","File","252186","3B4DCE8FE69CADBEF216FDAE97E645020586CF99A6C5A859A2E96C0869041502"
"data\packages\arduino\tools\avr-gcc\7.3.0-atmel3.6.1-arduino7\avr\include\avr\iox256a3.h","File","309025","716DBCA9D972D932C262B4FD2FF21A8E577CCEFCCB5542179E95F4C3118BF01C"
"data\packages\arduino\tools\avr-gcc\7.3.0-atmel3.6.1-arduino7\avr\include\avr\iox256a3b.h","File","308838","F72D0C59140E088AE5F6830A5712AA4F7206C7E83F0BFC68F6E9BADAD1A64E8F"
"data\packages\arduino\tools\avr-gcc\7.3.0-atmel3.6.1-arduino7\avr\include\avr\iox256a3bu.h","File","353778","46C50C2AC97A8EF7088DB5B1D0626E28947A3B9FDE06D49DA4F768193155391E"
"data\packages\arduino\tools\avr-gcc\7.3.0-atmel3.6.1-arduino7\avr\include\avr\iox256a3u.h","File","353317","3D4FA6ECFD9FFC957A76507F8F3AB2DF550E5CFE274809A3E56ABC8B2BCAA920"
"data\packages\arduino\tools\avr-gcc\7.3.0-atmel3.6.1-arduino7\avr\include\avr\iox256c3.h","File","281925","713CF55684614117AA066D1701C464CEF89029B7B7CE536915C28F5AE534FD9A"
"data\packages\arduino\tools\avr-gcc\7.3.0-atmel3.6.1-arduino7\avr\include\avr\iox256d3.h","File","250003","C4AFC190AD9F7CBCECA1089F8407B6E1A1AC6CB4C68AB43CA1AFE2AB4CB20503"
"data\packages\arduino\tools\avr-gcc\7.3.0-atmel3.6.1-arduino7\avr\include\avr\iox32a4.h","File","298848","3CF5D036DE054A99853228C192A1F0AE45F1F4A468A015EEAB8FDA2DE6F4F20C"
"data\packages\arduino\tools\avr-gcc\7.3.0-atmel3.6.1-arduino7\avr\include\avr\iox32a4u.h","File","337159","0D6EA22301B7292B498B0743C3B6EE17D1B8F3BB17BD55EB69CC2003E80D29A5"
"data\packages\arduino\tools\avr-gcc\7.3.0-atmel3.6.1-arduino7\avr\include\avr\iox32c3.h","File","281916","252A44B02BB5547B8D0C83FAE9E60932B4A25010A7A6146EE29BE80E7F28E426"
"data\packages\arduino\tools\avr-gcc\7.3.0-atmel3.6.1-arduino7\avr\include\avr\iox32c4.h","File","275099","C775A1B02306DAD9088BFA3B570C6E7648A672907DEE5EAC2669FFC9BB79581A"
"data\packages\arduino\tools\avr-gcc\7.3.0-atmel3.6.1-arduino7\avr\include\avr\iox32d3.h","File","232062","2D0A148D84DE9CC2DEFEF23C9180FCB38BFDD588D48E6A864C8FAC18B8322B67"
"data\packages\arduino\tools\avr-gcc\7.3.0-atmel3.6.1-arduino7\avr\include\avr\iox32d4.h","File","247985","596F814F7785162CC3AA29F7015C9167F1EF1DC82F7AEE3F394E57F349301CD5"
"data\packages\arduino\tools\avr-gcc\7.3.0-atmel3.6.1-arduino7\avr\include\avr\iox32e5.h","File","383489","BC7F6CE4C9788B8AC9C85C1858497813F245A0C7921E403DD40C0F3DC16522DA"
"data\packages\arduino\tools\avr-gcc\7.3.0-atmel3.6.1-arduino7\avr\include\avr\iox384c3.h","File","310029","15D2C8A1694CC416A7981D39BC0A620FBD844E096B1F9B9EA5C91FDF950142F7"
"data\packages\arduino\tools\avr-gcc\7.3.0-atmel3.6.1-arduino7\avr\include\avr\iox384d3.h","File","264065","042467957BA72AB9D6E6AE73010337501F89ACFC8CE3BC97E0033A0C99350A12"
"data\packages\arduino\tools\avr-gcc\7.3.0-atmel3.6.1-arduino7\avr\include\avr\iox64a1.h","File","319085","2EC3C8A9CE77E53847AFE2D5D52011B9B13274844575292E36C74E55B7DEEB2A"
"data\packages\arduino\tools\avr-gcc\7.3.0-atmel3.6.1-arduino7\avr\include\avr\iox64a1u.h","File","380379","8F769D57B26595CECE84F61A0CB91129F38B600A181D7FDA848784B6128D4AD5"
"data\packages\arduino\tools\avr-gcc\7.3.0-atmel3.6.1-arduino7\avr\include\avr\iox64a3.h","File","309014","BDF4DCF5AE0D44BE33EC42E3A166BC584729C44BA18F6335B498369B7F158D98"
"data\packages\arduino\tools\avr-gcc\7.3.0-atmel3.6.1-arduino7\avr\include\avr\iox64a3u.h","File","353309","D263DFBD96F97221F21ABCD47ED0A967951567D6FF71F1805B8634B0A419D31D"
"data\packages\arduino\tools\avr-gcc\7.3.0-atmel3.6.1-arduino7\avr\include\avr\iox64a4u.h","File","337160","0CB2DE1CE8207BB1193ACD9B3B0ED9B3A8E1D984201F7397C5561FAEA6F913C9"
"data\packages\arduino\tools\avr-gcc\7.3.0-atmel3.6.1-arduino7\avr\include\avr\iox64b1.h","File","295878","8AF22F443E52AE94F39EEE19D534A6AD1DE9D0E6979B3C1090A6F0233C1D2BD9"
"data\packages\arduino\tools\avr-gcc\7.3.0-atmel3.6.1-arduino7\avr\include\avr\iox64b3.h","File","289077","EAB074AB25BE1E7AB43DAD3796FD8585BE60AC4F0B7E7FD581250906274BD3AD"
"data\packages\arduino\tools\avr-gcc\7.3.0-atmel3.6.1-arduino7\avr\include\avr\iox64c3.h","File","281917","873EC287747657644288CF8C58B03B3684AC99A54EEAA226D3C56824168EDD49"
"data\packages\arduino\tools\avr-gcc\7.3.0-atmel3.6.1-arduino7\avr\include\avr\iox64d3.h","File","252714","C28CC6F90C34427152E6928F8849845CFDF661419F14EE81E1FAE19555DC89A9"
"data\packages\arduino\tools\avr-gcc\7.3.0-atmel3.6.1-arduino7\avr\include\avr\iox64d4.h","File","251775","F3EC8BB1B1B36DC42CA7FA363CBD3EC6B1EF3376F308614E09E8C0043F735F26"
"data\packages\arduino\tools\avr-gcc\7.3.0-atmel3.6.1-arduino7\avr\include\avr\iox8e5.h","File","383481","FE3041ED716D900887FF97BD7BF5AC6E09A409FFF036C7C66CFFB6DB0A79C1CB"
"data\packages\arduino\tools\avr-gcc\7.3.0-atmel3.6.1-arduino7\avr\include\avr\lock.h","File","8520","25D50151B6D307018BE0CF6307F586A14AEA07885F14CAFAE6D6434B62075C79"
"data\packages\arduino\tools\avr-gcc\7.3.0-atmel3.6.1-arduino7\avr\include\avr\parity.h","File","1721","949AD776C3D7245BD25F08F0B0B05F9D45DD630FAD4A85D44D353F9245E35F55"
"data\packages\arduino\tools\avr-gcc\7.3.0-atmel3.6.1-arduino7\avr\include\avr\pgmspace.h","File","71262","5E8AF74A13ECAF167738A51D5C1179D523D35057FC13D4AC0114E07F41C50F45"
"data\packages\arduino\tools\avr-gcc\7.3.0-atmel3.6.1-arduino7\avr\include\avr\portpins.h","File","13854","FE68DB55C60EFF33F91B86BCAD41F7C8A181D27C36300D737DDF958125EEC5B9"
"data\packages\arduino\tools\avr-gcc\7.3.0-atmel3.6.1-arduino7\avr\include\avr\power.h","File","56665","8A9F254354578A0B5944768B5932650D7CC5260E0D0293D37EDEFD8C58ED4F51"
"data\packages\arduino\tools\avr-gcc\7.3.0-atmel3.6.1-arduino7\avr\include\avr\sfr_defs.h","File","8845","045310C428BF77517300487E9434ECEDD4F98F7C879F6C6AE364E6012C5D77F5"
"data\packages\arduino\tools\avr-gcc\7.3.0-atmel3.6.1-arduino7\avr\include\avr\signal.h","File","1749","E52D5E1542B16FBE726618D4573559E48CD85B89CB36F401081093719E1FEEDE"
"data\packages\arduino\tools\avr-gcc\7.3.0-atmel3.6.1-arduino7\avr\include\avr\signature.h","File","3236","6FC91BD7D4F455C9E8AEF6747C17299C33B7E0DA21EFA11E82CAD3C47FF68076"
"data\packages\arduino\tools\avr-gcc\7.3.0-atmel3.6.1-arduino7\avr\include\avr\sleep.h","File","10285","E75966D0BB8708AB49734C4EE77BBAC8CF137D1A53F757663F6584DF53284E41"
"data\packages\arduino\tools\avr-gcc\7.3.0-atmel3.6.1-arduino7\avr\include\avr\version.h","File","3699","9FDFF81ACDBB6A5AF3598FDC4F23F55F2439E7AB677C26ACBFCC8051EA207368"
"data\packages\arduino\tools\avr-gcc\7.3.0-atmel3.6.1-arduino7\avr\include\avr\wdt.h","File","19907","F4CB48F33F0816959627AA579CEBFADB6D30C0C449C60AD94F142AE1E308B38D"
"data\packages\arduino\tools\avr-gcc\7.3.0-atmel3.6.1-arduino7\avr\include\avr\xmega.h","File","3573","3EC5DE6B33E1A42FDB0EE7C525CC445A87431C2D763DC4A8B1CC72E6C92ACA6D"
"data\packages\arduino\tools\avr-gcc\7.3.0-atmel3.6.1-arduino7\avr\include\compat","Directory","",""
"data\packages\arduino\tools\avr-gcc\7.3.0-atmel3.6.1-arduino7\avr\include\compat\deprecated.h","File","6894","97FBEA4F85850C34ED43AD36F587E0D2DA5EAD564F6CC75FB7CECE9FD842F17C"
"data\packages\arduino\tools\avr-gcc\7.3.0-atmel3.6.1-arduino7\avr\include\compat\ina90.h","File","3554","8E8DBB71DF6B03417D4426369395D4EA72C86180C5DEBD882C0D5DD7D60934E3"
"data\packages\arduino\tools\avr-gcc\7.3.0-atmel3.6.1-arduino7\avr\include\compat\twi.h","File","1662","05FF68D53B99FDA11F9FCB5E46746449C7B447E67CD9F66D70B941DC82228C56"
"data\packages\arduino\tools\avr-gcc\7.3.0-atmel3.6.1-arduino7\avr\include\ctype.h","File","5309","0BA6B51629F363C5B63C8FF9C0BED238D9ACF93569D17DE07430E37073EC87B2"
"data\packages\arduino\tools\avr-gcc\7.3.0-atmel3.6.1-arduino7\avr\include\errno.h","File","4587","F796806BA25CE440A286EF7C90C7B8D536800AAEA721B927862273ABCA47CF11"
"data\packages\arduino\tools\avr-gcc\7.3.0-atmel3.6.1-arduino7\avr\include\fcntl.h","File","23","8A24F02C85926823983E76DE0CC875A6F2C42416824A5492B8FEA689A68FC52A"
"data\packages\arduino\tools\avr-gcc\7.3.0-atmel3.6.1-arduino7\avr\include\inttypes.h","File","15788","586B6B2A09017F5608C1B78367C04B498AA6FB6A58684368F413D83443A2FCEF"
"data\packages\arduino\tools\avr-gcc\7.3.0-atmel3.6.1-arduino7\avr\include\locale.h","File","363","5FFDA13AD6486707613DAFBF5017DC6971321EB976CDF6ED84CEB81F53947D69"
"data\packages\arduino\tools\avr-gcc\7.3.0-atmel3.6.1-arduino7\avr\include\math.h","File","15620","145AF47055F005FF3CEABA26F2ED3D80057867EE3EDC356EDDE5E9F460BB3DB2"
"data\packages\arduino\tools\avr-gcc\7.3.0-atmel3.6.1-arduino7\avr\include\setjmp.h","File","5132","2A83C2134A1F24C1C450B2D8403DB19D3F2FD96F5D4624F5EE0945FA7D51CC28"
"data\packages\arduino\tools\avr-gcc\7.3.0-atmel3.6.1-arduino7\avr\include\signal.h","File","611","1C847646A1FB66729FA246AA78D02067B0EC6E828B81C854F52977C9CA99B177"
"data\packages\arduino\tools\avr-gcc\7.3.0-atmel3.6.1-arduino7\avr\include\stdfix-avrlibc.h","File","2022","3CBE5E2D4253B0A60E79A3E10DF53FBD9682A40683A92087952A764164790D24"
"data\packages\arduino\tools\avr-gcc\7.3.0-atmel3.6.1-arduino7\avr\include\stdint.h","File","16717","495D8AA0957D03E7A4C32781F372B812DB43FC7B5B29B20E515C324F5FA2DF36"
"data\packages\arduino\tools\avr-gcc\7.3.0-atmel3.6.1-arduino7\avr\include\stdio.h","File","36387","159624CBB19FE730C6038BBF2C15DAA8DC6A8FCBF21E67A44CCDA9F22E0201B2"
"data\packages\arduino\tools\avr-gcc\7.3.0-atmel3.6.1-arduino7\avr\include\stdlib.h","File","25152","FD38050069B9228608A0A4A06D25044D88F4CB3AF88DB4DA1C4CD7AF2CA124CD"
"data\packages\arduino\tools\avr-gcc\7.3.0-atmel3.6.1-arduino7\avr\include\string.h","File","24461","809DA1818CBC92EE20946CCB352E2715E66125219261D9139D3EBCB0E49D6A06"
"data\packages\arduino\tools\avr-gcc\7.3.0-atmel3.6.1-arduino7\avr\include\sys","Directory","",""
"data\packages\arduino\tools\avr-gcc\7.3.0-atmel3.6.1-arduino7\avr\include\sys\types.h","File","75","18987BBC2FE0955BE8AAD5D71989DEC21A3121B81516535789DD187496FB1441"
"data\packages\arduino\tools\avr-gcc\7.3.0-atmel3.6.1-arduino7\avr\include\time.h","File","18643","1A1115B663D7A791A5BD8C5A325B45C5B61E136372F4E27DC512EA2F6518E5C0"
"data\packages\arduino\tools\avr-gcc\7.3.0-atmel3.6.1-arduino7\avr\include\unistd.h","File","183","DCDA5068FE9299EDAC8D37D77D4F31B42C88DD0BC1821A9D64A61F830B23FB83"
"data\packages\arduino\tools\avr-gcc\7.3.0-atmel3.6.1-arduino7\avr\include\util","Directory","",""
"data\packages\arduino\tools\avr-gcc\7.3.0-atmel3.6.1-arduino7\avr\include\util\atomic.h","File","9894","7F8086185F093AAEEF001A6CFCA47BF229C0961A683072BD5DD82CAAEE8313E9"
"data\packages\arduino\tools\avr-gcc\7.3.0-atmel3.6.1-arduino7\avr\include\util\crc16.h","File","10813","9D6BE7E438A680130E7AD470CAF9E2BA4978A2A69754061B0B22AB3E792FA751"
"data\packages\arduino\tools\avr-gcc\7.3.0-atmel3.6.1-arduino7\avr\include\util\delay.h","File","10232","4D775031781969BD59DA91257D758C3176E5095F03901B73518A136A707C6641"
"data\packages\arduino\tools\avr-gcc\7.3.0-atmel3.6.1-arduino7\avr\include\util\delay_basic.h","File","4050","789BC57AEFB5162BC3CD59B8B41F7B9FF211EA375E0624B0714BE00230D6C962"
"data\packages\arduino\tools\avr-gcc\7.3.0-atmel3.6.1-arduino7\avr\include\util\eu_dst.h","File","4231","D18D07BCAD83BD1DAB76B6F056D838CA9C637C4B6F223D765A26D6359A1D86B8"
"data\packages\arduino\tools\avr-gcc\7.3.0-atmel3.6.1-arduino7\avr\include\util\parity.h","File","2440","E3F33AC31070D53A36FE0462F51F16DE7FD208A8A113897902A73BB732F4DD33"
"data\packages\arduino\tools\avr-gcc\7.3.0-atmel3.6.1-arduino7\avr\include\util\setbaud.h","File","6677","058F15A12DA7AE5EE732ECEEEEF9985D5B3F1F3BCAF69430096BA37DDB043F8C"
"data\packages\arduino\tools\avr-gcc\7.3.0-atmel3.6.1-arduino7\avr\include\util\twi.h","File","6294","541DBAD4C17019C6A824A57655073ABD1021210D291AD1219121B8F3B1596CBB"
"data\packages\arduino\tools\avr-gcc\7.3.0-atmel3.6.1-arduino7\avr\include\util\usa_dst.h","File","4371","5C7A9ECC8252FCAA1F11A6401844EDB526380733AD3234E422BD321FBF4D1E72"
"data\packages\arduino\tools\avr-gcc\7.3.0-atmel3.6.1-arduino7\avr\lib","Directory","",""
"data\packages\arduino\tools\avr-gcc\7.3.0-atmel3.6.1-arduino7\avr\lib\avr25","Directory","",""
"data\packages\arduino\tools\avr-gcc\7.3.0-atmel3.6.1-arduino7\avr\lib\avr25\crtat86rf401.o","File","1564","7B880382FA7AF38BA28E83AFDC50F3D1F90E33733C54AF0334A883F75AC1E7A6"
"data\packages\arduino\tools\avr-gcc\7.3.0-atmel3.6.1-arduino7\avr\lib\avr25\crtata5272.o","File","7704","E44DD9F99B69C2FEE4367A84606CECE8918613DE83B59A2F6AAEB752992F8770"
"data\packages\arduino\tools\avr-gcc\7.3.0-atmel3.6.1-arduino7\avr\lib\avr25\crtata6616c.o","File","7044","9116373A5DBAF724D8FF738FFEDC16A9A3AFF52A1C90E03FE6705F5187454E85"
"data\packages\arduino\tools\avr-gcc\7.3.0-atmel3.6.1-arduino7\avr\lib\avr25\crtattiny4313.o","File","5848","7634D5849FDA04990099C0E8610BB870248445636D4C0C1E5C7E5DFF71883D3B"
"data\packages\arduino\tools\avr-gcc\7.3.0-atmel3.6.1-arduino7\avr\lib\avr25\crtattiny43u.o","File","5432","1E042485E7EFB4289889007913B6CB52E07984BDCDCE046F2FB7ADFEC2A6AA81"
"data\packages\arduino\tools\avr-gcc\7.3.0-atmel3.6.1-arduino7\avr\lib\avr25\crtattiny44.o","File","5528","58D10E030916F4FE0889832ECC6D2868729007DDC332E3AA1BBCCB1B1A64C437"
"data\packages\arduino\tools\avr-gcc\7.3.0-atmel3.6.1-arduino7\avr\lib\avr25\crtattiny441.o","File","8540","B35732FD13C64B2440CBAB5E7FCAE9993E1A89927CB782576891615CBB4CAB33"
"data\packages\arduino\tools\avr-gcc\7.3.0-atmel3.6.1-arduino7\avr\lib\avr25\crtattiny44a.o","File","5528","37F7E6370A439F6C289022C8A66DCEA91E21810F5C85BACFBAA5D2BCB4598F40"
"data\packages\arduino\tools\avr-gcc\7.3.0-atmel3.6.1-arduino7\avr\lib\avr25\crtattiny45.o","File","5432","1950E0BA3D85CC8AB911033522FFECBE105BAE4A3076EBBD448F41861E42203B"
"data\packages\arduino\tools\avr-gcc\7.3.0-atmel3.6.1-arduino7\avr\lib\avr25\crtattiny461.o","File","6032","6FCC53E1E73BADC1DB704DADEF6B7B805EF1474C8AD22A06804D56F121A31CFB"
"data\packages\arduino\tools\avr-gcc\7.3.0-atmel3.6.1-arduino7\avr\lib\avr25\crtattiny461a.o","File","6036","35D725405CC145465CF3D4C7C022C874A4ED79DC226710DF91F0D8A8F45678B7"
"data\packages\arduino\tools\avr-gcc\7.3.0-atmel3.6.1-arduino7\avr\lib\avr25\crtattiny48.o","File","6648","A156F98CBD584E60D33588FDD8870E7C7F2CFD963347CB9BD0C01F1484489B48"
"data\packages\arduino\tools\avr-gcc\7.3.0-atmel3.6.1-arduino7\avr\lib\avr25\crtattiny828.o","File","7924","09B8A81813ECA6C76F4800B656F9391AC9F5041F3A998CA4B8B62849637A99D3"
"data\packages\arduino\tools\avr-gcc\7.3.0-atmel3.6.1-arduino7\avr\lib\avr25\crtattiny84.o","File","5528","9DB23D5ADCEDD3DAFFDB32D43D8D29A2FDB81F413E8077AA07F9E87E55572CE2"
"data\packages\arduino\tools\avr-gcc\7.3.0-atmel3.6.1-arduino7\avr\lib\avr25\crtattiny841.o","File","8540","81824E393F74FCE8AE21F4E25E25F5FE6DD89BC5ABCB46CB0E1B9A09EFDD4F88"
"data\packages\arduino\tools\avr-gcc\7.3.0-atmel3.6.1-arduino7\avr\lib\avr25\crtattiny84a.o","File","5528","8C827915A3B2C084A5C11480A2A3BD8C885B4D3D793A4A5F678895F8957B3197"
"data\packages\arduino\tools\avr-gcc\7.3.0-atmel3.6.1-arduino7\avr\lib\avr25\crtattiny85.o","File","5432","EE371AE53F5A9630AABC4EC47922D04CBCE455E983D25CE7BCCC806F0068A254"
"data\packages\arduino\tools\avr-gcc\7.3.0-atmel3.6.1-arduino7\avr\lib\avr25\crtattiny861.o","File","6032","EAE2166695E4D6FCDF159373C4E4FEAC3219B41C85416EAD3136A50FFA5ADC5A"
"data\packages\arduino\tools\avr-gcc\7.3.0-atmel3.6.1-arduino7\avr\lib\avr25\crtattiny861a.o","File","6036","796F2ADE5FBF356ECD5D59338DEF28953386C93ABA5CA01D713BA1ADC749B43B"
"data\packages\arduino\tools\avr-gcc\7.3.0-atmel3.6.1-arduino7\avr\lib\avr25\crtattiny87.o","File","6992","19A40E1835C9C399D0240D35F33A931BB7373713BFC1370F806C128374346706"
"data\packages\arduino\tools\avr-gcc\7.3.0-atmel3.6.1-arduino7\avr\lib\avr25\crtattiny88.o","File","6648","8C8FDD087C85B9698FD06463F70D48D616E45D9E56B7E47C69F6C261A3F759C1"
"data\packages\arduino\tools\avr-gcc\7.3.0-atmel3.6.1-arduino7\avr\lib\avr25\libat86rf401.a","File","10780","5B335CAA4C166637D02D7A95598626E2A30480ABDBDA5E6526444DD139CC71F8"
"data\packages\arduino\tools\avr-gcc\7.3.0-atmel3.6.1-arduino7\avr\lib\avr25\libata5272.a","File","10812","B5B7AE852A7F61107A45FF611EF220FC3D7DE58A12BB5164DFF9425EE5CEE5AC"
"data\packages\arduino\tools\avr-gcc\7.3.0-atmel3.6.1-arduino7\avr\lib\avr25\libata6616c.a","File","10812","B5B7AE852A7F61107A45FF611EF220FC3D7DE58A12BB5164DFF9425EE5CEE5AC"
"data\packages\arduino\tools\avr-gcc\7.3.0-atmel3.6.1-arduino7\avr\lib\avr25\libattiny4313.a","File","10792","40A8CF3CB90FCA3E7576784976935691B126D76D181BE77228D55E3FCCC329ED"
"data\packages\arduino\tools\avr-gcc\7.3.0-atmel3.6.1-arduino7\avr\lib\avr25\libattiny43u.a","File","10792","DE197295CAD8D0533F86C66B8D80C764C75C09E207413EBED3369547EB1E8AD2"
"data\packages\arduino\tools\avr-gcc\7.3.0-atmel3.6.1-arduino7\avr\lib\avr25\libattiny44.a","File","10796","83C8669F805A2045048BC5FC0AE6A83CF4DA9E75AAE15EE7594216766194B492"
"data\packages\arduino\tools\avr-gcc\7.3.0-atmel3.6.1-arduino7\avr\lib\avr25\libattiny441.a","File","10796","83C8669F805A2045048BC5FC0AE6A83CF4DA9E75AAE15EE7594216766194B492"
"data\packages\arduino\tools\avr-gcc\7.3.0-atmel3.6.1-arduino7\avr\lib\avr25\libattiny44a.a","File","10796","83C8669F805A2045048BC5FC0AE6A83CF4DA9E75AAE15EE7594216766194B492"
"data\packages\arduino\tools\avr-gcc\7.3.0-atmel3.6.1-arduino7\avr\lib\avr25\libattiny45.a","File","10796","83C8669F805A2045048BC5FC0AE6A83CF4DA9E75AAE15EE7594216766194B492"
"data\packages\arduino\tools\avr-gcc\7.3.0-atmel3.6.1-arduino7\avr\lib\avr25\libattiny461.a","File","10796","83C8669F805A2045048BC5FC0AE6A83CF4DA9E75AAE15EE7594216766194B492"
"data\packages\arduino\tools\avr-gcc\7.3.0-atmel3.6.1-arduino7\avr\lib\avr25\libattiny461a.a","File","10796","D9C03029A2E4D2C654C6E1DB301DBC605E19B1C0AE8AF015F1FC4C323ED0B34A"
"data\packages\arduino\tools\avr-gcc\7.3.0-atmel3.6.1-arduino7\avr\lib\avr25\libattiny48.a","File","10792","CEFAB77BD9966F25DFFC50E238A814F041820F6E7897410EFF5464A115B6DBE7"
"data\packages\arduino\tools\avr-gcc\7.3.0-atmel3.6.1-arduino7\avr\lib\avr25\libattiny828.a","File","10792","CEFAB77BD9966F25DFFC50E238A814F041820F6E7897410EFF5464A115B6DBE7"
"data\packages\arduino\tools\avr-gcc\7.3.0-atmel3.6.1-arduino7\avr\lib\avr25\libattiny84.a","File","10812","29854622B7344DE8D4C57DED0094ED4302AA4687264F29488DFF8D050F5C0056"
"data\packages\arduino\tools\avr-gcc\7.3.0-atmel3.6.1-arduino7\avr\lib\avr25\libattiny841.a","File","10812","EE60AFE1C34F55AD9C9B38632A6F4D3F5C1646F1508180E8CAC381421056B0F4"
"data\packages\arduino\tools\avr-gcc\7.3.0-atmel3.6.1-arduino7\avr\lib\avr25\libattiny84a.a","File","10812","EE60AFE1C34F55AD9C9B38632A6F4D3F5C1646F1508180E8CAC381421056B0F4"
"data\packages\arduino\tools\avr-gcc\7.3.0-atmel3.6.1-arduino7\avr\lib\avr25\libattiny85.a","File","10812","25CC11A7172A7E0C05D1F363492DC50B0D65E6DBB1E1D5A4BA0BE68F5726450F"
"data\packages\arduino\tools\avr-gcc\7.3.0-atmel3.6.1-arduino7\avr\lib\avr25\libattiny861.a","File","10812","0F864410A10B41C1FEB3F1FDA0E0D054E51058B2AC3502F2FAF2A6088CB0A00E"
"data\packages\arduino\tools\avr-gcc\7.3.0-atmel3.6.1-arduino7\avr\lib\avr25\libattiny861a.a","File","10812","0F864410A10B41C1FEB3F1FDA0E0D054E51058B2AC3502F2FAF2A6088CB0A00E"
"data\packages\arduino\tools\avr-gcc\7.3.0-atmel3.6.1-arduino7\avr\lib\avr25\libattiny87.a","File","10812","1AE333C7CC5D48F60A11B5672F35CA0747159E634FBE21385AB16CAE445B23B5"
"data\packages\arduino\tools\avr-gcc\7.3.0-atmel3.6.1-arduino7\avr\lib\avr25\libattiny88.a","File","10792","9A0E078B21FFB9674F951A674A8DAB9C5550E5E575CB740279D3107995AA7067"
"data\packages\arduino\tools\avr-gcc\7.3.0-atmel3.6.1-arduino7\avr\lib\avr25\libc.a","File","291462","DC4849AED00DB045C9E9DBC626AD2A91C0DB2D8C490FC879D408828126B2070B"
"data\packages\arduino\tools\avr-gcc\7.3.0-atmel3.6.1-arduino7\avr\lib\avr25\libm.a","File","65688","0B339CE6D001405B6516595653E32434830C5A107B7A5B46918A2C025569612B"
"data\packages\arduino\tools\avr-gcc\7.3.0-atmel3.6.1-arduino7\avr\lib\avr25\libprintf_flt.a","File","5746","1AF7241D9001A45793B7CC5FA0B5C4F837745E017D58CCF0F4A48E457C45AD57"
"data\packages\arduino\tools\avr-gcc\7.3.0-atmel3.6.1-arduino7\avr\lib\avr25\libprintf_min.a","File","2662","189296BAFCF0BCB06C0B9E268C4D3B5DDA55882F307D38DC370E2D2CD4E82AC4"
"data\packages\arduino\tools\avr-gcc\7.3.0-atmel3.6.1-arduino7\avr\lib\avr25\libscanf_flt.a","File","6660","A16F22C16ABDA9427351815D27FDC4EE172D9A49A3C3C1054388CE9149E124EB"
"data\packages\arduino\tools\avr-gcc\7.3.0-atmel3.6.1-arduino7\avr\lib\avr25\libscanf_min.a","File","3640","E10C88A24CF31AF3663F6FD20DD99091910178C68ECE7F06BBD195A5DCD944D4"
"data\packages\arduino\tools\avr-gcc\7.3.0-atmel3.6.1-arduino7\avr\lib\avr25\tiny-stack","Directory","",""
"data\packages\arduino\tools\avr-gcc\7.3.0-atmel3.6.1-arduino7\avr\lib\avr25\tiny-stack\crtattiny13.o","File","4152","D684D35A8985D3F13568517BF6D229BFBB075DEB84244BA89FE82F3EFD3A8334"
"data\packages\arduino\tools\avr-gcc\7.3.0-atmel3.6.1-arduino7\avr\lib\avr25\tiny-stack\crtattiny13a.o","File","4256","210751EB09852A101EE3102D15241A1B092ED365F96BC343DE8701FCBAA42DE7"
"data\packages\arduino\tools\avr-gcc\7.3.0-atmel3.6.1-arduino7\avr\lib\avr25\tiny-stack\crtattiny2313.o","File","5536","7CE384810688B87E1C055559E98F8706C2D46AA80711A50DF2B195AA2C105BFC"
"data\packages\arduino\tools\avr-gcc\7.3.0-atmel3.6.1-arduino7\avr\lib\avr25\tiny-stack\crtattiny2313a.o","File","5832","35C01F22903B827170A6360DF95BCF89F1AB0B86855D75B9741F55D89DEE36AB"
"data\packages\arduino\tools\avr-gcc\7.3.0-atmel3.6.1-arduino7\avr\lib\avr25\tiny-stack\crtattiny24.o","File","5512","AE3EE5D38BDA835C833F3BDC376705D81636806F51AAD697D6C22CC166DE2DB7"
"data\packages\arduino\tools\avr-gcc\7.3.0-atmel3.6.1-arduino7\avr\lib\avr25\tiny-stack\crtattiny24a.o","File","5512","795FB355234314575A18290E5D10B88E51D2777103253D3EF692627795FBA4F1"
"data\packages\arduino\tools\avr-gcc\7.3.0-atmel3.6.1-arduino7\avr\lib\avr25\tiny-stack\crtattiny25.o","File","5416","CF04A0DCD905D5DAA86624A21B8E5F4569A258F8FB30DE9A7F26A204726E59C8"
"data\packages\arduino\tools\avr-gcc\7.3.0-atmel3.6.1-arduino7\avr\lib\avr25\tiny-stack\crtattiny261.o","File","6016","5C84748F2707ED15E55406D49C61BF4351F3E284EC375B81536C24B91DC3D0A7"
"data\packages\arduino\tools\avr-gcc\7.3.0-atmel3.6.1-arduino7\avr\lib\avr25\tiny-stack\crtattiny261a.o","File","6020","CE8C8085136A782FFEB15D66F0CF0A16A29E0A4D912256A73E6248EF211EFADD"
"data\packages\arduino\tools\avr-gcc\7.3.0-atmel3.6.1-arduino7\avr\lib\avr25\tiny-stack\libattiny13.a","File","10760","5837AB348269D463609F2124491C2EFD2697DC83188D258BB536C960A6C38628"
"data\packages\arduino\tools\avr-gcc\7.3.0-atmel3.6.1-arduino7\avr\lib\avr25\tiny-stack\libattiny13a.a","File","10760","5F22713C90CF6E60B3CF47AD162B0BEAF2CD9365CD0D10F97EA66A5D8C873FDE"
"data\packages\arduino\tools\avr-gcc\7.3.0-atmel3.6.1-arduino7\avr\lib\avr25\tiny-stack\libattiny2313.a","File","10760","5F22713C90CF6E60B3CF47AD162B0BEAF2CD9365CD0D10F97EA66A5D8C873FDE"
"data\packages\arduino\tools\avr-gcc\7.3.0-atmel3.6.1-arduino7\avr\lib\avr25\tiny-stack\libattiny2313a.a","File","10760","5F22713C90CF6E60B3CF47AD162B0BEAF2CD9365CD0D10F97EA66A5D8C873FDE"
"data\packages\arduino\tools\avr-gcc\7.3.0-atmel3.6.1-arduino7\avr\lib\avr25\tiny-stack\libattiny24.a","File","10764","2B4ED4A944108EE92D386E8843DEB4FC1E53E0B239F94667917B165C6A96B306"
"data\packages\arduino\tools\avr-gcc\7.3.0-atmel3.6.1-arduino7\avr\lib\avr25\tiny-stack\libattiny24a.a","File","10764","2B4ED4A944108EE92D386E8843DEB4FC1E53E0B239F94667917B165C6A96B306"
"data\packages\arduino\tools\avr-gcc\7.3.0-atmel3.6.1-arduino7\avr\lib\avr25\tiny-stack\libattiny25.a","File","10764","2B4ED4A944108EE92D386E8843DEB4FC1E53E0B239F94667917B165C6A96B306"
"data\packages\arduino\tools\avr-gcc\7.3.0-atmel3.6.1-arduino7\avr\lib\avr25\tiny-stack\libattiny261.a","File","10764","95B165ED7702417997ED203848CE1785A49777FDC905D81313013DF2BF376AB7"
"data\packages\arduino\tools\avr-gcc\7.3.0-atmel3.6.1-arduino7\avr\lib\avr25\tiny-stack\libattiny261a.a","File","10764","95B165ED7702417997ED203848CE1785A49777FDC905D81313013DF2BF376AB7"
"data\packages\arduino\tools\avr-gcc\7.3.0-atmel3.6.1-arduino7\avr\lib\avr25\tiny-stack\libc.a","File","288714","923BABED2A0C118514B7F755F926A963F8F8F1624EDF1FCC7ADD336DAC8197B3"
"data\packages\arduino\tools\avr-gcc\7.3.0-atmel3.6.1-arduino7\avr\lib\avr25\tiny-stack\libm.a","File","65688","CC620FEA2BFCFFBD1267751541A86456A4B208FD21BB0E3305CCAD5A38328D15"
"data\packages\arduino\tools\avr-gcc\7.3.0-atmel3.6.1-arduino7\avr\lib\avr25\tiny-stack\libprintf_flt.a","File","5722","FBA6E440CC886F41743024E6ADCE5EC412A6B66EB3C3E1450247527E58473CAE"
"data\packages\arduino\tools\avr-gcc\7.3.0-atmel3.6.1-arduino7\avr\lib\avr25\tiny-stack\libprintf_min.a","File","2638","17FF41FA0D495840B1AA702574A50958DA89A0BBAEB3751CB9F2B56A978D8F4A"
"data\packages\arduino\tools\avr-gcc\7.3.0-atmel3.6.1-arduino7\avr\lib\avr25\tiny-stack\libscanf_flt.a","File","6636","F39C0AC66A50D033B53A8FC9BFC7E61EA4A5C8385DD9257851E5242F8041D35F"
"data\packages\arduino\tools\avr-gcc\7.3.0-atmel3.6.1-arduino7\avr\lib\avr25\tiny-stack\libscanf_min.a","File","3616","58A01A8F14429B6332ECB0A5F96947DAB3AA014BC247245EA5971325B284CA10"
"data\packages\arduino\tools\avr-gcc\7.3.0-atmel3.6.1-arduino7\avr\lib\avr3","Directory","",""
"data\packages\arduino\tools\avr-gcc\7.3.0-atmel3.6.1-arduino7\avr\lib\avr3\crtat43usb355.o","File","1880","A822159F2733FDB5B077586E530504F40556D9AD3F3FC74AA7A3FEDB9C937A1F"
"data\packages\arduino\tools\avr-gcc\7.3.0-atmel3.6.1-arduino7\avr\lib\avr3\crtat76c711.o","File","1964","7C37466DA5A401E31E6C82A7C09CC0D88A7304D250D18E995CC00833032D7ADB"
"data\packages\arduino\tools\avr-gcc\7.3.0-atmel3.6.1-arduino7\avr\lib\avr3\libat43usb355.a","File","7460","8494A9510279518D332EB8E9317D95810F190ACAC330854D20D9232C2221C733"
"data\packages\arduino\tools\avr-gcc\7.3.0-atmel3.6.1-arduino7\avr\lib\avr3\libat76c711.a","File","7460","8494A9510279518D332EB8E9317D95810F190ACAC330854D20D9232C2221C733"
"data\packages\arduino\tools\avr-gcc\7.3.0-atmel3.6.1-arduino7\avr\lib\avr3\libc.a","File","295558","6F1F1DE476BE96F281F2A64FBC29510F8D1159A6374F6C41E68764363636F46F"
"data\packages\arduino\tools\avr-gcc\7.3.0-atmel3.6.1-arduino7\avr\lib\avr3\libm.a","File","66252","5530446B70DCF19C943600338C507FBE9E03070EF1528586CC4B0C22C6EE89E7"
"data\packages\arduino\tools\avr-gcc\7.3.0-atmel3.6.1-arduino7\avr\lib\avr3\libprintf_flt.a","File","5990","50BE226F855926903EDFC0063CE933C88D5040F7E77B54DCF3B9EA9A644C5369"
"data\packages\arduino\tools\avr-gcc\7.3.0-atmel3.6.1-arduino7\avr\lib\avr3\libprintf_min.a","File","2794","68897C834BCF9A30C6246C49283B6AC40BA5D3BDBB7C03B49FD5312A05A0D30C"
"data\packages\arduino\tools\avr-gcc\7.3.0-atmel3.6.1-arduino7\avr\lib\avr3\libscanf_flt.a","File","7124","D85B8A77E608288C6C64CF0FA2CB2E5CF1C951A3A843C89DB03EC07DC81FAF08"
"data\packages\arduino\tools\avr-gcc\7.3.0-atmel3.6.1-arduino7\avr\lib\avr3\libscanf_min.a","File","3876","7E623C532A54649FCA18672F7608F9035C90BF0CD348EB7F9E29659514EE9DDE"
"data\packages\arduino\tools\avr-gcc\7.3.0-atmel3.6.1-arduino7\avr\lib\avr31","Directory","",""
"data\packages\arduino\tools\avr-gcc\7.3.0-atmel3.6.1-arduino7\avr\lib\avr31\crtat43usb320.o","File","1880","4A0421090C5B86367FC7824BBED115C7B6D9B69820234E9D5366CDDA4178F7C7"
"data\packages\arduino\tools\avr-gcc\7.3.0-atmel3.6.1-arduino7\avr\lib\avr31\crtatmega103.o","File","2368","C17E6F0113F1826C4E5E10C331E9F6F4CA0926EDFC8AEBE357B1DCF0D745B0FA"
"data\packages\arduino\tools\avr-gcc\7.3.0-atmel3.6.1-arduino7\avr\lib\avr31\libat43usb320.a","File","7484","F1EBB1FD88EC95DD620B4BD886566C304F290ECF778D0250ADE5891798D6A309"
"data\packages\arduino\tools\avr-gcc\7.3.0-atmel3.6.1-arduino7\avr\lib\avr31\libatmega103.a","File","10872","B340B3206454917D46A9218D43E01BB1A170DE4B24C0E5CB622E333AEBC17FC8"
"data\packages\arduino\tools\avr-gcc\7.3.0-atmel3.6.1-arduino7\avr\lib\avr31\libc.a","File","298666","67C7B683EAA51484898FB8BD5EA399E2C9AFF6438B5D7A76C1CA899DBE17CDC8"
"data\packages\arduino\tools\avr-gcc\7.3.0-atmel3.6.1-arduino7\avr\lib\avr31\libm.a","File","66252","7CD2B6B9ABCF8A5EEA3887DEEFDFE3BB6649236C04888B5202B84AC2DA51D1B4"
"data\packages\arduino\tools\avr-gcc\7.3.0-atmel3.6.1-arduino7\avr\lib\avr31\libprintf_flt.a","File","6058","C1F1FE0D7FFE8AE3122AF6E0519BD7918FB357CFC7505C0E7458DF6C1F698AF1"
"data\packages\arduino\tools\avr-gcc\7.3.0-atmel3.6.1-arduino7\avr\lib\avr31\libprintf_min.a","File","2818","EF0E4C1080E7F2F9FCCE73708D9AA780FBEBF1926164CD6B0BDADAA0EFB8D636"
"data\packages\arduino\tools\avr-gcc\7.3.0-atmel3.6.1-arduino7\avr\lib\avr31\libscanf_flt.a","File","7192","6DAAFD3A3181314777FC7184A1DD75EFACDE0510B87E3B75F3B150E255A2BC8D"
"data\packages\arduino\tools\avr-gcc\7.3.0-atmel3.6.1-arduino7\avr\lib\avr31\libscanf_min.a","File","3916","EF2417B400EA159D2845BAE49F6229A78383F26976210479085BBE7197365F7C"
"data\packages\arduino\tools\avr-gcc\7.3.0-atmel3.6.1-arduino7\avr\lib\avr35","Directory","",""
"data\packages\arduino\tools\avr-gcc\7.3.0-atmel3.6.1-arduino7\avr\lib\avr35\crtat90usb162.o","File","8076","C4FECAE7FD71851E86BF8BEFD08D81979AEDD5AE5BCBA88DAC943DCB72C991F6"
"data\packages\arduino\tools\avr-gcc\7.3.0-atmel3.6.1-arduino7\avr\lib\avr35\crtat90usb82.o","File","8072","74073C8D8CE5A103759249BA345A0B8F28C4FB5D8CC30C8B8AD9C129E6EE9CEA"
"data\packages\arduino\tools\avr-gcc\7.3.0-atmel3.6.1-arduino7\avr\lib\avr35\crtata5505.o","File","7036","3362D60428C124504A5F6AEBCC4CE4B955209F1EEA84E68E3BB0B45B925F44A8"
"data\packages\arduino\tools\avr-gcc\7.3.0-atmel3.6.1-arduino7\avr\lib\avr35\crtata6617c.o","File","7092","21404BDA05F4455F706A2947018B83EF4FC1E9A4BECEB6A2EB1F03AD71FFADB7"
"data\packages\arduino\tools\avr-gcc\7.3.0-atmel3.6.1-arduino7\avr\lib\avr35\crtata664251.o","File","7092","A403A7845FD6D3F47A67DBDC2DB42993118E75294985FB26B41B34F0AB807B8C"
"data\packages\arduino\tools\avr-gcc\7.3.0-atmel3.6.1-arduino7\avr\lib\avr35\crtatmega16u2.o","File","8076","5067590EF97CE235399ACC8304AE3EF1461DBD8B390771585BAC6DF864E4A277"
"data\packages\arduino\tools\avr-gcc\7.3.0-atmel3.6.1-arduino7\avr\lib\avr35\crtatmega32u2.o","File","8076","7AE1B6D86347D5D5E119636AD0F2A87B36E80F46D5823649A27452003822F5F3"
"data\packages\arduino\tools\avr-gcc\7.3.0-atmel3.6.1-arduino7\avr\lib\avr35\crtatmega8u2.o","File","7968","53DA175D787C3A449FAD6E745D7AF69BF5E79967B4190591A465F838FF87C7B7"
"data\packages\arduino\tools\avr-gcc\7.3.0-atmel3.6.1-arduino7\avr\lib\avr35\crtattiny1634.o","File","7868","61C8B3A796700FBDA6D37961AB31A3EDBB204EC2E5773882FBD46E4B62E11A8A"
"data\packages\arduino\tools\avr-gcc\7.3.0-atmel3.6.1-arduino7\avr\lib\avr35\crtattiny167.o","File","7036","DAE84DEC16C16593D689BAE3F585CD3FC3B2794FF548EA43C4015C18AECB96F8"
"data\packages\arduino\tools\avr-gcc\7.3.0-atmel3.6.1-arduino7\avr\lib\avr35\libat90usb162.a","File","10832","ADA413550D925BA341FE5E86C1E4241E459CCA3F8AA15780EA3251B668915E6F"
"data\packages\arduino\tools\avr-gcc\7.3.0-atmel3.6.1-arduino7\avr\lib\avr35\libat90usb82.a","File","10832","ADA413550D925BA341FE5E86C1E4241E459CCA3F8AA15780EA3251B668915E6F"
"data\packages\arduino\tools\avr-gcc\7.3.0-atmel3.6.1-arduino7\avr\lib\avr35\libata5505.a","File","10832","ADA413550D925BA341FE5E86C1E4241E459CCA3F8AA15780EA3251B668915E6F"
"data\packages\arduino\tools\avr-gcc\7.3.0-atmel3.6.1-arduino7\avr\lib\avr35\libata6617c.a","File","10832","70CCA8007285F8D074685F299777BD65074B65519709F10AA08B91322AA9E01F"
"data\packages\arduino\tools\avr-gcc\7.3.0-atmel3.6.1-arduino7\avr\lib\avr35\libata664251.a","File","10832","61DAEA91EB63921DDC60667026CFB3F60B70E03188539E0E485E6785EDA7DF9E"
"data\packages\arduino\tools\avr-gcc\7.3.0-atmel3.6.1-arduino7\avr\lib\avr35\libatmega16u2.a","File","10832","61DAEA91EB63921DDC60667026CFB3F60B70E03188539E0E485E6785EDA7DF9E"
"data\packages\arduino\tools\avr-gcc\7.3.0-atmel3.6.1-arduino7\avr\lib\avr35\libatmega32u2.a","File","10832","61DAEA91EB63921DDC60667026CFB3F60B70E03188539E0E485E6785EDA7DF9E"
"data\packages\arduino\tools\avr-gcc\7.3.0-atmel3.6.1-arduino7\avr\lib\avr35\libatmega8u2.a","File","10832","61DAEA91EB63921DDC60667026CFB3F60B70E03188539E0E485E6785EDA7DF9E"
"data\packages\arduino\tools\avr-gcc\7.3.0-atmel3.6.1-arduino7\avr\lib\avr35\libattiny1634.a","File","10832","F5CC646CDE0B3F96E0E1A10369B4226BAB2EAEB681F06DF9BFC8C01889C2AD99"
"data\packages\arduino\tools\avr-gcc\7.3.0-atmel3.6.1-arduino7\avr\lib\avr35\libattiny167.a","File","10832","7931CA5D787AF88C7FAAF22A4843D75AFF30DD48299CC8055DD821AAED481DB9"
"data\packages\arduino\tools\avr-gcc\7.3.0-atmel3.6.1-arduino7\avr\lib\avr35\libc.a","File","292646","CFCDCAC871B56BE44CE39278BCCD455ACBA596ED7EC40B0C42011DFAAD854F81"
"data\packages\arduino\tools\avr-gcc\7.3.0-atmel3.6.1-arduino7\avr\lib\avr35\libm.a","File","66092","38BAFF7FDD2BFC4EAB2EB2AC0334D8BD181E53ED878D1649F9A05C60C20ADA20"
"data\packages\arduino\tools\avr-gcc\7.3.0-atmel3.6.1-arduino7\avr\lib\avr35\libprintf_flt.a","File","5810","D4CCAA938D9420875F9EEA1E63A21358E7BBF8376E61E243960ADC29BB85CC58"
"data\packages\arduino\tools\avr-gcc\7.3.0-atmel3.6.1-arduino7\avr\lib\avr35\libprintf_min.a","File","2686","52695B99BE24A774F6D8D58ACC18A030CD31D9F9C5704CADB65F864B4B1D93E2"
"data\packages\arduino\tools\avr-gcc\7.3.0-atmel3.6.1-arduino7\avr\lib\avr35\libscanf_flt.a","File","6772","31BABBE415AD8AF94EFF5CB62B14D31BD625C451AE04A3CFFF0A85D96221CC34"
"data\packages\arduino\tools\avr-gcc\7.3.0-atmel3.6.1-arduino7\avr\lib\avr35\libscanf_min.a","File","3692","21CC571501068BAE62CBA4B6614CE9A0340D2B2F4FB7F956E36576960AC8B8BD"
"data\packages\arduino\tools\avr-gcc\7.3.0-atmel3.6.1-arduino7\avr\lib\avr4","Directory","",""
"data\packages\arduino\tools\avr-gcc\7.3.0-atmel3.6.1-arduino7\avr\lib\avr4\crtat90pwm1.o","File","8128","E5B7D47CE58182D83EA304B81E6B1E07C35E20056300793DC4B2F3B93482C953"
"data\packages\arduino\tools\avr-gcc\7.3.0-atmel3.6.1-arduino7\avr\lib\avr4\crtat90pwm2.o","File","2652","4DB76FCDC4B2E6ECAB6D869A82BDB775B5D970F3A058A89F74C90A80B8DC053F"
"data\packages\arduino\tools\avr-gcc\7.3.0-atmel3.6.1-arduino7\avr\lib\avr4\crtat90pwm2b.o","File","8708","386F8098726D6C29EDA09294379C572F14D96128807793E5C70F95D7255707BA"
"data\packages\arduino\tools\avr-gcc\7.3.0-atmel3.6.1-arduino7\avr\lib\avr4\crtat90pwm3.o","File","2652","ABF483BD0B5686A4492C64C79C2EA50F4F87C382C02CEC46DB0EABA9DB56AF0C"
"data\packages\arduino\tools\avr-gcc\7.3.0-atmel3.6.1-arduino7\avr\lib\avr4\crtat90pwm3b.o","File","9508","FFB66039C82D8E3FACE3D110F1BAA402F6C0C5E915FBC091C5D484372334B139"
"data\packages\arduino\tools\avr-gcc\7.3.0-atmel3.6.1-arduino7\avr\lib\avr4\crtat90pwm81.o","File","7308","1748BC79AB6BC545D9574E6ADC672380BEE82AEAC777AB3298F2875E054B9A82"
"data\packages\arduino\tools\avr-gcc\7.3.0-atmel3.6.1-arduino7\avr\lib\avr4\crtata6285.o","File","7204","836E16D8AA3C4778A31C915766325A39131D09987D42CDB6BF69659A183E001D"
"data\packages\arduino\tools\avr-gcc\7.3.0-atmel3.6.1-arduino7\avr\lib\avr4\crtata6286.o","File","7204","85B28A645B99C16A4AFF7D71CB7A6C318AFE7361057E689A65528648FA85E618"
"data\packages\arduino\tools\avr-gcc\7.3.0-atmel3.6.1-arduino7\avr\lib\avr4\crtata6289.o","File","2440","75C17F07D2F01116A22EACFADFDD85CC675820BD89B9E40983BC550BC74CA1C2"
"data\packages\arduino\tools\avr-gcc\7.3.0-atmel3.6.1-arduino7\avr\lib\avr4\crtata6612c.o","File","7276","F1C090D69B0CBB40031AFEF869ED5A2B4BE8808D889ED3168CFDE09F658FFAED"
"data\packages\arduino\tools\avr-gcc\7.3.0-atmel3.6.1-arduino7\avr\lib\avr4\crtatmega48.o","File","7276","782D0EE90F468A617C08EF0A20CD0A420AB6227D4038BE7712FCA5DB563BA579"
"data\packages\arduino\tools\avr-gcc\7.3.0-atmel3.6.1-arduino7\avr\lib\avr4\crtatmega48a.o","File","7276","E8DDC2B161BCDA1CC45AC162406826C2B31A9ABA964CDF4BD914C3D25FCDEA91"
"data\packages\arduino\tools\avr-gcc\7.3.0-atmel3.6.1-arduino7\avr\lib\avr4\crtatmega48p.o","File","7276","6FC69DCE585A5073C972754B97813D956C5AC06EC1D451D6B0BFEDB83C3AC739"
"data\packages\arduino\tools\avr-gcc\7.3.0-atmel3.6.1-arduino7\avr\lib\avr4\crtatmega48pa.o","File","7280","24A0989A00D646276F040EF64658CFD6BED068114763D4116CAA094E6D50EF36"
"data\packages\arduino\tools\avr-gcc\7.3.0-atmel3.6.1-arduino7\avr\lib\avr4\crtatmega48pb.o","File","8072","21779E8861F8DB7E2847A1A235BC0A0BA6B07481C59F4C511B205038AF7E9408"
"data\packages\arduino\tools\avr-gcc\7.3.0-atmel3.6.1-arduino7\avr\lib\avr4\crtatmega8.o","File","5900","591C74A77804881B6FE07FAF4AF468F16C7EA159D5E323077C8191D2603CF397"
"data\packages\arduino\tools\avr-gcc\7.3.0-atmel3.6.1-arduino7\avr\lib\avr4\crtatmega8515.o","File","5348","33976F7E4DB6EE015DBFF63731F6B8389CED6297310C1869A567A9AD08DFA06B"
"data\packages\arduino\tools\avr-gcc\7.3.0-atmel3.6.1-arduino7\avr\lib\avr4\crtatmega8535.o","File","6304","356E1769FFE5E9347A22849EFBF4A0ECDA8CA3332475C773AF89614B56F452D0"
"data\packages\arduino\tools\avr-gcc\7.3.0-atmel3.6.1-arduino7\avr\lib\avr4\crtatmega88.o","File","7276","31450B7A7E7D1F47EC25CA78868C561790FA100154655F26237E5C4420D004FA"
"data\packages\arduino\tools\avr-gcc\7.3.0-atmel3.6.1-arduino7\avr\lib\avr4\crtatmega88a.o","File","7276","8E44A6E2429D7E8E049B930F2AAC39BE9592C59A8305F1C16E1A83C4E310CC26"
"data\packages\arduino\tools\avr-gcc\7.3.0-atmel3.6.1-arduino7\avr\lib\avr4\crtatmega88p.o","File","7276","03AFD4C5E185C04FF08F8C34B2238474E1D19468AB229C4E8BA7873ED8F44D1D"
"data\packages\arduino\tools\avr-gcc\7.3.0-atmel3.6.1-arduino7\avr\lib\avr4\crtatmega88pa.o","File","7280","F3C71E9E392449A6F0F19F26C7BD090611CDCE892B6B4F24A446E20B6A32BE83"
"data\packages\arduino\tools\avr-gcc\7.3.0-atmel3.6.1-arduino7\avr\lib\avr4\crtatmega88pb.o","File","8072","FC1A2D8CFB586C16323A3A724DEE1A2DE549B67A427F0DC32026865A67648ED3"
"data\packages\arduino\tools\avr-gcc\7.3.0-atmel3.6.1-arduino7\avr\lib\avr4\crtatmega8a.o","File","5900","C745BC21AD70EC96E7FBDF6FC084EB744BCBA663D6F15BDA621B0A2D251E6417"
"data\packages\arduino\tools\avr-gcc\7.3.0-atmel3.6.1-arduino7\avr\lib\avr4\crtatmega8hva.o","File","2192","0F019AC609FCB1B83AA2CA7C7997FBA7F188B776B6F7BE76B9388567D8C31B40"
"data\packages\arduino\tools\avr-gcc\7.3.0-atmel3.6.1-arduino7\avr\lib\avr4\libat90pwm1.a","File","10812","4068C7322D93D9591D64F8D466B7CF7CD0C563110510021B0799720B9711E551"
"data\packages\arduino\tools\avr-gcc\7.3.0-atmel3.6.1-arduino7\avr\lib\avr4\libat90pwm2.a","File","10812","4068C7322D93D9591D64F8D466B7CF7CD0C563110510021B0799720B9711E551"
"data\packages\arduino\tools\avr-gcc\7.3.0-atmel3.6.1-arduino7\avr\lib\avr4\libat90pwm2b.a","File","10812","2A7F7F0DE74D7950C164F55665AFA3072E98E0A8461B046F2E550C2172422AA8"
"data\packages\arduino\tools\avr-gcc\7.3.0-atmel3.6.1-arduino7\avr\lib\avr4\libat90pwm3.a","File","10812","4068C7322D93D9591D64F8D466B7CF7CD0C563110510021B0799720B9711E551"
"data\packages\arduino\tools\avr-gcc\7.3.0-atmel3.6.1-arduino7\avr\lib\avr4\libat90pwm3b.a","File","10812","AF4C63CA0032A6EFBC22846CA33C69F94FD81AEAD728853C84C8EECAB22653BD"
"data\packages\arduino\tools\avr-gcc\7.3.0-atmel3.6.1-arduino7\avr\lib\avr4\libat90pwm81.a","File","10812","976311607D023E8F22BE933FBD4092D0D8D9BC035D6BBE33ED16927C1955F3A5"
"data\packages\arduino\tools\avr-gcc\7.3.0-atmel3.6.1-arduino7\avr\lib\avr4\libata6285.a","File","10812","40ADCEEEF5FDDDBD790B5417D4128268C1DFDA92D35301F842156A6A946B7AE4"
"data\packages\arduino\tools\avr-gcc\7.3.0-atmel3.6.1-arduino7\avr\lib\avr4\libata6286.a","File","10812","64A7D5A58F72A5303AE0C0BD26D54DCE34FCAD3EB1106457A070FB15A3208187"
"data\packages\arduino\tools\avr-gcc\7.3.0-atmel3.6.1-arduino7\avr\lib\avr4\libata6289.a","File","10812","64A7D5A58F72A5303AE0C0BD26D54DCE34FCAD3EB1106457A070FB15A3208187"
"data\packages\arduino\tools\avr-gcc\7.3.0-atmel3.6.1-arduino7\avr\lib\avr4\libata6612c.a","File","10812","64A7D5A58F72A5303AE0C0BD26D54DCE34FCAD3EB1106457A070FB15A3208187"
"data\packages\arduino\tools\avr-gcc\7.3.0-atmel3.6.1-arduino7\avr\lib\avr4\libatmega48.a","File","10796","3F819D23649446FDACBBA2729B4F411F9642A31CE6C0E7B591ED7C7B9B4C95CB"
"data\packages\arduino\tools\avr-gcc\7.3.0-atmel3.6.1-arduino7\avr\lib\avr4\libatmega48a.a","File","10796","3F819D23649446FDACBBA2729B4F411F9642A31CE6C0E7B591ED7C7B9B4C95CB"
"data\packages\arduino\tools\avr-gcc\7.3.0-atmel3.6.1-arduino7\avr\lib\avr4\libatmega48p.a","File","10792","818867ECC518D60D3B43EB703A2B3D3858DF47B84D63B16B0C498F68BFB5C7AE"
"data\packages\arduino\tools\avr-gcc\7.3.0-atmel3.6.1-arduino7\avr\lib\avr4\libatmega48pa.a","File","10796","6F0E8441A8DBDC456A604872D1E4965D0ADE4399A4D46981550C3CCF4753A082"
"data\packages\arduino\tools\avr-gcc\7.3.0-atmel3.6.1-arduino7\avr\lib\avr4\libatmega48pb.a","File","10792","818867ECC518D60D3B43EB703A2B3D3858DF47B84D63B16B0C498F68BFB5C7AE"
"data\packages\arduino\tools\avr-gcc\7.3.0-atmel3.6.1-arduino7\avr\lib\avr4\libatmega8.a","File","10812","17E1ADC0CE5E90F3086049FDAC9532519475A0EA93D670C028CA00E5F5C3A4D5"
"data\packages\arduino\tools\avr-gcc\7.3.0-atmel3.6.1-arduino7\avr\lib\avr4\libatmega8515.a","File","10812","E7B47F9CAC3BBFBE12A1DEB99CD6BD85CA289D3861C2D2E4DC64B1911BE10B36"
"data\packages\arduino\tools\avr-gcc\7.3.0-atmel3.6.1-arduino7\avr\lib\avr4\libatmega8535.a","File","10812","E183C4AD71815C0A3FD1D8583116E83725962F3FE887CF40CA7A2525BAAB512F"
"data\packages\arduino\tools\avr-gcc\7.3.0-atmel3.6.1-arduino7\avr\lib\avr4\libatmega88.a","File","10812","27E21195A7E148AFB3F7FE5B4E355DF03C551B74190E4DFEC59D1AA6AFDBA1E2"
"data\packages\arduino\tools\avr-gcc\7.3.0-atmel3.6.1-arduino7\avr\lib\avr4\libatmega88a.a","File","10812","8B0DA3BCC9FC7C3100BCCA48A0D45ECF94EF89B1A61864B32203A9E05404FB51"
"data\packages\arduino\tools\avr-gcc\7.3.0-atmel3.6.1-arduino7\avr\lib\avr4\libatmega88p.a","File","10812","8B0DA3BCC9FC7C3100BCCA48A0D45ECF94EF89B1A61864B32203A9E05404FB51"
"data\packages\arduino\tools\avr-gcc\7.3.0-atmel3.6.1-arduino7\avr\lib\avr4\libatmega88pa.a","File","10812","8B0DA3BCC9FC7C3100BCCA48A0D45ECF94EF89B1A61864B32203A9E05404FB51"
"data\packages\arduino\tools\avr-gcc\7.3.0-atmel3.6.1-arduino7\avr\lib\avr4\libatmega88pb.a","File","10812","8B0DA3BCC9FC7C3100BCCA48A0D45ECF94EF89B1A61864B32203A9E05404FB51"
"data\packages\arduino\tools\avr-gcc\7.3.0-atmel3.6.1-arduino7\avr\lib\avr4\libatmega8a.a","File","10812","062E60FE446945BA0AABE80C3E4FBC141BB4AE24EF19D38B05B33D4430DB154E"
"data\packages\arduino\tools\avr-gcc\7.3.0-atmel3.6.1-arduino7\avr\lib\avr4\libatmega8hva.a","File","10792","264CAAA2F5EA7A8EE2BAE8F1B7ECC328395C460CCCEF5AAD0426DDAA59BB611C"
"data\packages\arduino\tools\avr-gcc\7.3.0-atmel3.6.1-arduino7\avr\lib\avr4\libc.a","File","290690","BC8F0D7EB3FB8196EEE69190420609FC4C23EDB333B0146538AD7C2218A54739"
"data\packages\arduino\tools\avr-gcc\7.3.0-atmel3.6.1-arduino7\avr\lib\avr4\libm.a","File","65548","1EBDD3B648B0B091A13E95DB9139973F0C35ED788497021D4C2BF921C075E8C8"
"data\packages\arduino\tools\avr-gcc\7.3.0-atmel3.6.1-arduino7\avr\lib\avr4\libprintf_flt.a","File","5686","A4D942BE4E2D7BA0DBF987EAF914F601643A3C40B946AC86FEECD012A92A87C6"
"data\packages\arduino\tools\avr-gcc\7.3.0-atmel3.6.1-arduino7\avr\lib\avr4\libprintf_min.a","File","2662","C27C1C7C86D0E7ED2D9B29B4C9C914B9E6A5845EA6BEA27B9653790307E7CFCE"
"data\packages\arduino\tools\avr-gcc\7.3.0-atmel3.6.1-arduino7\avr\lib\avr4\libscanf_flt.a","File","6660","115B71D01DE7AD479D7BD1A193D32815E38DE7CE0C6CFAD3CD4313FBF3744714"
"data\packages\arduino\tools\avr-gcc\7.3.0-atmel3.6.1-arduino7\avr\lib\avr4\libscanf_min.a","File","3640","318C6C0CD8660B491BAA9E2A1DB9DDEB7DE305213B14F61EB76709CF557EC981"
"data\packages\arduino\tools\avr-gcc\7.3.0-atmel3.6.1-arduino7\avr\lib\avr5","Directory","",""
"data\packages\arduino\tools\avr-gcc\7.3.0-atmel3.6.1-arduino7\avr\lib\avr5\crtat90can32.o","File","11036","3BE1A24278174A1A9DF0E7BF5C5B84169F9C3F3E1E60B23F0E34D4A786D6D007"
"data\packages\arduino\tools\avr-gcc\7.3.0-atmel3.6.1-arduino7\avr\lib\avr5\crtat90can64.o","File","11036","130DAB7BC9C01902775FA1E91B70560513ADC5F443BB9391B1A0C02D702090BF"
"data\packages\arduino\tools\avr-gcc\7.3.0-atmel3.6.1-arduino7\avr\lib\avr5\crtat90pwm161.o","File","7360","D817399C6F1A7CFC00265963CCC0AFEECB547DBA821CC9A70971C878A1F75E82"
"data\packages\arduino\tools\avr-gcc\7.3.0-atmel3.6.1-arduino7\avr\lib\avr5\crtat90pwm216.o","File","8784","9E12BE25D52E2E6189D0E009AE3A7625C509D585802BEB5B9F5CE9B757D94117"
"data\packages\arduino\tools\avr-gcc\7.3.0-atmel3.6.1-arduino7\avr\lib\avr5\crtat90pwm316.o","File","9580","D40671F3A5380D6CC60E00E4F751442CAAEBE194C808D2E5B94D2AD0B3A23D84"
"data\packages\arduino\tools\avr-gcc\7.3.0-atmel3.6.1-arduino7\avr\lib\avr5\crtat90scr100.o","File","2988","6165F4D063263A1A831CA94473E63746A3E291D7E460EA757A7030917CBD6928"
"data\packages\arduino\tools\avr-gcc\7.3.0-atmel3.6.1-arduino7\avr\lib\avr5\crtat90usb646.o","File","12004","89EA8A29D73D41B507CA6C579334D4A4310D52EC58F73FDD5F91585D04B4004A"
"data\packages\arduino\tools\avr-gcc\7.3.0-atmel3.6.1-arduino7\avr\lib\avr5\crtat90usb647.o","File","12004","758E4C9EDF793E5FC8E08F09A5D00A9C65D1603ACDCBC679F86BFBA41E9D25E5"
"data\packages\arduino\tools\avr-gcc\7.3.0-atmel3.6.1-arduino7\avr\lib\avr5\crtat94k.o","File","2884","1529B35F1F96BC2E7B4A28F61E82984424D6456DC1C22E84F5AA21751C79DB8D"
"data\packages\arduino\tools\avr-gcc\7.3.0-atmel3.6.1-arduino7\avr\lib\avr5\crtata5702m322.o","File","24968","385DAF9A6A6085E478A5C9592845B00DC9A23BD4CAAF5C038A795230A9C69B67"
"data\packages\arduino\tools\avr-gcc\7.3.0-atmel3.6.1-arduino7\avr\lib\avr5\crtata5782.o","File","17924","4701DB6219DC946CF13FD879255ACBF7D4DC8CD9FAFEEF10E469AD698D90C074"
"data\packages\arduino\tools\avr-gcc\7.3.0-atmel3.6.1-arduino7\avr\lib\avr5\crtata5790.o","File","9136","5C5B3718DB22BACC1EE99B2697E0A9D1E73FB5F17DE3AE02F16A0C1D921B871D"
"data\packages\arduino\tools\avr-gcc\7.3.0-atmel3.6.1-arduino7\avr\lib\avr5\crtata5790n.o","File","9448","711E766B21F71F861C56EFD8CBDCDCB21DB0576C24FEA375A9ED9CFA149B8216"
"data\packages\arduino\tools\avr-gcc\7.3.0-atmel3.6.1-arduino7\avr\lib\avr5\crtata5791.o","File","9448","AD0648958434E85697359FC73B1307A1FACC67762B60B6B3C7DD7AFC11D5053D"
"data\packages\arduino\tools\avr-gcc\7.3.0-atmel3.6.1-arduino7\avr\lib\avr5\crtata5795.o","File","6852","53208535884437DD7164AE25C1978D788AC65B3A5BA556D523086BC4C1EBC962"
"data\packages\arduino\tools\avr-gcc\7.3.0-atmel3.6.1-arduino7\avr\lib\avr5\crtata5831.o","File","18852","3702311D753DBE080BBF690B08B4A34A90C96B69E4AE9DA39C29D25EF69AE632"
"data\packages\arduino\tools\avr-gcc\7.3.0-atmel3.6.1-arduino7\avr\lib\avr5\crtata6613c.o","File","7332","506C605045DDCF2AE2E17B52F0806849207414BB817E548233E3CC915C4211CB"
"data\packages\arduino\tools\avr-gcc\7.3.0-atmel3.6.1-arduino7\avr\lib\avr5\crtata6614q.o","File","7332","A86B351E5B4B3669CCD41F0D9098BF11CE0A929D70D0D4E16F60D1C8EC85F630"
"data\packages\arduino\tools\avr-gcc\7.3.0-atmel3.6.1-arduino7\avr\lib\avr5\crtata8210.o","File","17924","23F2EBEC364ED380884B545D78AA2ECD3307EDCC3175E6386697EDF19C547F42"
"data\packages\arduino\tools\avr-gcc\7.3.0-atmel3.6.1-arduino7\avr\lib\avr5\crtata8510.o","File","18852","60FD806BF09A76F17A4D928BC68B3BE38E94810E498FD1F3862E05EA0344168B"
"data\packages\arduino\tools\avr-gcc\7.3.0-atmel3.6.1-arduino7\avr\lib\avr5\crtatmega16.o","File","6508","13B6D103B9E3C3CEC5408E2FDCDE7627AFA4AAC0DD252B18B732D7306FF602AC"
"data\packages\arduino\tools\avr-gcc\7.3.0-atmel3.6.1-arduino7\avr\lib\avr5\crtatmega161.o","File","2236","6E4FB0292404CA0FB055704BFB96C6449D129C210226C073C045CCDD933AC7D6"
"data\packages\arduino\tools\avr-gcc\7.3.0-atmel3.6.1-arduino7\avr\lib\avr5\crtatmega162.o","File","7308","A4B1B4BE90F88311C98FBC215ECE15B2881432C8B6339C5F0701955984013F45"
"data\packages\arduino\tools\avr-gcc\7.3.0-atmel3.6.1-arduino7\avr\lib\avr5\crtatmega163.o","File","2104","DC79EAB1F68186374C53B0A04AB774EF61B592749AD59DC2A622303CBBAA3708"
"data\packages\arduino\tools\avr-gcc\7.3.0-atmel3.6.1-arduino7\avr\lib\avr5\crtatmega164a.o","File","8200","9FB40785FEEE207A233A9EEB88FFE2ED7795122BBCF21615F3B3577D702FC8AD"
"data\packages\arduino\tools\avr-gcc\7.3.0-atmel3.6.1-arduino7\avr\lib\avr5\crtatmega164p.o","File","8200","0CDB79EEDF904FC46F84212E4439B190718219F5DDC0322EB38F627869EFC385"
"data\packages\arduino\tools\avr-gcc\7.3.0-atmel3.6.1-arduino7\avr\lib\avr5\crtatmega164pa.o","File","8200","76B35DD1062BC62DFB57751DCA5E801DC8A7144920F171E24C6893C7DD320B7F"
"data\packages\arduino\tools\avr-gcc\7.3.0-atmel3.6.1-arduino7\avr\lib\avr5\crtatmega165.o","File","2280","56FD45FA4AEC1A6FC58F2EE02B7F17CF353F5AB387DF087144A7171EE0D36D5C"
"data\packages\arduino\tools\avr-gcc\7.3.0-atmel3.6.1-arduino7\avr\lib\avr5\crtatmega165a.o","File","7420","724B745B886BBB72CFE2013B0A42AF3FCB17460EA5D9D8711D98DFAC45381318"
"data\packages\arduino\tools\avr-gcc\7.3.0-atmel3.6.1-arduino7\avr\lib\avr5\crtatmega165p.o","File","7420","81CA1DF3F077F046AE1D8ABF8961CE995CE72E714FE14C35E143011007F41BC6"
"data\packages\arduino\tools\avr-gcc\7.3.0-atmel3.6.1-arduino7\avr\lib\avr5\crtatmega165pa.o","File","7420","FB0947D4711F5CD99291A07BF8A43943CE013ED6833EE1BD4455C6D0578D9D3C"
"data\packages\arduino\tools\avr-gcc\7.3.0-atmel3.6.1-arduino7\avr\lib\avr5\crtatmega168.o","File","7332","B12EABEA9CB26FEAD4848008CBCBC597D6F5DBF0C98E66F032FB8E000BDF3A18"
"data\packages\arduino\tools\avr-gcc\7.3.0-atmel3.6.1-arduino7\avr\lib\avr5\crtatmega168a.o","File","7336","B76B2084251B86CF6D134E6EB82E382E6661707E9CD30BFF34127077FBF68853"
"data\packages\arduino\tools\avr-gcc\7.3.0-atmel3.6.1-arduino7\avr\lib\avr5\crtatmega168p.o","File","7336","135373E7E84A21A8CAEBF0CE677E5E8025FD8F6E84E5E407ADAC7790E5AEBD89"
"data\packages\arduino\tools\avr-gcc\7.3.0-atmel3.6.1-arduino7\avr\lib\avr5\crtatmega168pa.o","File","7336","516F606573078C0A3B00BA57F4693412D972954C438C53375840EB342ACCCF7B"
"data\packages\arduino\tools\avr-gcc\7.3.0-atmel3.6.1-arduino7\avr\lib\avr5\crtatmega168pb.o","File","8132","50529B2CC3064207F223AFC54C049D7E3F70B5022F7F6F1881ABD4365756516A"
"data\packages\arduino\tools\avr-gcc\7.3.0-atmel3.6.1-arduino7\avr\lib\avr5\crtatmega169.o","File","2324","5EE93951DA5C981C1347DA8CF077C8F4AF5B22C9D48479B1A67ADE018C3AACD9"
"data\packages\arduino\tools\avr-gcc\7.3.0-atmel3.6.1-arduino7\avr\lib\avr5\crtatmega169a.o","File","8552","F22CCD4BD03617A7A383575755880DD5DABBAA952ED3DC35F23E03FBCDD9DAAA"
"data\packages\arduino\tools\avr-gcc\7.3.0-atmel3.6.1-arduino7\avr\lib\avr5\crtatmega169p.o","File","8552","E931568A7D2CA377BFC20462EE3A4FCBB050AE8CCCD45150506FE8A0A94D78B8"
"data\packages\arduino\tools\avr-gcc\7.3.0-atmel3.6.1-arduino7\avr\lib\avr5\crtatmega169pa.o","File","8552","DBAD82514D1375F972067F7B004E23D4FDDBB0CD50F74FD6F12047B89310970B"
"data\packages\arduino\tools\avr-gcc\7.3.0-atmel3.6.1-arduino7\avr\lib\avr5\crtatmega16a.o","File","6508","A6BD3294D95ADE37E8B160AB322ECCFE2D7478E81702F5C0DD6145A56DFBB329"
"data\packages\arduino\tools\avr-gcc\7.3.0-atmel3.6.1-arduino7\avr\lib\avr5\crtatmega16hva.o","File","2240","D03518AC13221A95505B028D0766F89AA3A196D0D84AD5F7C11050FD468AC9AF"
"data\packages\arduino\tools\avr-gcc\7.3.0-atmel3.6.1-arduino7\avr\lib\avr5\crtatmega16hva2.o","File","2284","8DBA929EBC7367F7C13441A18E8099ABF44C88655B671D92BFAF212E258664C4"
"data\packages\arduino\tools\avr-gcc\7.3.0-atmel3.6.1-arduino7\avr\lib\avr5\crtatmega16hvb.o","File","8020","1D7A2AADADB5A9ACEF7512FC19E6BDE1B5C256A0B63B7FF147489AA6CB3BC6EB"
"data\packages\arduino\tools\avr-gcc\7.3.0-atmel3.6.1-arduino7\avr\lib\avr5\crtatmega16hvbrevb.o","File","2596","8F9E66E3E045D20093B7E4D4F7F07E8AE38160946DB4C2B3474F2AB7234BC5F2"
"data\packages\arduino\tools\avr-gcc\7.3.0-atmel3.6.1-arduino7\avr\lib\avr5\crtatmega16m1.o","File","10872","450EA8581929291B4C1194BC84CF95124316B595F8EFC258EAF63B2CA731B722"
"data\packages\arduino\tools\avr-gcc\7.3.0-atmel3.6.1-arduino7\avr\lib\avr5\crtatmega16u4.o","File","10784","28DA66E009FAAFEF9DD57A36F989A74FD5B920827754A9D26C854ACED9AA18F0"
"data\packages\arduino\tools\avr-gcc\7.3.0-atmel3.6.1-arduino7\avr\lib\avr5\crtatmega32.o","File","6296","5C91992ABD4838BC57CC85E2CF46573BF8666F7DB8A71E3E43D78FB2EA05B160"
"data\packages\arduino\tools\avr-gcc\7.3.0-atmel3.6.1-arduino7\avr\lib\avr5\crtatmega323.o","File","2192","F7B9E910D9C0E83F8E81D51DF1963045E0C2D917A856BC99C7A956DB4ADFDB1E"
"data\packages\arduino\tools\avr-gcc\7.3.0-atmel3.6.1-arduino7\avr\lib\avr5\crtatmega324a.o","File","8200","450AD1408FC4F8B50F745FCBF66C13BC4A59DD537765883485688142DE86BC0F"
"data\packages\arduino\tools\avr-gcc\7.3.0-atmel3.6.1-arduino7\avr\lib\avr5\crtatmega324p.o","File","8200","BE28AB775BD44900B8BF729A01163ADEDC3449709ACDE4BF5D9087AE5E7A3BF9"
"data\packages\arduino\tools\avr-gcc\7.3.0-atmel3.6.1-arduino7\avr\lib\avr5\crtatmega324pa.o","File","8200","18AB1EAE0BD6AD8D928E8E5EBE1118DAE1A042EC9535D4A59AE1C428C6116A7B"
"data\packages\arduino\tools\avr-gcc\7.3.0-atmel3.6.1-arduino7\avr\lib\avr5\crtatmega324pb.o","File","12732","8486F5E3FA07D1F721E579B1AC9DE79921E9C4A60483A11BB606795CE6586891"
"data\packages\arduino\tools\avr-gcc\7.3.0-atmel3.6.1-arduino7\avr\lib\avr5\crtatmega325.o","File","7460","03D05111B50D1EB8877FFFCAE26956D28DC5F78099FD740DD3BEC1D4E1C7FEBF"
"data\packages\arduino\tools\avr-gcc\7.3.0-atmel3.6.1-arduino7\avr\lib\avr5\crtatmega3250.o","File","7972","9E32C6C0A05336190759D3054F8F1CCAD9C062F21F5E9E6AA9D26FE6FB952CB6"
"data\packages\arduino\tools\avr-gcc\7.3.0-atmel3.6.1-arduino7\avr\lib\avr5\crtatmega3250a.o","File","7972","15429976F1C2484DC3669F27CF5FA12E7E538860B2BBB7F87D82166CE1455A92"
"data\packages\arduino\tools\avr-gcc\7.3.0-atmel3.6.1-arduino7\avr\lib\avr5\crtatmega3250p.o","File","7972","9E0BB86F7BEC84AA7FCB88B4FD716705EE81E8FD8D17D45264DEC41C5A1F9303"
"data\packages\arduino\tools\avr-gcc\7.3.0-atmel3.6.1-arduino7\avr\lib\avr5\crtatmega3250pa.o","File","7972","E5472A83C3D37111BDD607B9430E47187B04A4588081658CCB3422ED72F222C2"
"data\packages\arduino\tools\avr-gcc\7.3.0-atmel3.6.1-arduino7\avr\lib\avr5\crtatmega325a.o","File","7464","D43A23F2062C1612350E67811340B28E0CD316510EE56CB7E802B81DF25E2789"
"data\packages\arduino\tools\avr-gcc\7.3.0-atmel3.6.1-arduino7\avr\lib\avr5\crtatmega325p.o","File","7464","8694DB36E370A1EA3437ABE7C0BB1A42AA38BA13BF4ABD0C0E00B923A810A24B"
"data\packages\arduino\tools\avr-gcc\7.3.0-atmel3.6.1-arduino7\avr\lib\avr5\crtatmega325pa.o","File","7420","FFAA5BEDA877701B11E1E4222A85C42BF085738D0887A7C407E33E7BC147A65D"
"data\packages\arduino\tools\avr-gcc\7.3.0-atmel3.6.1-arduino7\avr\lib\avr5\crtatmega328.o","File","7332","013E8205A3928DFA7CF9408F979A52664DE04F3F4006256CC41D5379711CCA7F"
"data\packages\arduino\tools\avr-gcc\7.3.0-atmel3.6.1-arduino7\avr\lib\avr5\crtatmega328p.o","File","7336","0B539A5729BDAAFB268D618235A5EC23FBBAB41A3BC80F762CB46FE14035B935"
"data\packages\arduino\tools\avr-gcc\7.3.0-atmel3.6.1-arduino7\avr\lib\avr5\crtatmega328pb.o","File","11756","8B3D15FDC9B6D2067391C73B723DA6F762E9E7285CA306D5B820F6FFAE3F2E8B"
"data\packages\arduino\tools\avr-gcc\7.3.0-atmel3.6.1-arduino7\avr\lib\avr5\crtatmega329.o","File","8548","5B44094A455748CF997F58154A2A1E504D40FD33A7D0BDC9103A4A79C5EAAFCA"
"data\packages\arduino\tools\avr-gcc\7.3.0-atmel3.6.1-arduino7\avr\lib\avr5\crtatmega3290.o","File","9280","217489EFA02DC55E2E24648F24921E83072DBA8F1D8A9C0D612978A729506025"
"data\packages\arduino\tools\avr-gcc\7.3.0-atmel3.6.1-arduino7\avr\lib\avr5\crtatmega3290a.o","File","9280","88F6AC3638499AACC90603CD0EC0D71A82DC278A9B32792A1CBED44E01A15B0C"
"data\packages\arduino\tools\avr-gcc\7.3.0-atmel3.6.1-arduino7\avr\lib\avr5\crtatmega3290p.o","File","9280","0B80C935C9AF297E33A60BCC7A7D9D81B657D0253F847E4E85DC89ABBD222BE0"
"data\packages\arduino\tools\avr-gcc\7.3.0-atmel3.6.1-arduino7\avr\lib\avr5\crtatmega3290pa.o","File","9280","1694850CA14369A6C096878397C06F738A4D249510A5E64D543CEBD4BBDD83D5"
"data\packages\arduino\tools\avr-gcc\7.3.0-atmel3.6.1-arduino7\avr\lib\avr5\crtatmega329a.o","File","8552","05C80346817B3F83CCB957AE48B84817562A703422ACB393A859D60B44BB8080"
"data\packages\arduino\tools\avr-gcc\7.3.0-atmel3.6.1-arduino7\avr\lib\avr5\crtatmega329p.o","File","8552","A802EE20BC81277F49EF3DD326C68141A7C874EDE66800AEC622BD4C214F26FC"
"data\packages\arduino\tools\avr-gcc\7.3.0-atmel3.6.1-arduino7\avr\lib\avr5\crtatmega329pa.o","File","8552","0B4A8BDFB8FD2AEC6535293A4F41A65C87E10AD2A42E50856758CF635FB2C928"
"data\packages\arduino\tools\avr-gcc\7.3.0-atmel3.6.1-arduino7\avr\lib\avr5\crtatmega32a.o","File","6296","8A425BC54DB495A0AD896F8F77D8E57D38CD2B61809711B09EBD9E095B83B51A"
"data\packages\arduino\tools\avr-gcc\7.3.0-atmel3.6.1-arduino7\avr\lib\avr5\crtatmega32c1.o","File","9816","8528D4C81D0A528D80C5B3B138DCE130F1EB9C1D01002A9ED77A3A90D08B4942"
"data\packages\arduino\tools\avr-gcc\7.3.0-atmel3.6.1-arduino7\avr\lib\avr5\crtatmega32hvb.o","File","8020","77E3A56D6CFF9488928DD4EBA026F6B2BB5D1285570456C1C4A4553AC74C2883"
"data\packages\arduino\tools\avr-gcc\7.3.0-atmel3.6.1-arduino7\avr\lib\avr5\crtatmega32hvbrevb.o","File","2596","294233758E5C472E48496C93FF7D5A1F7E4E653859B9551FD50C9DD0193EC7A3"
"data\packages\arduino\tools\avr-gcc\7.3.0-atmel3.6.1-arduino7\avr\lib\avr5\crtatmega32m1.o","File","10872","02E4E239816A7F2E3D7236246211090CE2D8E2135E7FACAC9199EED7C9DDF4E9"
"data\packages\arduino\tools\avr-gcc\7.3.0-atmel3.6.1-arduino7\avr\lib\avr5\crtatmega32u4.o","File","11112","22C08A8FA6F8D0100ABF63E87573D77798E7FE7C17CBE9B3F59C665226A1C426"
"data\packages\arduino\tools\avr-gcc\7.3.0-atmel3.6.1-arduino7\avr\lib\avr5\crtatmega32u6.o","File","2988","BF327D70094E5C64E98464E960CA04575F027911E0C75B4A2AB920591477DED4"
"data\packages\arduino\tools\avr-gcc\7.3.0-atmel3.6.1-arduino7\avr\lib\avr5\crtatmega406.o","File","2324","E65FC5065B62D6B2C9A40A8B2C818E8192136EAAE7A667113BE6CA8D4B17C425"
"data\packages\arduino\tools\avr-gcc\7.3.0-atmel3.6.1-arduino7\avr\lib\avr5\crtatmega64.o","File","8880","65DCC7B5B223A8D33AAB34C8705FEB4A03475280313F8ACF073A20AE6D77A052"
"data\packages\arduino\tools\avr-gcc\7.3.0-atmel3.6.1-arduino7\avr\lib\avr5\crtatmega640.o","File","12960","63599252CDD1DAC831B42F8DB2CE8E1C8B2D7E97583E75888625D50B6BDA2CAE"
"data\packages\arduino\tools\avr-gcc\7.3.0-atmel3.6.1-arduino7\avr\lib\avr5\crtatmega644.o","File","7792","3AE0B8F2F7A18957CB5B00F3C38C7D9D4E46B24D0D8F798AED1F8B5BAFEB041A"
"data\packages\arduino\tools\avr-gcc\7.3.0-atmel3.6.1-arduino7\avr\lib\avr5\crtatmega644a.o","File","8196","650D1E0238170242B9E9C914E0062D952EEC5CB9399B570340780C61A13143E1"
"data\packages\arduino\tools\avr-gcc\7.3.0-atmel3.6.1-arduino7\avr\lib\avr5\crtatmega644p.o","File","8196","79D7FCC52F867E6B8F33B8098488F20DB8743B0362C0258C40F3C0D82F6F8488"
"data\packages\arduino\tools\avr-gcc\7.3.0-atmel3.6.1-arduino7\avr\lib\avr5\crtatmega644pa.o","File","8196","BADB434DA920CC05460BAB85A24B170A3C9503D65A7F6ABD2496B3802D0199F3"
"data\packages\arduino\tools\avr-gcc\7.3.0-atmel3.6.1-arduino7\avr\lib\avr5\crtatmega644rfr2.o","File","4704","05C9E3113F15FB7AB840C21AA8F6730AAFE42394B55144CA2B4EE1CEDB39E5B5"
"data\packages\arduino\tools\avr-gcc\7.3.0-atmel3.6.1-arduino7\avr\lib\avr5\crtatmega645.o","File","7460","5ACC52F292C7E3D774A5FA2FE9C3497C8320196C43412195DB940A032443ED3B"
"data\packages\arduino\tools\avr-gcc\7.3.0-atmel3.6.1-arduino7\avr\lib\avr5\crtatmega6450.o","File","7972","81F08A68F67D3EB64D0978D8FE4A5522D5E7C8A7584ACE810A0527138F17CA85"
"data\packages\arduino\tools\avr-gcc\7.3.0-atmel3.6.1-arduino7\avr\lib\avr5\crtatmega6450a.o","File","7972","2D4C51B08C087BE23104896E779F94D819DD1D39884592C3679B453F7EF81CA8"
"data\packages\arduino\tools\avr-gcc\7.3.0-atmel3.6.1-arduino7\avr\lib\avr5\crtatmega6450p.o","File","7972","773DC833558B7919ABDD248DC717A5900737956FF4E4CF9EC0DA5DCA2ADD7100"
"data\packages\arduino\tools\avr-gcc\7.3.0-atmel3.6.1-arduino7\avr\lib\avr5\crtatmega645a.o","File","7464","1BE9CE7767E5DACFAECCA9AA72D0D5CBE8A1463EE7352EA7BEE2BDD41A3E665B"
"data\packages\arduino\tools\avr-gcc\7.3.0-atmel3.6.1-arduino7\avr\lib\avr5\crtatmega645p.o","File","7464","6B17A02552ADD790DB36F3A477656E5B2AC37961EA6AC295B7B953FF93B42A6D"
"data\packages\arduino\tools\avr-gcc\7.3.0-atmel3.6.1-arduino7\avr\lib\avr5\crtatmega649.o","File","8548","752C9F65263905A21D8E92863F6755809ABDB5DECDFC59AD4C23025739178527"
"data\packages\arduino\tools\avr-gcc\7.3.0-atmel3.6.1-arduino7\avr\lib\avr5\crtatmega6490.o","File","9280","066F6DADFFF6B4A61C9B4CE225E5758708FFDADFFC91ABC302468374F110733D"
"data\packages\arduino\tools\avr-gcc\7.3.0-atmel3.6.1-arduino7\avr\lib\avr5\crtatmega6490a.o","File","9280","76D993E2D978AD7173AF593400CFAEF20D352564008A4A9ED40EFA850953692B"
"data\packages\arduino\tools\avr-gcc\7.3.0-atmel3.6.1-arduino7\avr\lib\avr5\crtatmega6490p.o","File","9280","07820A7C883185521667930FEDD1BC11261B66758AC1582953E05025CACC6DB2"
"data\packages\arduino\tools\avr-gcc\7.3.0-atmel3.6.1-arduino7\avr\lib\avr5\crtatmega649a.o","File","8552","0BF26C94DEA5E6A80D7935CA033042ED660373F09C1EFC8146C961D53E2E1FBC"
"data\packages\arduino\tools\avr-gcc\7.3.0-atmel3.6.1-arduino7\avr\lib\avr5\crtatmega649p.o","File","8552","350D74F6EEF0C8CFEA5CF8967841BE2762B02624B0153AF76EA1D69C5EBFA873"
"data\packages\arduino\tools\avr-gcc\7.3.0-atmel3.6.1-arduino7\avr\lib\avr5\crtatmega64a.o","File","8880","C6B6502EB91E55C9A57C8CE170D485382E317B91BBC516212015EAEE3E6A0528"
"data\packages\arduino\tools\avr-gcc\7.3.0-atmel3.6.1-arduino7\avr\lib\avr5\crtatmega64c1.o","File","9816","67BD23D9C66287E4A00E77E9F3E0FED1445AAF7CFED0C3D3F71373DB263928F3"
"data\packages\arduino\tools\avr-gcc\7.3.0-atmel3.6.1-arduino7\avr\lib\avr5\crtatmega64hve.o","File","2416","967B1E95FF8B7EDC91C0D5D4208E12030EE54185ACEAD069A36BE494096747C8"
"data\packages\arduino\tools\avr-gcc\7.3.0-atmel3.6.1-arduino7\avr\lib\avr5\crtatmega64hve2.o","File","7756","FE5102511DED4DFA239163B7CF5E92C1D25683A9370713BDE806120944D878BD"
"data\packages\arduino\tools\avr-gcc\7.3.0-atmel3.6.1-arduino7\avr\lib\avr5\crtatmega64m1.o","File","10872","CA6607177769E6D821E9F90146425127612C335D43570268710890A6CBCBBD4F"
"data\packages\arduino\tools\avr-gcc\7.3.0-atmel3.6.1-arduino7\avr\lib\avr5\crtatmega64rfr2.o","File","20220","102B739F17B5AF76A9EFAC52D68A608D0589A40DC1B60EA486203291A23BDBD9"
"data\packages\arduino\tools\avr-gcc\7.3.0-atmel3.6.1-arduino7\avr\lib\avr5\crtm3000.o","File","1340","89587A734354DE9ECDDBE8DF08EE9143E9E9FDDEAD6A56322FF587BEFEA81007"
"data\packages\arduino\tools\avr-gcc\7.3.0-atmel3.6.1-arduino7\avr\lib\avr5\libat90can32.a","File","10832","B704248C9B934FEC8BDED4EC716179AA83C383EAB0526C9C59DD67D6E7900BAE"
"data\packages\arduino\tools\avr-gcc\7.3.0-atmel3.6.1-arduino7\avr\lib\avr5\libat90can64.a","File","10832","B704248C9B934FEC8BDED4EC716179AA83C383EAB0526C9C59DD67D6E7900BAE"
"data\packages\arduino\tools\avr-gcc\7.3.0-atmel3.6.1-arduino7\avr\lib\avr5\libat90pwm161.a","File","10832","22505DCB489179380DDC90767FFC5B3A9789FFF3FF4273EC1763C8D0ED1B405E"
"data\packages\arduino\tools\avr-gcc\7.3.0-atmel3.6.1-arduino7\avr\lib\avr5\libat90pwm216.a","File","10832","B704248C9B934FEC8BDED4EC716179AA83C383EAB0526C9C59DD67D6E7900BAE"
"data\packages\arduino\tools\avr-gcc\7.3.0-atmel3.6.1-arduino7\avr\lib\avr5\libat90pwm316.a","File","10832","B704248C9B934FEC8BDED4EC716179AA83C383EAB0526C9C59DD67D6E7900BAE"
"data\packages\arduino\tools\avr-gcc\7.3.0-atmel3.6.1-arduino7\avr\lib\avr5\libat90scr100.a","File","10832","A264C5BFCF426A978F6C8E5F716D8F9215A950094C4824A65A4501133461F438"
"data\packages\arduino\tools\avr-gcc\7.3.0-atmel3.6.1-arduino7\avr\lib\avr5\libat90usb646.a","File","10832","A264C5BFCF426A978F6C8E5F716D8F9215A950094C4824A65A4501133461F438"
"data\packages\arduino\tools\avr-gcc\7.3.0-atmel3.6.1-arduino7\avr\lib\avr5\libat90usb647.a","File","10832","A264C5BFCF426A978F6C8E5F716D8F9215A950094C4824A65A4501133461F438"
"data\packages\arduino\tools\avr-gcc\7.3.0-atmel3.6.1-arduino7\avr\lib\avr5\libat94k.a","File","7460","EBCF5E0B57BEF0015CDE5B6C3DD832CBD63C9BE72C9E63B7351BBD840642BB02"
"data\packages\arduino\tools\avr-gcc\7.3.0-atmel3.6.1-arduino7\avr\lib\avr5\libata5702m322.a","File","10832","A264C5BFCF426A978F6C8E5F716D8F9215A950094C4824A65A4501133461F438"
"data\packages\arduino\tools\avr-gcc\7.3.0-atmel3.6.1-arduino7\avr\lib\avr5\libata5782.a","File","10832","FF091A5BD255F1E6C14C6B9342382754097138CF01405A85A0452700528EF662"
"data\packages\arduino\tools\avr-gcc\7.3.0-atmel3.6.1-arduino7\avr\lib\avr5\libata5790.a","File","10832","19834F6137764C75F9BE8EF251943339AE31BE6135B0CB43E23888735CA20158"
"data\packages\arduino\tools\avr-gcc\7.3.0-atmel3.6.1-arduino7\avr\lib\avr5\libata5790n.a","File","10832","19834F6137764C75F9BE8EF251943339AE31BE6135B0CB43E23888735CA20158"
"data\packages\arduino\tools\avr-gcc\7.3.0-atmel3.6.1-arduino7\avr\lib\avr5\libata5791.a","File","10832","19834F6137764C75F9BE8EF251943339AE31BE6135B0CB43E23888735CA20158"
"data\packages\arduino\tools\avr-gcc\7.3.0-atmel3.6.1-arduino7\avr\lib\avr5\libata5795.a","File","10832","19834F6137764C75F9BE8EF251943339AE31BE6135B0CB43E23888735CA20158"
"data\packages\arduino\tools\avr-gcc\7.3.0-atmel3.6.1-arduino7\avr\lib\avr5\libata5831.a","File","10832","19834F6137764C75F9BE8EF251943339AE31BE6135B0CB43E23888735CA20158"
"data\packages\arduino\tools\avr-gcc\7.3.0-atmel3.6.1-arduino7\avr\lib\avr5\libata6613c.a","File","10832","70E07491F51C41978A47AADB4DD8EE0FF8BD0EDDE01CE8391710968831DE2124"
"data\packages\arduino\tools\avr-gcc\7.3.0-atmel3.6.1-arduino7\avr\lib\avr5\libata6614q.a","File","10832","70E07491F51C41978A47AADB4DD8EE0FF8BD0EDDE01CE8391710968831DE2124"
"data\packages\arduino\tools\avr-gcc\7.3.0-atmel3.6.1-arduino7\avr\lib\avr5\libata8210.a","File","10832","70E07491F51C41978A47AADB4DD8EE0FF8BD0EDDE01CE8391710968831DE2124"
"data\packages\arduino\tools\avr-gcc\7.3.0-atmel3.6.1-arduino7\avr\lib\avr5\libata8510.a","File","10832","70E07491F51C41978A47AADB4DD8EE0FF8BD0EDDE01CE8391710968831DE2124"
"data\packages\arduino\tools\avr-gcc\7.3.0-atmel3.6.1-arduino7\avr\lib\avr5\libatmega16.a","File","10832","A09E36EC1649ED738FBA1924090CC326606BE4CDE933B783625DAC480BDEE9A0"
"data\packages\arduino\tools\avr-gcc\7.3.0-atmel3.6.1-arduino7\avr\lib\avr5\libatmega161.a","File","10832","B68FC7C89DAE1BA41BC980B2E42C801B6CE6F40B49CB0686F7973580D5E7B6C6"
"data\packages\arduino\tools\avr-gcc\7.3.0-atmel3.6.1-arduino7\avr\lib\avr5\libatmega162.a","File","10832","B68FC7C89DAE1BA41BC980B2E42C801B6CE6F40B49CB0686F7973580D5E7B6C6"
"data\packages\arduino\tools\avr-gcc\7.3.0-atmel3.6.1-arduino7\avr\lib\avr5\libatmega163.a","File","10832","B68FC7C89DAE1BA41BC980B2E42C801B6CE6F40B49CB0686F7973580D5E7B6C6"
"data\packages\arduino\tools\avr-gcc\7.3.0-atmel3.6.1-arduino7\avr\lib\avr5\libatmega164a.a","File","10832","4BEA90183A7874DE4CD4566A47D5C295FBDEF800ECEA3BB73A9A3A7D6EC703CA"
"data\packages\arduino\tools\avr-gcc\7.3.0-atmel3.6.1-arduino7\avr\lib\avr5\libatmega164p.a","File","10832","4BEA90183A7874DE4CD4566A47D5C295FBDEF800ECEA3BB73A9A3A7D6EC703CA"
"data\packages\arduino\tools\avr-gcc\7.3.0-atmel3.6.1-arduino7\avr\lib\avr5\libatmega164pa.a","File","10832","AF6591F0F79FB9C643FDBB27EC33DC7113363B58FF93DEF082F8A8CF30FFA8A6"
"data\packages\arduino\tools\avr-gcc\7.3.0-atmel3.6.1-arduino7\avr\lib\avr5\libatmega165.a","File","10832","4CA0D9C4BA5B9093EECAE8F98F47865158B0BE53E14C14105D2C7D03A982C220"
"data\packages\arduino\tools\avr-gcc\7.3.0-atmel3.6.1-arduino7\avr\lib\avr5\libatmega165a.a","File","10832","4CA0D9C4BA5B9093EECAE8F98F47865158B0BE53E14C14105D2C7D03A982C220"
"data\packages\arduino\tools\avr-gcc\7.3.0-atmel3.6.1-arduino7\avr\lib\avr5\libatmega165p.a","File","10832","4CA0D9C4BA5B9093EECAE8F98F47865158B0BE53E14C14105D2C7D03A982C220"
"data\packages\arduino\tools\avr-gcc\7.3.0-atmel3.6.1-arduino7\avr\lib\avr5\libatmega165pa.a","File","10832","4CA0D9C4BA5B9093EECAE8F98F47865158B0BE53E14C14105D2C7D03A982C220"
"data\packages\arduino\tools\avr-gcc\7.3.0-atmel3.6.1-arduino7\avr\lib\avr5\libatmega168.a","File","10832","F70C3A5EED731D821B07A9238F1B53C4A41DDEAF4CD4E29AC0B1854500817EE2"
"data\packages\arduino\tools\avr-gcc\7.3.0-atmel3.6.1-arduino7\avr\lib\avr5\libatmega168a.a","File","10832","3E40FB2C4AE6DBBBD3EB334EAFC1138ED002FDA26C5620D525940D022463D0A7"
"data\packages\arduino\tools\avr-gcc\7.3.0-atmel3.6.1-arduino7\avr\lib\avr5\libatmega168p.a","File","10832","09C0EE7CD78608781C4E9A0688ABE5633F410B7D25744DE65242BAAB6A946697"
"data\packages\arduino\tools\avr-gcc\7.3.0-atmel3.6.1-arduino7\avr\lib\avr5\libatmega168pa.a","File","10832","5FADF735E59B70A50A8F2938E9B24349235C01351B12360367FDB8DA095D83A4"
"data\packages\arduino\tools\avr-gcc\7.3.0-atmel3.6.1-arduino7\avr\lib\avr5\libatmega168pb.a","File","10832","5FADF735E59B70A50A8F2938E9B24349235C01351B12360367FDB8DA095D83A4"
"data\packages\arduino\tools\avr-gcc\7.3.0-atmel3.6.1-arduino7\avr\lib\avr5\libatmega169.a","File","10832","8A9C7053CB7C812A4EDB4FACBCEF7C91249F09BD313BE6F20D0B0915B979F926"
"data\packages\arduino\tools\avr-gcc\7.3.0-atmel3.6.1-arduino7\avr\lib\avr5\libatmega169a.a","File","10832","8A9C7053CB7C812A4EDB4FACBCEF7C91249F09BD313BE6F20D0B0915B979F926"
"data\packages\arduino\tools\avr-gcc\7.3.0-atmel3.6.1-arduino7\avr\lib\avr5\libatmega169p.a","File","10832","D69EE34D0E38AB555024F9DD7AEB9C3DF29CD937A4DA19DE0E685E5A95BDA23E"
"data\packages\arduino\tools\avr-gcc\7.3.0-atmel3.6.1-arduino7\avr\lib\avr5\libatmega169pa.a","File","10832","7B7CB55C21D24E4012A81B464B41249D8E44AA4AB872879B6F3E314BABC1033E"
"data\packages\arduino\tools\avr-gcc\7.3.0-atmel3.6.1-arduino7\avr\lib\avr5\libatmega16a.a","File","10832","7F8AC51DB38E9211B1B56BD46B7F2C45C54735D6C7519DB80B57864F44E83DE6"
"data\packages\arduino\tools\avr-gcc\7.3.0-atmel3.6.1-arduino7\avr\lib\avr5\libatmega16hva.a","File","10828","D01F9F24AED32D63DAEB4A59186D1511A682D4BB558756A61590098101B3309E"
"data\packages\arduino\tools\avr-gcc\7.3.0-atmel3.6.1-arduino7\avr\lib\avr5\libatmega16hva2.a","File","10828","D01F9F24AED32D63DAEB4A59186D1511A682D4BB558756A61590098101B3309E"
"data\packages\arduino\tools\avr-gcc\7.3.0-atmel3.6.1-arduino7\avr\lib\avr5\libatmega16hvb.a","File","10832","23729D2D7CECA5E8BC1CA27D11E07D597C0FB0F0979CD87FE95D97D2C5D5AD8D"
"data\packages\arduino\tools\avr-gcc\7.3.0-atmel3.6.1-arduino7\avr\lib\avr5\libatmega16hvbrevb.a","File","10832","23729D2D7CECA5E8BC1CA27D11E07D597C0FB0F0979CD87FE95D97D2C5D5AD8D"
"data\packages\arduino\tools\avr-gcc\7.3.0-atmel3.6.1-arduino7\avr\lib\avr5\libatmega16m1.a","File","10832","831E30B313E79CCFB2A2A9FAA7C2D3FE2BF1324F3664B6F8B22D48533161CF74"
"data\packages\arduino\tools\avr-gcc\7.3.0-atmel3.6.1-arduino7\avr\lib\avr5\libatmega16u4.a","File","10832","831E30B313E79CCFB2A2A9FAA7C2D3FE2BF1324F3664B6F8B22D48533161CF74"
"data\packages\arduino\tools\avr-gcc\7.3.0-atmel3.6.1-arduino7\avr\lib\avr5\libatmega32.a","File","10832","939793CAE3398C8D81770FD52EC6B8069A008D56D69339E430C48BB9A7388DCB"
"data\packages\arduino\tools\avr-gcc\7.3.0-atmel3.6.1-arduino7\avr\lib\avr5\libatmega323.a","File","10832","939793CAE3398C8D81770FD52EC6B8069A008D56D69339E430C48BB9A7388DCB"
"data\packages\arduino\tools\avr-gcc\7.3.0-atmel3.6.1-arduino7\avr\lib\avr5\libatmega324a.a","File","10832","831E30B313E79CCFB2A2A9FAA7C2D3FE2BF1324F3664B6F8B22D48533161CF74"
"data\packages\arduino\tools\avr-gcc\7.3.0-atmel3.6.1-arduino7\avr\lib\avr5\libatmega324p.a","File","10832","27EBB66E84D91F47A6AC457D207A277D2F847B0F502EAC4047D4A90446E512E1"
"data\packages\arduino\tools\avr-gcc\7.3.0-atmel3.6.1-arduino7\avr\lib\avr5\libatmega324pa.a","File","10832","27EBB66E84D91F47A6AC457D207A277D2F847B0F502EAC4047D4A90446E512E1"
"data\packages\arduino\tools\avr-gcc\7.3.0-atmel3.6.1-arduino7\avr\lib\avr5\libatmega324pb.a","File","23416","9D576E7C9CD58AEA5ACA262A2666EF880F86D9CC75A7FB10D0DD150B153A11BE"
"data\packages\arduino\tools\avr-gcc\7.3.0-atmel3.6.1-arduino7\avr\lib\avr5\libatmega325.a","File","10832","2713A774C2AEB76E101CCBE7BA7F66EDB2CAACACF7E0BDEACBBD15AD68B12853"
"data\packages\arduino\tools\avr-gcc\7.3.0-atmel3.6.1-arduino7\avr\lib\avr5\libatmega3250.a","File","10832","61478B1541D0A57568490DACCEBB2C7A2F15FA32A192A994710C021A2D763BEC"
"data\packages\arduino\tools\avr-gcc\7.3.0-atmel3.6.1-arduino7\avr\lib\avr5\libatmega3250a.a","File","10832","61478B1541D0A57568490DACCEBB2C7A2F15FA32A192A994710C021A2D763BEC"
"data\packages\arduino\tools\avr-gcc\7.3.0-atmel3.6.1-arduino7\avr\lib\avr5\libatmega3250p.a","File","10832","61478B1541D0A57568490DACCEBB2C7A2F15FA32A192A994710C021A2D763BEC"
"data\packages\arduino\tools\avr-gcc\7.3.0-atmel3.6.1-arduino7\avr\lib\avr5\libatmega3250pa.a","File","10832","61478B1541D0A57568490DACCEBB2C7A2F15FA32A192A994710C021A2D763BEC"
"data\packages\arduino\tools\avr-gcc\7.3.0-atmel3.6.1-arduino7\avr\lib\avr5\libatmega325a.a","File","10832","2713A774C2AEB76E101CCBE7BA7F66EDB2CAACACF7E0BDEACBBD15AD68B12853"
"data\packages\arduino\tools\avr-gcc\7.3.0-atmel3.6.1-arduino7\avr\lib\avr5\libatmega325p.a","File","10832","2713A774C2AEB76E101CCBE7BA7F66EDB2CAACACF7E0BDEACBBD15AD68B12853"
"data\packages\arduino\tools\avr-gcc\7.3.0-atmel3.6.1-arduino7\avr\lib\avr5\libatmega325pa.a","File","10832","14901B6B35B20515CBDD1428B1D3FC7AFEB4BC4C30352741C659C1441BA4AF8F"
"data\packages\arduino\tools\avr-gcc\7.3.0-atmel3.6.1-arduino7\avr\lib\avr5\libatmega328.a","File","10832","7868488BFF7613D48ACDE33B364C5240DCE6B896E482301566C8C91148BD21A0"
"data\packages\arduino\tools\avr-gcc\7.3.0-atmel3.6.1-arduino7\avr\lib\avr5\libatmega328p.a","File","10832","4DA53E6C39EB4DF89AE9B3FC14D0D81A8BD4DDC2EB2F0A76E33F41445EBC2374"
"data\packages\arduino\tools\avr-gcc\7.3.0-atmel3.6.1-arduino7\avr\lib\avr5\libatmega328pb.a","File","23416","F9846440C6AD4AA99ABEEB939901564D48836B436079413B04B8292D525B404E"
"data\packages\arduino\tools\avr-gcc\7.3.0-atmel3.6.1-arduino7\avr\lib\avr5\libatmega329.a","File","10832","E9C9C2E6760C2CAAEB103C4FB52856DD110A91CC78902B81E1A93A22AE7A8D11"
"data\packages\arduino\tools\avr-gcc\7.3.0-atmel3.6.1-arduino7\avr\lib\avr5\libatmega3290.a","File","10832","E9C9C2E6760C2CAAEB103C4FB52856DD110A91CC78902B81E1A93A22AE7A8D11"
"data\packages\arduino\tools\avr-gcc\7.3.0-atmel3.6.1-arduino7\avr\lib\avr5\libatmega3290a.a","File","10832","FB285F7F4509CEFAFA0BD85E6E895ACF895B0ED505A4A90A98D0C0A152B0E63B"
"data\packages\arduino\tools\avr-gcc\7.3.0-atmel3.6.1-arduino7\avr\lib\avr5\libatmega3290p.a","File","10832","FB285F7F4509CEFAFA0BD85E6E895ACF895B0ED505A4A90A98D0C0A152B0E63B"
"data\packages\arduino\tools\avr-gcc\7.3.0-atmel3.6.1-arduino7\avr\lib\avr5\libatmega3290pa.a","File","10832","FB285F7F4509CEFAFA0BD85E6E895ACF895B0ED505A4A90A98D0C0A152B0E63B"
"data\packages\arduino\tools\avr-gcc\7.3.0-atmel3.6.1-arduino7\avr\lib\avr5\libatmega329a.a","File","10832","E9C9C2E6760C2CAAEB103C4FB52856DD110A91CC78902B81E1A93A22AE7A8D11"
"data\packages\arduino\tools\avr-gcc\7.3.0-atmel3.6.1-arduino7\avr\lib\avr5\libatmega329p.a","File","10832","E9C9C2E6760C2CAAEB103C4FB52856DD110A91CC78902B81E1A93A22AE7A8D11"
"data\packages\arduino\tools\avr-gcc\7.3.0-atmel3.6.1-arduino7\avr\lib\avr5\libatmega329pa.a","File","10832","E9C9C2E6760C2CAAEB103C4FB52856DD110A91CC78902B81E1A93A22AE7A8D11"
"data\packages\arduino\tools\avr-gcc\7.3.0-atmel3.6.1-arduino7\avr\lib\avr5\libatmega32a.a","File","10832","939793CAE3398C8D81770FD52EC6B8069A008D56D69339E430C48BB9A7388DCB"
"data\packages\arduino\tools\avr-gcc\7.3.0-atmel3.6.1-arduino7\avr\lib\avr5\libatmega32c1.a","File","10832","1B03636EE0B8E25A05E0864D638C6A7E97608C27FB7DE803B646859E27961A19"
"data\packages\arduino\tools\avr-gcc\7.3.0-atmel3.6.1-arduino7\avr\lib\avr5\libatmega32hvb.a","File","10832","1B03636EE0B8E25A05E0864D638C6A7E97608C27FB7DE803B646859E27961A19"
"data\packages\arduino\tools\avr-gcc\7.3.0-atmel3.6.1-arduino7\avr\lib\avr5\libatmega32hvbrevb.a","File","10832","26E909CBF2565995AED93F4A62B329EFE9D96EE98E128B3757515AD239B76CFB"
"data\packages\arduino\tools\avr-gcc\7.3.0-atmel3.6.1-arduino7\avr\lib\avr5\libatmega32m1.a","File","10832","4045F4B75CC46B6D63C2138DC596779234FE860E33016AD6FD83CB48F90E55B4"
"data\packages\arduino\tools\avr-gcc\7.3.0-atmel3.6.1-arduino7\avr\lib\avr5\libatmega32u4.a","File","10832","4045F4B75CC46B6D63C2138DC596779234FE860E33016AD6FD83CB48F90E55B4"
"data\packages\arduino\tools\avr-gcc\7.3.0-atmel3.6.1-arduino7\avr\lib\avr5\libatmega32u6.a","File","10832","4045F4B75CC46B6D63C2138DC596779234FE860E33016AD6FD83CB48F90E55B4"
"data\packages\arduino\tools\avr-gcc\7.3.0-atmel3.6.1-arduino7\avr\lib\avr5\libatmega406.a","File","10832","4045F4B75CC46B6D63C2138DC596779234FE860E33016AD6FD83CB48F90E55B4"
"data\packages\arduino\tools\avr-gcc\7.3.0-atmel3.6.1-arduino7\avr\lib\avr5\libatmega64.a","File","10832","53FCE4E919FFCF7C19A23B03B55841C2B32FE2DB8C190B17D4758CAEAB5477AF"
"data\packages\arduino\tools\avr-gcc\7.3.0-atmel3.6.1-arduino7\avr\lib\avr5\libatmega640.a","File","10832","223CE6CE7049F134AE2A80D8760AED71BEB270EEDA409CC485E5F62D38DF0788"
"data\packages\arduino\tools\avr-gcc\7.3.0-atmel3.6.1-arduino7\avr\lib\avr5\libatmega644.a","File","10832","223CE6CE7049F134AE2A80D8760AED71BEB270EEDA409CC485E5F62D38DF0788"
"data\packages\arduino\tools\avr-gcc\7.3.0-atmel3.6.1-arduino7\avr\lib\avr5\libatmega644a.a","File","10832","223CE6CE7049F134AE2A80D8760AED71BEB270EEDA409CC485E5F62D38DF0788"
"data\packages\arduino\tools\avr-gcc\7.3.0-atmel3.6.1-arduino7\avr\lib\avr5\libatmega644p.a","File","10832","3A060B71F8918B1CB541FC9F927922B2047C663E36FC688E00CF846ABCF7A3CA"
"data\packages\arduino\tools\avr-gcc\7.3.0-atmel3.6.1-arduino7\avr\lib\avr5\libatmega644pa.a","File","10832","3A060B71F8918B1CB541FC9F927922B2047C663E36FC688E00CF846ABCF7A3CA"
"data\packages\arduino\tools\avr-gcc\7.3.0-atmel3.6.1-arduino7\avr\lib\avr5\libatmega644rfr2.a","File","10832","4045F4B75CC46B6D63C2138DC596779234FE860E33016AD6FD83CB48F90E55B4"
"data\packages\arduino\tools\avr-gcc\7.3.0-atmel3.6.1-arduino7\avr\lib\avr5\libatmega645.a","File","10832","5596774A677E4F833B58E0A86D5CC7D9E7184C94E92E957848D85CDA426690BA"
"data\packages\arduino\tools\avr-gcc\7.3.0-atmel3.6.1-arduino7\avr\lib\avr5\libatmega6450.a","File","10832","DC86BC1EE0375E1CEC90234BF8EE3A701A70BEC1E7C8ADC576FD50A08A5CD763"
"data\packages\arduino\tools\avr-gcc\7.3.0-atmel3.6.1-arduino7\avr\lib\avr5\libatmega6450a.a","File","10832","25C0434BC187DC9826F52D6E433A73763C12E4AA24917D78252FD46A04314CB4"
"data\packages\arduino\tools\avr-gcc\7.3.0-atmel3.6.1-arduino7\avr\lib\avr5\libatmega6450p.a","File","10832","25C0434BC187DC9826F52D6E433A73763C12E4AA24917D78252FD46A04314CB4"
"data\packages\arduino\tools\avr-gcc\7.3.0-atmel3.6.1-arduino7\avr\lib\avr5\libatmega645a.a","File","10832","5596774A677E4F833B58E0A86D5CC7D9E7184C94E92E957848D85CDA426690BA"
"data\packages\arduino\tools\avr-gcc\7.3.0-atmel3.6.1-arduino7\avr\lib\avr5\libatmega645p.a","File","10832","5596774A677E4F833B58E0A86D5CC7D9E7184C94E92E957848D85CDA426690BA"
"data\packages\arduino\tools\avr-gcc\7.3.0-atmel3.6.1-arduino7\avr\lib\avr5\libatmega649.a","File","10832","25C0434BC187DC9826F52D6E433A73763C12E4AA24917D78252FD46A04314CB4"
"data\packages\arduino\tools\avr-gcc\7.3.0-atmel3.6.1-arduino7\avr\lib\avr5\libatmega6490.a","File","10832","9E05AF877CAC73CAFF85B5F433B2DD2DBDFE169A60932CBFC92F6C7191EADC5F"
"data\packages\arduino\tools\avr-gcc\7.3.0-atmel3.6.1-arduino7\avr\lib\avr5\libatmega6490a.a","File","10832","9E05AF877CAC73CAFF85B5F433B2DD2DBDFE169A60932CBFC92F6C7191EADC5F"
"data\packages\arduino\tools\avr-gcc\7.3.0-atmel3.6.1-arduino7\avr\lib\avr5\libatmega6490p.a","File","10832","9E05AF877CAC73CAFF85B5F433B2DD2DBDFE169A60932CBFC92F6C7191EADC5F"
"data\packages\arduino\tools\avr-gcc\7.3.0-atmel3.6.1-arduino7\avr\lib\avr5\libatmega649a.a","File","10832","25C0434BC187DC9826F52D6E433A73763C12E4AA24917D78252FD46A04314CB4"
"data\packages\arduino\tools\avr-gcc\7.3.0-atmel3.6.1-arduino7\avr\lib\avr5\libatmega649p.a","File","10832","25C0434BC187DC9826F52D6E433A73763C12E4AA24917D78252FD46A04314CB4"
"data\packages\arduino\tools\avr-gcc\7.3.0-atmel3.6.1-arduino7\avr\lib\avr5\libatmega64a.a","File","10832","53FCE4E919FFCF7C19A23B03B55841C2B32FE2DB8C190B17D4758CAEAB5477AF"
"data\packages\arduino\tools\avr-gcc\7.3.0-atmel3.6.1-arduino7\avr\lib\avr5\libatmega64c1.a","File","10832","7C4464F5AFC163643CB3F1C42050586695D866C557656027A1FD24BC08991463"
"data\packages\arduino\tools\avr-gcc\7.3.0-atmel3.6.1-arduino7\avr\lib\avr5\libatmega64hve.a","File","10832","7C4464F5AFC163643CB3F1C42050586695D866C557656027A1FD24BC08991463"
"data\packages\arduino\tools\avr-gcc\7.3.0-atmel3.6.1-arduino7\avr\lib\avr5\libatmega64hve2.a","File","10832","09434F8C5F92DB9BC750BE9530B58EFF921B9E8074883F6511E5846ACDCD9DCE"
"data\packages\arduino\tools\avr-gcc\7.3.0-atmel3.6.1-arduino7\avr\lib\avr5\libatmega64m1.a","File","10832","09434F8C5F92DB9BC750BE9530B58EFF921B9E8074883F6511E5846ACDCD9DCE"
"data\packages\arduino\tools\avr-gcc\7.3.0-atmel3.6.1-arduino7\avr\lib\avr5\libatmega64rfr2.a","File","10832","A26B4E4C0B8F7515C011E0EEC2200BEA06108056FE46079566EE0DE131D88287"
"data\packages\arduino\tools\avr-gcc\7.3.0-atmel3.6.1-arduino7\avr\lib\avr5\libc.a","File","291914","18B64B8B3EF540925643BB79E15F574BB5EEFCABC137E75306B0066AA89AC1C0"
"data\packages\arduino\tools\avr-gcc\7.3.0-atmel3.6.1-arduino7\avr\lib\avr5\libm.a","File","65952","33F0C3EC9A85C20DF950ECD3D7D9BA889EF9E2E6ED5747FBF9942CBA6E77A0E6"
"data\packages\arduino\tools\avr-gcc\7.3.0-atmel3.6.1-arduino7\avr\lib\avr5\libm3000.a","File","7460","7C8E7D207B0733B69194F999D844E17EF28963E735F1F36C599195C9BCB75072"
"data\packages\arduino\tools\avr-gcc\7.3.0-atmel3.6.1-arduino7\avr\lib\avr5\libprintf_flt.a","File","5746","084411F80F03CD524891A16E90E61E364BEA522DE70734E68E0C3AFBED9B609C"
"data\packages\arduino\tools\avr-gcc\7.3.0-atmel3.6.1-arduino7\avr\lib\avr5\libprintf_min.a","File","2686","CE31B2844D432E37E0D820ABE1C2B2DE221F650FFAC7457EF09E03D2E973DE66"
"data\packages\arduino\tools\avr-gcc\7.3.0-atmel3.6.1-arduino7\avr\lib\avr5\libscanf_flt.a","File","6772","C90A93637CD019D28E8C330E97FB8DD720A064843D32A147D6C5596867A3DF6B"
"data\packages\arduino\tools\avr-gcc\7.3.0-atmel3.6.1-arduino7\avr\lib\avr5\libscanf_min.a","File","3692","FCF824E2970ECF67C0E7BAB0D40FAEFBAE5A2B3E17DB70013259F709ACE70F90"
"data\packages\arduino\tools\avr-gcc\7.3.0-atmel3.6.1-arduino7\avr\lib\avr51","Directory","",""
"data\packages\arduino\tools\avr-gcc\7.3.0-atmel3.6.1-arduino7\avr\lib\avr51\crtat90can128.o","File","11040","D06E5EF3B74AA4A463D33E1FB59CF46C8CDBFD877B556A03DE806700C422AB16"
"data\packages\arduino\tools\avr-gcc\7.3.0-atmel3.6.1-arduino7\avr\lib\avr51\crtat90usb1286.o","File","10604","E57B87C2001D923B728EC3DB5BDF5BDB8F2D99C2A15D668F01FD01111B5E1608"
"data\packages\arduino\tools\avr-gcc\7.3.0-atmel3.6.1-arduino7\avr\lib\avr51\crtat90usb1287.o","File","12004","3F64970B52B81BE4FA0C056209B610ADF47F09EC1489F2B37DCD9CF5FB4AB2CA"
"data\packages\arduino\tools\avr-gcc\7.3.0-atmel3.6.1-arduino7\avr\lib\avr51\crtatmega128.o","File","8880","A9CD47129D64DB1DEA01CA7BCC904496DDBE49B4D1878903A0C04EBE71C274E1"
"data\packages\arduino\tools\avr-gcc\7.3.0-atmel3.6.1-arduino7\avr\lib\avr51\crtatmega1280.o","File","13020","ADBBC4D56EFFC1554E0D33E9E80EAE8A3E82C98956B7ADCCDBCA4694963D2301"
"data\packages\arduino\tools\avr-gcc\7.3.0-atmel3.6.1-arduino7\avr\lib\avr51\crtatmega1281.o","File","11496","91EFA815390F11019F8170042EF1E38F3FEDEE5D5C0140ADDB176186F247B605"
"data\packages\arduino\tools\avr-gcc\7.3.0-atmel3.6.1-arduino7\avr\lib\avr51\crtatmega1284.o","File","8956","255C7CAC88BD687268D3CEC2BB7A46A806BABDAE64EF9848A163D72382B0E4FD"
"data\packages\arduino\tools\avr-gcc\7.3.0-atmel3.6.1-arduino7\avr\lib\avr51\crtatmega1284p.o","File","8956","6CEE89BA652F67BF448B3F069C7EBAFB9071F68084434053F43D01DA0C8507F7"
"data\packages\arduino\tools\avr-gcc\7.3.0-atmel3.6.1-arduino7\avr\lib\avr51\crtatmega1284rfr2.o","File","4708","15F31D282238117B8F51EFBDC51CF2A81A907F1A71273B8940E225C0D1CB3B8B"
"data\packages\arduino\tools\avr-gcc\7.3.0-atmel3.6.1-arduino7\avr\lib\avr51\crtatmega128a.o","File","8884","E5BC2C9A90005C84DDA3EA530B019F5D12A9544EE99850156610D4530795DA26"
"data\packages\arduino\tools\avr-gcc\7.3.0-atmel3.6.1-arduino7\avr\lib\avr51\crtatmega128rfa1.o","File","18164","A119A097009997A9A0A92DCFAEEC4DF6D83C617F4C562D54306766CEB996B867"
"data\packages\arduino\tools\avr-gcc\7.3.0-atmel3.6.1-arduino7\avr\lib\avr51\crtatmega128rfr2.o","File","20276","06746F10B72FAABBE8A097E768B3B43AECC21BE0FC429239193FCB4E9C52429B"
"data\packages\arduino\tools\avr-gcc\7.3.0-atmel3.6.1-arduino7\avr\lib\avr51\libat90can128.a","File","10856","304389B0E61FF6CBA4299A02742D2CC73AEEA6F8875CDABEE50B86FC985605C7"
"data\packages\arduino\tools\avr-gcc\7.3.0-atmel3.6.1-arduino7\avr\lib\avr51\libat90usb1286.a","File","10856","50EB8455E0FF7674668BAC8403B8121B1E7A932B886A70CFAB268289540E6D19"
"data\packages\arduino\tools\avr-gcc\7.3.0-atmel3.6.1-arduino7\avr\lib\avr51\libat90usb1287.a","File","10856","9EACBDADA4FB073A130B4CB23AEB00788780A8C617541F3FC99CDA4AC6E3BFC3"
"data\packages\arduino\tools\avr-gcc\7.3.0-atmel3.6.1-arduino7\avr\lib\avr51\libatmega128.a","File","10856","12F235D94DC95DBCD33F9C88FFF61D3CEB62EECF95817E86A627EBB0058187FA"
"data\packages\arduino\tools\avr-gcc\7.3.0-atmel3.6.1-arduino7\avr\lib\avr51\libatmega1280.a","File","10856","8613A1E552A0A5E1363AE7DFFC3653CFE0BA6348F1CBCE70D19C0C9CCC236383"
"data\packages\arduino\tools\avr-gcc\7.3.0-atmel3.6.1-arduino7\avr\lib\avr51\libatmega1281.a","File","10856","8613A1E552A0A5E1363AE7DFFC3653CFE0BA6348F1CBCE70D19C0C9CCC236383"
"data\packages\arduino\tools\avr-gcc\7.3.0-atmel3.6.1-arduino7\avr\lib\avr51\libatmega1284.a","File","10856","8613A1E552A0A5E1363AE7DFFC3653CFE0BA6348F1CBCE70D19C0C9CCC236383"
"data\packages\arduino\tools\avr-gcc\7.3.0-atmel3.6.1-arduino7\avr\lib\avr51\libatmega1284p.a","File","10856","8613A1E552A0A5E1363AE7DFFC3653CFE0BA6348F1CBCE70D19C0C9CCC236383"
"data\packages\arduino\tools\avr-gcc\7.3.0-atmel3.6.1-arduino7\avr\lib\avr51\libatmega1284rfr2.a","File","10856","50EB8455E0FF7674668BAC8403B8121B1E7A932B886A70CFAB268289540E6D19"
"data\packages\arduino\tools\avr-gcc\7.3.0-atmel3.6.1-arduino7\avr\lib\avr51\libatmega128a.a","File","10856","9A33EA4C27D89CFFF3EFCA186ABB9BADBDC2835721979197FF96611630EFF095"
"data\packages\arduino\tools\avr-gcc\7.3.0-atmel3.6.1-arduino7\avr\lib\avr51\libatmega128rfa1.a","File","10856","420982BAFA7744DA2C21E0B4CE7F7903103290AB99C94C3AF94DCA1B90A02026"
"data\packages\arduino\tools\avr-gcc\7.3.0-atmel3.6.1-arduino7\avr\lib\avr51\libatmega128rfr2.a","File","10856","50EB8455E0FF7674668BAC8403B8121B1E7A932B886A70CFAB268289540E6D19"
"data\packages\arduino\tools\avr-gcc\7.3.0-atmel3.6.1-arduino7\avr\lib\avr51\libc.a","File","290790","747013E218486AF549235F61DBB7A2B526723A8AF15B9283AACA93C1F0D92249"
"data\packages\arduino\tools\avr-gcc\7.3.0-atmel3.6.1-arduino7\avr\lib\avr51\libm.a","File","65952","702CFC275D75E127912795FD31B6606E36E9A357FF936520A1FFC2F5B4A41FC5"
"data\packages\arduino\tools\avr-gcc\7.3.0-atmel3.6.1-arduino7\avr\lib\avr51\libprintf_flt.a","File","5734","B4F5D3E53CBCF72238FC3FC58362FA43D32625B01F2E5C2568BF4614783BD21F"
"data\packages\arduino\tools\avr-gcc\7.3.0-atmel3.6.1-arduino7\avr\lib\avr51\libprintf_min.a","File","2670","C5274C95C1A6430CF9AFD588E32ECDB4463C7989541D179A45436413CB4C89BF"
"data\packages\arduino\tools\avr-gcc\7.3.0-atmel3.6.1-arduino7\avr\lib\avr51\libscanf_flt.a","File","6712","A11DEF37836C6BF5B00992E5F90397693B9E731656A426538191C673874FF77D"
"data\packages\arduino\tools\avr-gcc\7.3.0-atmel3.6.1-arduino7\avr\lib\avr51\libscanf_min.a","File","3636","781DB8BB00D95F693FE121A96756C7E5CF50DB50AE67F7397CA05BBA5E7D8599"
"data\packages\arduino\tools\avr-gcc\7.3.0-atmel3.6.1-arduino7\avr\lib\avr6","Directory","",""
"data\packages\arduino\tools\avr-gcc\7.3.0-atmel3.6.1-arduino7\avr\lib\avr6\crtatmega2560.o","File","13036","3A6D322264B37F0B75215379891452B945EEC1205B02C939139DFC037F6944CF"
"data\packages\arduino\tools\avr-gcc\7.3.0-atmel3.6.1-arduino7\avr\lib\avr6\crtatmega2561.o","File","11564","5A4A5069C4485F46B0AAF1DD524C8453F590BD788DC171E497F7E9FB21EC11BD"
"data\packages\arduino\tools\avr-gcc\7.3.0-atmel3.6.1-arduino7\avr\lib\avr6\crtatmega2564rfr2.o","File","4724","E26E8C02688A801E3FA71FBCD83CEAE49B4E3995B366EDD334AEC07F4F461F21"
"data\packages\arduino\tools\avr-gcc\7.3.0-atmel3.6.1-arduino7\avr\lib\avr6\crtatmega256rfr2.o","File","20348","1FBFC437F7BC84D262780F0442FE74B35179D7B596746612ECC8BE23E014A237"
"data\packages\arduino\tools\avr-gcc\7.3.0-atmel3.6.1-arduino7\avr\lib\avr6\libatmega2560.a","File","10856","70CBEAB4189145E8C5D51224F644FF4795DEA8612DEA98646062992FC1436567"
"data\packages\arduino\tools\avr-gcc\7.3.0-atmel3.6.1-arduino7\avr\lib\avr6\libatmega2561.a","File","10856","549B125ABF0268CC00E79102DD5D9FB272D333AE4C4E2CCB1BD5AAF4ACAB8620"
"data\packages\arduino\tools\avr-gcc\7.3.0-atmel3.6.1-arduino7\avr\lib\avr6\libatmega2564rfr2.a","File","10856","C9D30F28011E502E64386FEF915FE975B6A504E9F6A18C6231976EA44D584167"
"data\packages\arduino\tools\avr-gcc\7.3.0-atmel3.6.1-arduino7\avr\lib\avr6\libatmega256rfr2.a","File","10856","C9D30F28011E502E64386FEF915FE975B6A504E9F6A18C6231976EA44D584167"
"data\packages\arduino\tools\avr-gcc\7.3.0-atmel3.6.1-arduino7\avr\lib\avr6\libc.a","File","290938","9DC799A11E495F981169EECE33E38753396FC0ED5379D5981EDEBADB5B1D0A18"
"data\packages\arduino\tools\avr-gcc\7.3.0-atmel3.6.1-arduino7\avr\lib\avr6\libm.a","File","65952","F0262B73EA9A25A3B06B4EA1683E4E56B912226FBBC8F1734449E375A59B5AE5"
"data\packages\arduino\tools\avr-gcc\7.3.0-atmel3.6.1-arduino7\avr\lib\avr6\libprintf_flt.a","File","5734","41D2D22227D69034618E8D1D8BF5749302963435674383431C1D6B7E1D481319"
"data\packages\arduino\tools\avr-gcc\7.3.0-atmel3.6.1-arduino7\avr\lib\avr6\libprintf_min.a","File","2702","ECAA9E738512BD2A40FDF28DF5E2E8B541F64F5A4FC0E8D2D37851E81145FE7C"
"data\packages\arduino\tools\avr-gcc\7.3.0-atmel3.6.1-arduino7\avr\lib\avr6\libscanf_flt.a","File","6712","8DBAE9743F2E8D125F2ABA4C3CF5CBFA9201009E0FA1584A04F3C511908870D2"
"data\packages\arduino\tools\avr-gcc\7.3.0-atmel3.6.1-arduino7\avr\lib\avr6\libscanf_min.a","File","3636","75F2779504173B57042A881439E523E12F164EDF1632977231EE0A163D27F7B7"
"data\packages\arduino\tools\avr-gcc\7.3.0-atmel3.6.1-arduino7\avr\lib\avrtiny","Directory","",""
"data\packages\arduino\tools\avr-gcc\7.3.0-atmel3.6.1-arduino7\avr\lib\avrtiny\crtattiny10.o","File","4448","71EC396AB7F75C6E83393C08A9246BFA23D98C92B1EE7E9D7D3D5F74AB87F95E"
"data\packages\arduino\tools\avr-gcc\7.3.0-atmel3.6.1-arduino7\avr\lib\avrtiny\crtattiny102.o","File","6164","894D5E815603CE9E5301ED068879E5F39DA337C6528D43E96EA03331F4A3D794"
"data\packages\arduino\tools\avr-gcc\7.3.0-atmel3.6.1-arduino7\avr\lib\avrtiny\crtattiny104.o","File","6164","28699A8B3B0D5BC8CC47C0358E4A8C60E0E0FE4B3D1F52093E878D564CC1E3B8"
"data\packages\arduino\tools\avr-gcc\7.3.0-atmel3.6.1-arduino7\avr\lib\avrtiny\crtattiny20.o","File","5704","3DCA41C372B9F937F39B7482EE6B09039B80341B06A2685AD5FDB9E9E1B4A636"
"data\packages\arduino\tools\avr-gcc\7.3.0-atmel3.6.1-arduino7\avr\lib\avrtiny\crtattiny4.o","File","4140","7DAABEED5AE7E796906EEED9E1100563E42B3D7E2D52E925BD34A271C4646B9F"
"data\packages\arduino\tools\avr-gcc\7.3.0-atmel3.6.1-arduino7\avr\lib\avrtiny\crtattiny40.o","File","5852","5150847BDFCA4966DC9E9A1E25C3D235F4D12C9F43AFD34E2FD1DF1817D02E6F"
"data\packages\arduino\tools\avr-gcc\7.3.0-atmel3.6.1-arduino7\avr\lib\avrtiny\crtattiny5.o","File","4448","EA00E6BC2BEF49591670DC465D88F367E94D4451F9873A6B5844F8A531062586"
"data\packages\arduino\tools\avr-gcc\7.3.0-atmel3.6.1-arduino7\avr\lib\avrtiny\crtattiny9.o","File","4140","217416AA72F96FB2F1B517344974D8D3002F394F1059A2DCB51323AF9FADC32D"
"data\packages\arduino\tools\avr-gcc\7.3.0-atmel3.6.1-arduino7\avr\lib\avrtiny\libattiny10.a","File","7484","905EBBB4F15126D0261B32708F7F7DF9C81788095F2379D0ED1A660CAACD2E0C"
"data\packages\arduino\tools\avr-gcc\7.3.0-atmel3.6.1-arduino7\avr\lib\avrtiny\libattiny102.a","File","8644","10DE51BE7A0A12156498D0292CA66693EF934408822BD2BA4A05DB81D6BBB4C9"
"data\packages\arduino\tools\avr-gcc\7.3.0-atmel3.6.1-arduino7\avr\lib\avrtiny\libattiny104.a","File","8644","EF3DA3CC1420AB4F7C578BA259509264726F095417E34D3E0A9173EED8CEB8CD"
"data\packages\arduino\tools\avr-gcc\7.3.0-atmel3.6.1-arduino7\avr\lib\avrtiny\libattiny20.a","File","7484","905EBBB4F15126D0261B32708F7F7DF9C81788095F2379D0ED1A660CAACD2E0C"
"data\packages\arduino\tools\avr-gcc\7.3.0-atmel3.6.1-arduino7\avr\lib\avrtiny\libattiny4.a","File","7484","E39CE107DA31902DAE302BF84105EA8BF286170D609BE22058F76120A37F3944"
"data\packages\arduino\tools\avr-gcc\7.3.0-atmel3.6.1-arduino7\avr\lib\avrtiny\libattiny40.a","File","7484","B5092C7F30AF639C46F593608D959A9D8FF4F926197188A3480EE539EA702509"
"data\packages\arduino\tools\avr-gcc\7.3.0-atmel3.6.1-arduino7\avr\lib\avrtiny\libattiny5.a","File","7484","905EBBB4F15126D0261B32708F7F7DF9C81788095F2379D0ED1A660CAACD2E0C"
"data\packages\arduino\tools\avr-gcc\7.3.0-atmel3.6.1-arduino7\avr\lib\avrtiny\libattiny9.a","File","7484","905EBBB4F15126D0261B32708F7F7DF9C81788095F2379D0ED1A660CAACD2E0C"
"data\packages\arduino\tools\avr-gcc\7.3.0-atmel3.6.1-arduino7\avr\lib\avrtiny\libc.a","File","255652","100A64B70F019084F173F066E97DCF51999BEB758D4339AFE7AF61E0844F91C6"
"data\packages\arduino\tools\avr-gcc\7.3.0-atmel3.6.1-arduino7\avr\lib\avrtiny\libm.a","File","45530","D7CA0E170EF3696DBD41E0F0F523F2193808F9359F39EA1EB13F2F529093B7A8"
"data\packages\arduino\tools\avr-gcc\7.3.0-atmel3.6.1-arduino7\avr\lib\avrtiny\libprintf_flt.a","File","844","B03001E0B57CB115A6C85A9A1C3F66F69D8F3CB99AE87BCC55E302CF7EF6D6CB"
"data\packages\arduino\tools\avr-gcc\7.3.0-atmel3.6.1-arduino7\avr\lib\avrtiny\libprintf_min.a","File","844","8253AD046C82E0AA634517796B76608E624DFB914D7880809E169CFE311D8AF8"
"data\packages\arduino\tools\avr-gcc\7.3.0-atmel3.6.1-arduino7\avr\lib\avrtiny\libscanf_flt.a","File","840","EC80DFD2D5E71A2C75E77F6D80512750A6428FA6F1FC05F89527682C39A989A4"
"data\packages\arduino\tools\avr-gcc\7.3.0-atmel3.6.1-arduino7\avr\lib\avrtiny\libscanf_min.a","File","840","4F3C323C682DC31046FBFC2F2B2DA58CB0739AC6E6FD5AE4F265E2799FD61DA2"
"data\packages\arduino\tools\avr-gcc\7.3.0-atmel3.6.1-arduino7\avr\lib\avrxmega2","Directory","",""
"data\packages\arduino\tools\avr-gcc\7.3.0-atmel3.6.1-arduino7\avr\lib\avrxmega2\crtatxmega16a4.o","File","34820","D969681F8D22F637C0EF8738C129992CB1F060A779996E47139AC96C6C40BD67"
"data\packages\arduino\tools\avr-gcc\7.3.0-atmel3.6.1-arduino7\avr\lib\avrxmega2\crtatxmega16a4u.o","File","40820","0EFAEC8CE80AF8780955BEA5BC304D736C616B13D0A8673965DD6EE041170CC5"
"data\packages\arduino\tools\avr-gcc\7.3.0-atmel3.6.1-arduino7\avr\lib\avrxmega2\crtatxmega16c4.o","File","35704","DEFA77344BADC3C6868CF52C06C71B31E87445F5CE54BADE8BD88B9C13D78CA4"
"data\packages\arduino\tools\avr-gcc\7.3.0-atmel3.6.1-arduino7\avr\lib\avrxmega2\crtatxmega16d4.o","File","29380","4E32452B916603A4F73C4D11ED2FFCE113C2551C9E518F2350AA9A72671FD0C9"
"data\packages\arduino\tools\avr-gcc\7.3.0-atmel3.6.1-arduino7\avr\lib\avrxmega2\crtatxmega16e5.o","File","26816","2C06308FF1F326CE4CC3D9FF772211BC5EEF4887B3DB87901AD8118DAD703B2A"
"data\packages\arduino\tools\avr-gcc\7.3.0-atmel3.6.1-arduino7\avr\lib\avrxmega2\crtatxmega32a4.o","File","34820","BEE64192FA38FA66E004C304701939691594A118BBC5054EF05529D43C06006C"
"data\packages\arduino\tools\avr-gcc\7.3.0-atmel3.6.1-arduino7\avr\lib\avrxmega2\crtatxmega32a4u.o","File","40820","CB71BFD1CFB23ECEB470C2F8BB50E841C34A86D3C2C27A56C8A97440A70F906E"
"data\packages\arduino\tools\avr-gcc\7.3.0-atmel3.6.1-arduino7\avr\lib\avrxmega2\crtatxmega32c3.o","File","40940","AFDAAC2AB6F1667568F3AA8D34E320F4B1E72A14D9F3D5A8A8A5214660E3D184"
"data\packages\arduino\tools\avr-gcc\7.3.0-atmel3.6.1-arduino7\avr\lib\avrxmega2\crtatxmega32c4.o","File","35704","AA403A18E3F3478CB1BFBA8784F3539BEF658397F14CE87EDF71F993ACEFE27C"
"data\packages\arduino\tools\avr-gcc\7.3.0-atmel3.6.1-arduino7\avr\lib\avrxmega2\crtatxmega32d3.o","File","35404","287DE155E4EE89677ACB873EB2C1AB611BDD62BEA12EF6B21568D85E0B2444EE"
"data\packages\arduino\tools\avr-gcc\7.3.0-atmel3.6.1-arduino7\avr\lib\avrxmega2\crtatxmega32d4.o","File","29380","A408324098E4154A7FAF1109DB6E022613ACACD262FA18B8A8EE9AD0439E8B16"
"data\packages\arduino\tools\avr-gcc\7.3.0-atmel3.6.1-arduino7\avr\lib\avrxmega2\crtatxmega32e5.o","File","26816","AACB619D57F8D00F14BEA709A411B68C030A868ACF09BE284CC3268BE6B32321"
"data\packages\arduino\tools\avr-gcc\7.3.0-atmel3.6.1-arduino7\avr\lib\avrxmega2\crtatxmega8e5.o","File","26816","1501CDD0016A1A0017E1EF29AE3D0D350F3770CD50E910B4A8828105EA9B5EDA"
"data\packages\arduino\tools\avr-gcc\7.3.0-atmel3.6.1-arduino7\avr\lib\avrxmega2\libatxmega16a4.a","File","11368","027DE357AD7AA0015AA394C1BE0CBF081DC6362D5224FB23DE0A6433CD1D15B2"
"data\packages\arduino\tools\avr-gcc\7.3.0-atmel3.6.1-arduino7\avr\lib\avrxmega2\libatxmega16a4u.a","File","11368","576E8BCDE68724D8E85E19D8A7550809889AA60F6F7E292595A71E6D7FC3B055"
"data\packages\arduino\tools\avr-gcc\7.3.0-atmel3.6.1-arduino7\avr\lib\avrxmega2\libatxmega16c4.a","File","11368","BE1BCCC46AB7BDD85B2431D12626FEEE8B5A3486153F476A3E8923F94581378D"
"data\packages\arduino\tools\avr-gcc\7.3.0-atmel3.6.1-arduino7\avr\lib\avrxmega2\libatxmega16d4.a","File","11368","BE1BCCC46AB7BDD85B2431D12626FEEE8B5A3486153F476A3E8923F94581378D"
"data\packages\arduino\tools\avr-gcc\7.3.0-atmel3.6.1-arduino7\avr\lib\avrxmega2\libatxmega16e5.a","File","11240","E8E303692B87C3463F74D8B4097F37ECF602B5E65A940D74BA3012B2C53FC313"
"data\packages\arduino\tools\avr-gcc\7.3.0-atmel3.6.1-arduino7\avr\lib\avrxmega2\libatxmega32a4.a","File","11368","4CC104561DDF0AD0F7A8F73A993E94C50F632C57363F87CE36BF8315576123A8"
"data\packages\arduino\tools\avr-gcc\7.3.0-atmel3.6.1-arduino7\avr\lib\avrxmega2\libatxmega32a4u.a","File","11368","4CC104561DDF0AD0F7A8F73A993E94C50F632C57363F87CE36BF8315576123A8"
"data\packages\arduino\tools\avr-gcc\7.3.0-atmel3.6.1-arduino7\avr\lib\avrxmega2\libatxmega32c3.a","File","11368","4CC104561DDF0AD0F7A8F73A993E94C50F632C57363F87CE36BF8315576123A8"
"data\packages\arduino\tools\avr-gcc\7.3.0-atmel3.6.1-arduino7\avr\lib\avrxmega2\libatxmega32c4.a","File","11368","8054DCF3FB5E78F0082E5BDE9DB2A337B11618581E6C016EB51500FD573BCF09"
"data\packages\arduino\tools\avr-gcc\7.3.0-atmel3.6.1-arduino7\avr\lib\avrxmega2\libatxmega32d3.a","File","11368","8054DCF3FB5E78F0082E5BDE9DB2A337B11618581E6C016EB51500FD573BCF09"
"data\packages\arduino\tools\avr-gcc\7.3.0-atmel3.6.1-arduino7\avr\lib\avrxmega2\libatxmega32d4.a","File","11368","8054DCF3FB5E78F0082E5BDE9DB2A337B11618581E6C016EB51500FD573BCF09"
"data\packages\arduino\tools\avr-gcc\7.3.0-atmel3.6.1-arduino7\avr\lib\avrxmega2\libatxmega32e5.a","File","11240","02E6950D5D0840CEE803381044D9E0A751DB432BC879F02DA20F2DCD263F1A0C"
"data\packages\arduino\tools\avr-gcc\7.3.0-atmel3.6.1-arduino7\avr\lib\avrxmega2\libatxmega8e5.a","File","11240","ABAB31A273837619FB76AE4CF91EDA7C7B9D7E8D63E55DC73D086AAA63A70930"
"data\packages\arduino\tools\avr-gcc\7.3.0-atmel3.6.1-arduino7\avr\lib\avrxmega2\libc.a","File","294510","4F176B1D97FFA4E17952C295F8D6B983838D7CE9AC28415C3BAD019E79D43EF6"
"data\packages\arduino\tools\avr-gcc\7.3.0-atmel3.6.1-arduino7\avr\lib\avrxmega2\libm.a","File","65984","401DF6F1AF3D1B8059CF7D4608B56F6306487C7AECF8246C7081A8C379C7D0C9"
"data\packages\arduino\tools\avr-gcc\7.3.0-atmel3.6.1-arduino7\avr\lib\avrxmega2\libprintf_flt.a","File","5770","37836617014892372D6567D902B95CA5134AA8C64ED774CE230756F45C821F7F"
"data\packages\arduino\tools\avr-gcc\7.3.0-atmel3.6.1-arduino7\avr\lib\avrxmega2\libprintf_min.a","File","2710","12E84D3FDEFC4E4C13F9412DBEF745947FD0E38ACEF89CB5183E07354456015B"
"data\packages\arduino\tools\avr-gcc\7.3.0-atmel3.6.1-arduino7\avr\lib\avrxmega2\libscanf_flt.a","File","6796","E57107CB691E514B86C9FE37CDCC1528509175712F33A724E132DD6EFE11366D"
"data\packages\arduino\tools\avr-gcc\7.3.0-atmel3.6.1-arduino7\avr\lib\avrxmega2\libscanf_min.a","File","3716","910A8B3F7F352693827825FBA8936F95E054D5F681648AEDC6D0870F5A1E74C2"
"data\packages\arduino\tools\avr-gcc\7.3.0-atmel3.6.1-arduino7\avr\lib\avrxmega3","Directory","",""
"data\packages\arduino\tools\avr-gcc\7.3.0-atmel3.6.1-arduino7\avr\lib\avrxmega3\crtatmega1608.o","File","31164","A0F592044C95A035C22433ED3DA963AE3C376BD52CCE584360BFC8549F9497BA"
"data\packages\arduino\tools\avr-gcc\7.3.0-atmel3.6.1-arduino7\avr\lib\avrxmega3\crtatmega1609.o","File","32868","62E9D9633E2A77745A3236A87F41ACEB20D2133751F8E8E7A67F5D01784C6EF0"
"data\packages\arduino\tools\avr-gcc\7.3.0-atmel3.6.1-arduino7\avr\lib\avrxmega3\crtatmega3208.o","File","31164","A9D932BAB61639897D3094673B10DCB2F178D90DC1D2F888ADBC2A3CE9B379DF"
"data\packages\arduino\tools\avr-gcc\7.3.0-atmel3.6.1-arduino7\avr\lib\avrxmega3\crtatmega3209.o","File","32868","749ACD04CF39A0290211BADE4E4FC0120798600B17DA2E5731CFE9CC32C7F882"
"data\packages\arduino\tools\avr-gcc\7.3.0-atmel3.6.1-arduino7\avr\lib\avrxmega3\crtatmega4808.o","File","31164","2FAC6B84C46922C64350D3F28667FD2422A600DCF6A672C5B28A596A4822B2AE"
"data\packages\arduino\tools\avr-gcc\7.3.0-atmel3.6.1-arduino7\avr\lib\avrxmega3\crtatmega4809.o","File","32868","CCF580BC1D786C40A921A58AFCF09814CF85616C6DBC145C57ECD235956229F9"
"data\packages\arduino\tools\avr-gcc\7.3.0-atmel3.6.1-arduino7\avr\lib\avrxmega3\crtattiny1604.o","File","20052","779DB519FA9F490EBC5DCB37810C67B15B82E39273B1DDF5ADF41DAEC75AFF39"
"data\packages\arduino\tools\avr-gcc\7.3.0-atmel3.6.1-arduino7\avr\lib\avrxmega3\crtattiny1606.o","File","20052","E30FAC7CB3C5C193042BBB093122E68A51BF71255AC642FDC66F9265B2FDE26C"
"data\packages\arduino\tools\avr-gcc\7.3.0-atmel3.6.1-arduino7\avr\lib\avrxmega3\crtattiny1607.o","File","20052","57A469B04CC2B242150B9C5393311B0644E8F7B197D5903A94AD727B2D6D09CF"
"data\packages\arduino\tools\avr-gcc\7.3.0-atmel3.6.1-arduino7\avr\lib\avrxmega3\crtattiny1614.o","File","23084","107F9AB125A850E9DD103E3AF314FAD7B020D8713008C16BDBDAB2C2D6D4D166"
"data\packages\arduino\tools\avr-gcc\7.3.0-atmel3.6.1-arduino7\avr\lib\avrxmega3\crtattiny1616.o","File","24100","F86615198D15C2889BEB43D40F1D3B5F493ECB436EACF74CB517F2DBB076B69B"
"data\packages\arduino\tools\avr-gcc\7.3.0-atmel3.6.1-arduino7\avr\lib\avrxmega3\crtattiny1617.o","File","24100","6EB9C73232C088B9984C3E0F7EB75EA5CEEE5B3F60C274FD15A026F4E2306B85"
"data\packages\arduino\tools\avr-gcc\7.3.0-atmel3.6.1-arduino7\avr\lib\avrxmega3\crtattiny1624.o","File","25984","CBC1C86E027EC3A7384BB498DA548B3DA2958CFDFD6ED1A9BDFBECDABF96EF23"
"data\packages\arduino\tools\avr-gcc\7.3.0-atmel3.6.1-arduino7\avr\lib\avrxmega3\crtattiny1626.o","File","25984","ABFDC900E48AC0B0DA3850AA52DEF64272D293D4BB56CBA9808DD5BAF51D238D"
"data\packages\arduino\tools\avr-gcc\7.3.0-atmel3.6.1-arduino7\avr\lib\avrxmega3\crtattiny1627.o","File","25984","CAFCFDBE7209ED5BAFFA868B9888FA7B6EE1B19C03F99A1202D19739211417E9"
"data\packages\arduino\tools\avr-gcc\7.3.0-atmel3.6.1-arduino7\avr\lib\avrxmega3\crtattiny3216.o","File","25988","474DCBAAC049F20F39E16D5EDAFDD21F9EFB65E60A8ABD70FD7417BBE510E681"
"data\packages\arduino\tools\avr-gcc\7.3.0-atmel3.6.1-arduino7\avr\lib\avrxmega3\crtattiny3217.o","File","25988","12F2B54F5EF7FE7D5802A6AAEA5E54D95E4D0D6613EBAE32E03EC827616EF726"
"data\packages\arduino\tools\avr-gcc\7.3.0-atmel3.6.1-arduino7\avr\lib\avrxmega3\libatmega1608.a","File","28136","264038FAB71C1C745A766F4FB4CD62D4238F37276BC85C5EEAA1C044770E59E4"
"data\packages\arduino\tools\avr-gcc\7.3.0-atmel3.6.1-arduino7\avr\lib\avrxmega3\libatmega1609.a","File","28136","019EBEE6B24077E6EBA1C3E98BEAE9176CDF88B5498CEE9BE6699BD47238224F"
"data\packages\arduino\tools\avr-gcc\7.3.0-atmel3.6.1-arduino7\avr\lib\avrxmega3\libatmega3208.a","File","28140","15F37FD91EBA118CE1D63E169125A9B34F57101F88243A9FAD6C49665689F2B7"
"data\packages\arduino\tools\avr-gcc\7.3.0-atmel3.6.1-arduino7\avr\lib\avrxmega3\libatmega3209.a","File","28140","D048A00E07852551BAC8BCFA154619C4AA4EB20F72336B7B74590BC42A2E3C41"
"data\packages\arduino\tools\avr-gcc\7.3.0-atmel3.6.1-arduino7\avr\lib\avrxmega3\libatmega4808.a","File","28140","830AFC88CAED54349CE850F1779A6CF8E05F372CA6D76F950B4E62B1DA7B72A5"
"data\packages\arduino\tools\avr-gcc\7.3.0-atmel3.6.1-arduino7\avr\lib\avrxmega3\libatmega4809.a","File","28140","8B1D734AB10F3C37A538A13EF3D1B11750F214F82FE8F66BAB2156B2B90B3365"
"data\packages\arduino\tools\avr-gcc\7.3.0-atmel3.6.1-arduino7\avr\lib\avrxmega3\libattiny1604.a","File","28136","EC37DF8E8EDE32D3B28AE70575EA8B7D3D195F4EB8AFA96A668FC31CFA05667B"
"data\packages\arduino\tools\avr-gcc\7.3.0-atmel3.6.1-arduino7\avr\lib\avrxmega3\libattiny1606.a","File","28136","E25999FF210F0AAE9EA08C6AB2850413959455F2F99B514A811D823BB3D647B6"
"data\packages\arduino\tools\avr-gcc\7.3.0-atmel3.6.1-arduino7\avr\lib\avrxmega3\libattiny1607.a","File","28136","7E35E38A5D03116AF3E1D68C794BB79DECCE8E249CBB1389C3D8C2B0094E73D8"
"data\packages\arduino\tools\avr-gcc\7.3.0-atmel3.6.1-arduino7\avr\lib\avrxmega3\libattiny1614.a","File","28136","E957EA6C85123D5629E1EB3BABEF6E884D0B47179E240C0DF919BA6B72B975D4"
"data\packages\arduino\tools\avr-gcc\7.3.0-atmel3.6.1-arduino7\avr\lib\avrxmega3\libattiny1616.a","File","28136","D2BE6209D3B5A2990E11ACA566C6A81815A9FB7EC8CEEAE1E253070C49B61B78"
"data\packages\arduino\tools\avr-gcc\7.3.0-atmel3.6.1-arduino7\avr\lib\avrxmega3\libattiny1617.a","File","28136","83B62E269A8144C6E84A97F019CCA9C9AB79D600CCD0708DA6BEB48BD1B703F1"
"data\packages\arduino\tools\avr-gcc\7.3.0-atmel3.6.1-arduino7\avr\lib\avrxmega3\libattiny1624.a","File","28136","C7376B955311011997F00915F2EC91A369C06EB685FD564C6EAF8D496873B3AB"
"data\packages\arduino\tools\avr-gcc\7.3.0-atmel3.6.1-arduino7\avr\lib\avrxmega3\libattiny1626.a","File","28136","48BEFB86C2D6366EDD13A1C26D143984FF7BCA47C5951F49790A7974BD04F591"
"data\packages\arduino\tools\avr-gcc\7.3.0-atmel3.6.1-arduino7\avr\lib\avrxmega3\libattiny1627.a","File","28136","175F2E14D1D65E6ACE506BE5D61649C4AD455D4B77A046E2AB5CD7A95386A35C"
"data\packages\arduino\tools\avr-gcc\7.3.0-atmel3.6.1-arduino7\avr\lib\avrxmega3\libattiny3216.a","File","28140","0E5FE88645D6F55523D62AED5CA0549433B1A93130FA24B79B49DCADF406C8A1"
"data\packages\arduino\tools\avr-gcc\7.3.0-atmel3.6.1-arduino7\avr\lib\avrxmega3\libattiny3217.a","File","28140","091CF0F8D3FDA02710F8C2308EB4EC46BE5C4D1A324BB265CD774363E065A93A"
"data\packages\arduino\tools\avr-gcc\7.3.0-atmel3.6.1-arduino7\avr\lib\avrxmega3\libc.a","File","294450","273473A0E0F6BA449812B4474B20121FC54DE406511D9B8BC4F59D12DC6E4451"
"data\packages\arduino\tools\avr-gcc\7.3.0-atmel3.6.1-arduino7\avr\lib\avrxmega3\libm.a","File","65984","5B8A85FCC0971A43156BEB8546C77E9A68AB81141A6EF1828DCEE84B65DDC99C"
"data\packages\arduino\tools\avr-gcc\7.3.0-atmel3.6.1-arduino7\avr\lib\avrxmega3\libprintf_flt.a","File","5770","9D169ADE147C50B0A57FD397EB104552ACE5FC729255C3AC38632D57B3CF2CA1"
"data\packages\arduino\tools\avr-gcc\7.3.0-atmel3.6.1-arduino7\avr\lib\avrxmega3\libprintf_min.a","File","2710","82920322CDF774989BDB447E287401EA37DA84A18B9C85CA5978798194E9B147"
"data\packages\arduino\tools\avr-gcc\7.3.0-atmel3.6.1-arduino7\avr\lib\avrxmega3\libscanf_flt.a","File","6796","623BBFAB49F77B517469DB81A0E1235C5B737BCA4A9286E26BA169F4F0C99EA4"
"data\packages\arduino\tools\avr-gcc\7.3.0-atmel3.6.1-arduino7\avr\lib\avrxmega3\libscanf_min.a","File","3716","47E433E1290D715338101E3A993CDD34059349FEFA3F773FF7C588B21E43111C"
"data\packages\arduino\tools\avr-gcc\7.3.0-atmel3.6.1-arduino7\avr\lib\avrxmega3\short-calls","Directory","",""
"data\packages\arduino\tools\avr-gcc\7.3.0-atmel3.6.1-arduino7\avr\lib\avrxmega3\short-calls\crtatmega808.o","File","31156","C562AC82F59AA175AA1E1AAEFADAF34237F0DBB0C40631C971C3BB28E7BB5959"
"data\packages\arduino\tools\avr-gcc\7.3.0-atmel3.6.1-arduino7\avr\lib\avrxmega3\short-calls\crtatmega809.o","File","32864","0F4215F900C61614F2D9E365CA0A08A51CF0B56FDFD7D8B81D5802B43D7A2D78"
"data\packages\arduino\tools\avr-gcc\7.3.0-atmel3.6.1-arduino7\avr\lib\avrxmega3\short-calls\crtattiny202.o","File","17584","D025D6D46019C054EC6363AA95BE5F02192E60769059A1A5FC5158FABAC63128"
"data\packages\arduino\tools\avr-gcc\7.3.0-atmel3.6.1-arduino7\avr\lib\avrxmega3\short-calls\crtattiny204.o","File","18600","B1B68D7623DFBBFD1BE91322F50DDBA3B52043B9742A2B8D21E9A83D0A011A8A"
"data\packages\arduino\tools\avr-gcc\7.3.0-atmel3.6.1-arduino7\avr\lib\avrxmega3\short-calls\crtattiny212.o","File","19296","691CD00CC0F97CB4185AE8525ABF161CAC8597751148D1F3198633B447056313"
"data\packages\arduino\tools\avr-gcc\7.3.0-atmel3.6.1-arduino7\avr\lib\avrxmega3\short-calls\crtattiny214.o","File","20312","E4FCB3F5281A5F6AC7378D13EB34EF4AB392090D197E18D2E5EF3B7D010E923C"
"data\packages\arduino\tools\avr-gcc\7.3.0-atmel3.6.1-arduino7\avr\lib\avrxmega3\short-calls\crtattiny402.o","File","17584","4D31BEA705D31DC6CC273E979F222E6378C05917FE8CD9C06758873AF6B5C99A"
"data\packages\arduino\tools\avr-gcc\7.3.0-atmel3.6.1-arduino7\avr\lib\avrxmega3\short-calls\crtattiny404.o","File","18600","2B8D6F78791114F21B610256A939101FA94705343186EA6B2FA67CE1B6E887ED"
"data\packages\arduino\tools\avr-gcc\7.3.0-atmel3.6.1-arduino7\avr\lib\avrxmega3\short-calls\crtattiny406.o","File","19616","B60CBC505B9DE9DA90556A9120858FC8B9370EE9D4B2D03BE7E7C9E162063134"
"data\packages\arduino\tools\avr-gcc\7.3.0-atmel3.6.1-arduino7\avr\lib\avrxmega3\short-calls\crtattiny412.o","File","19296","5C58146AB777CFEDBED7E95F0D49F1F11137CA41795A8E5E9AB983065B87CB67"
"data\packages\arduino\tools\avr-gcc\7.3.0-atmel3.6.1-arduino7\avr\lib\avrxmega3\short-calls\crtattiny414.o","File","20312","B95901439F264E0393715341C5342D0C0643CEE2A1399A25DC6C1841CA1761CA"
"data\packages\arduino\tools\avr-gcc\7.3.0-atmel3.6.1-arduino7\avr\lib\avrxmega3\short-calls\crtattiny416.o","File","21328","4781E76B9211C9919DD6308F3D4EDA181FCEE32FDEACF7764E513D07EE9E3B8D"
"data\packages\arduino\tools\avr-gcc\7.3.0-atmel3.6.1-arduino7\avr\lib\avrxmega3\short-calls\crtattiny417.o","File","21328","484F7100A7B8733015A6A97545076DEA9E23FC6B6CC222A8BB76696C8444436E"
"data\packages\arduino\tools\avr-gcc\7.3.0-atmel3.6.1-arduino7\avr\lib\avrxmega3\short-calls\crtattiny804.o","File","19980","3971CD201F364BACACB287E0188C200FF289A5FD7147AFAAAA2DBDA70DF19DF3"
"data\packages\arduino\tools\avr-gcc\7.3.0-atmel3.6.1-arduino7\avr\lib\avrxmega3\short-calls\crtattiny806.o","File","19980","44BF09869F477DF090FEFD45A702DA07D2FF57A28CF011F7AC9F498974FD0C0B"
"data\packages\arduino\tools\avr-gcc\7.3.0-atmel3.6.1-arduino7\avr\lib\avrxmega3\short-calls\crtattiny807.o","File","19980","D4643FF90A9697CA6C049ED48F6B166CB10017455463DF2A7A82AA917B898B67"
"data\packages\arduino\tools\avr-gcc\7.3.0-atmel3.6.1-arduino7\avr\lib\avrxmega3\short-calls\crtattiny814.o","File","20312","030E83C1519BC6DA6E45142D1912ED1C51DAC69CA56092500B4E4F0A8E2DFB29"
"data\packages\arduino\tools\avr-gcc\7.3.0-atmel3.6.1-arduino7\avr\lib\avrxmega3\short-calls\crtattiny816.o","File","21328","D266683419BC0F6E663CC0D3D1A6D997986037F7895208B26687CEE3FEE4D841"
"data\packages\arduino\tools\avr-gcc\7.3.0-atmel3.6.1-arduino7\avr\lib\avrxmega3\short-calls\crtattiny817.o","File","21328","BC924CC9EC99C0FD9F436E6CAA261EAEBC4D00B894532B568CA9EFFDB481BE3A"
"data\packages\arduino\tools\avr-gcc\7.3.0-atmel3.6.1-arduino7\avr\lib\avrxmega3\short-calls\libatmega808.a","File","28384","03559F8DB93E47120BC71FADD03A5D765F023181800326AD87A0C271737C77AC"
"data\packages\arduino\tools\avr-gcc\7.3.0-atmel3.6.1-arduino7\avr\lib\avrxmega3\short-calls\libatmega809.a","File","28384","830CD004BC00DC3CE7945EA93DCF2B47F4F679642415B72B2E867C1D527272DE"
"data\packages\arduino\tools\avr-gcc\7.3.0-atmel3.6.1-arduino7\avr\lib\avrxmega3\short-calls\libattiny202.a","File","28384","FEED3AD4206A2899625500C3500531383A902EA0CF4572D662280EB517819CEA"
"data\packages\arduino\tools\avr-gcc\7.3.0-atmel3.6.1-arduino7\avr\lib\avrxmega3\short-calls\libattiny204.a","File","28384","23CB55499D7C9FC58191D011080F5BAABD1B1606A01DE13F6B7395B425190808"
"data\packages\arduino\tools\avr-gcc\7.3.0-atmel3.6.1-arduino7\avr\lib\avrxmega3\short-calls\libattiny212.a","File","28384","A5464925241F41863922E5B6870AF14D867175FBA8050FE67BC05095A406DB6D"
"data\packages\arduino\tools\avr-gcc\7.3.0-atmel3.6.1-arduino7\avr\lib\avrxmega3\short-calls\libattiny214.a","File","28384","5A80C782D4E05162F7567737A8F0D57D62A9076B7561006C472983B021F940B4"
"data\packages\arduino\tools\avr-gcc\7.3.0-atmel3.6.1-arduino7\avr\lib\avrxmega3\short-calls\libattiny402.a","File","28384","139A86C18BA352D6D0178C5CE9311C52A8D0DE98895AE2BEBAA7D8F4DC766A37"
"data\packages\arduino\tools\avr-gcc\7.3.0-atmel3.6.1-arduino7\avr\lib\avrxmega3\short-calls\libattiny404.a","File","28384","5F7C08723B802CFD37069552FB019D786F557ABAEE4EF8469F687577B6385128"
"data\packages\arduino\tools\avr-gcc\7.3.0-atmel3.6.1-arduino7\avr\lib\avrxmega3\short-calls\libattiny406.a","File","28384","48C260FA03378132F1E4C8841FD97F98AACEC004FC3E4BC085707F79B9661785"
"data\packages\arduino\tools\avr-gcc\7.3.0-atmel3.6.1-arduino7\avr\lib\avrxmega3\short-calls\libattiny412.a","File","28384","801DDFFAF384B6A94DBC75088F1A73B0FAC416964379F88547BAA109E1102134"
"data\packages\arduino\tools\avr-gcc\7.3.0-atmel3.6.1-arduino7\avr\lib\avrxmega3\short-calls\libattiny414.a","File","28384","8F9F101CD043D702555CCECA2EDA14202A330A0B778B523CAFB0177ADF839F25"
"data\packages\arduino\tools\avr-gcc\7.3.0-atmel3.6.1-arduino7\avr\lib\avrxmega3\short-calls\libattiny416.a","File","28384","5C1DD7B3AC13FAAAD27F47598F5310127C22C93A01EDDD967F8C06F29FF366FD"
"data\packages\arduino\tools\avr-gcc\7.3.0-atmel3.6.1-arduino7\avr\lib\avrxmega3\short-calls\libattiny417.a","File","28384","56384E9F427676FC3F0057292B3463400A2CE672D1B6EFDC5282F4B2F49C24BC"
"data\packages\arduino\tools\avr-gcc\7.3.0-atmel3.6.1-arduino7\avr\lib\avrxmega3\short-calls\libattiny804.a","File","28384","14C85AF8EF8E36EDAF24859AB9684D14F42C35B1DFEC6D00069A160D8C98C924"
"data\packages\arduino\tools\avr-gcc\7.3.0-atmel3.6.1-arduino7\avr\lib\avrxmega3\short-calls\libattiny806.a","File","28384","5537E06B563A2127DF424732E2954499C9E85A5997128EF956DE15956936E0C6"
"data\packages\arduino\tools\avr-gcc\7.3.0-atmel3.6.1-arduino7\avr\lib\avrxmega3\short-calls\libattiny807.a","File","28384","3E566F9C503BDE5B212D6C9DBF0EB169B90396E02596FDBE3966DE08B9AE2BA6"
"data\packages\arduino\tools\avr-gcc\7.3.0-atmel3.6.1-arduino7\avr\lib\avrxmega3\short-calls\libattiny814.a","File","28384","219F209BEB328DFB3B263F733F0F60C370ABD8FD5F4BDE2E25E3924AB4583547"
"data\packages\arduino\tools\avr-gcc\7.3.0-atmel3.6.1-arduino7\avr\lib\avrxmega3\short-calls\libattiny816.a","File","28384","8900CE4E2114C22237BF31A2B0C069171FD60EEB34B0FBEED78470B4CEDB0BF1"
"data\packages\arduino\tools\avr-gcc\7.3.0-atmel3.6.1-arduino7\avr\lib\avrxmega3\short-calls\libattiny817.a","File","28384","86A0ED1F4DDBEB4505AFBB701D14CED7E21604AD471256B35EAF4BB7B85FFD5A"
"data\packages\arduino\tools\avr-gcc\7.3.0-atmel3.6.1-arduino7\avr\lib\avrxmega3\short-calls\libc.a","File","293686","D171682CFAC078C204F78D63C1C677A0EB587F7CB058FD1E308988CDD08C5B8E"
"data\packages\arduino\tools\avr-gcc\7.3.0-atmel3.6.1-arduino7\avr\lib\avrxmega3\short-calls\libm.a","File","65984","774AB55BB1CD9D494735C805E13ACFE9C42C1C98EEC8B37779E0E43B55AB3854"
"data\packages\arduino\tools\avr-gcc\7.3.0-atmel3.6.1-arduino7\avr\lib\avrxmega3\short-calls\libprintf_flt.a","File","5710","208D8AE305DCABD2F693C6BA51FF1FCE4733B20E917E6B46CCB111D2D8737F92"
"data\packages\arduino\tools\avr-gcc\7.3.0-atmel3.6.1-arduino7\avr\lib\avrxmega3\short-calls\libprintf_min.a","File","2686","5C7A4D4BF2C2566B99297B926DE7310F99C54A7B2962C9628EB329F57AD5C8D0"
"data\packages\arduino\tools\avr-gcc\7.3.0-atmel3.6.1-arduino7\avr\lib\avrxmega3\short-calls\libscanf_flt.a","File","6684","87796E68312FD8B4D9C6DC4BAC6BB4EC4AB593C2EECA1AA42E5B2D2C730D0437"
"data\packages\arduino\tools\avr-gcc\7.3.0-atmel3.6.1-arduino7\avr\lib\avrxmega3\short-calls\libscanf_min.a","File","3664","D6EA34EF933D0681840010A682808C7EC25E0B0F8442EFECBC5C32C0CCD6E6A7"
"data\packages\arduino\tools\avr-gcc\7.3.0-atmel3.6.1-arduino7\avr\lib\avrxmega4","Directory","",""
"data\packages\arduino\tools\avr-gcc\7.3.0-atmel3.6.1-arduino7\avr\lib\avrxmega4\crtatxmega64a3.o","File","43908","5167D7E631F9E93319ACF0CBF45D22A565FC08364731CB5F8F8A7D9A1F0FBE13"
"data\packages\arduino\tools\avr-gcc\7.3.0-atmel3.6.1-arduino7\avr\lib\avrxmega4\crtatxmega64a3u.o","File","50500","DC41FEB7EDD4792A1CB197CFCADE639D3938DF10185E80EB208C18A4F5C4B685"
"data\packages\arduino\tools\avr-gcc\7.3.0-atmel3.6.1-arduino7\avr\lib\avrxmega4\crtatxmega64a4u.o","File","40820","99F611308AF90E58C64418FC324385510A046D9541301336340F48DCB94CD4D9"
"data\packages\arduino\tools\avr-gcc\7.3.0-atmel3.6.1-arduino7\avr\lib\avrxmega4\crtatxmega64b1.o","File","35640","18A47722CC629C983AFC0EB39576FBB1A004CD7F4C9081B50A3BEE7D287469D4"
"data\packages\arduino\tools\avr-gcc\7.3.0-atmel3.6.1-arduino7\avr\lib\avrxmega4\crtatxmega64b3.o","File","28516","9FEF9D218C96917B89008216F5A072B2298FF4C8F17FD6B78653048AAAA87B78"
"data\packages\arduino\tools\avr-gcc\7.3.0-atmel3.6.1-arduino7\avr\lib\avrxmega4\crtatxmega64c3.o","File","40940","49243D5EE7A52FE98E3749959C89619C5D39C876F5B4FAF1C4158E2C19A873BB"
"data\packages\arduino\tools\avr-gcc\7.3.0-atmel3.6.1-arduino7\avr\lib\avrxmega4\crtatxmega64d3.o","File","34548","6C11E2A37BB11977EA57ED3814FCD66A446FDD11B60E255FB7CCE93C52192209"
"data\packages\arduino\tools\avr-gcc\7.3.0-atmel3.6.1-arduino7\avr\lib\avrxmega4\crtatxmega64d4.o","File","32660","DED64A3FBDBCF9D2E53134FCD86837693A8DB57C8C5E4E9DD503474DFD10B851"
"data\packages\arduino\tools\avr-gcc\7.3.0-atmel3.6.1-arduino7\avr\lib\avrxmega4\crtavr128da28.o","File","38124","6E38C471BBBFAEC1B776BFD6CCAB004E2EFCD7C56F64F2F9B187354E6D7E0C13"
"data\packages\arduino\tools\avr-gcc\7.3.0-atmel3.6.1-arduino7\avr\lib\avrxmega4\crtavr128da32.o","File","38964","347D0CC2A18ECDA34DA42B43577082D55E625FF8FA3FF3CC8F5DF5D6A0DD1556"
"data\packages\arduino\tools\avr-gcc\7.3.0-atmel3.6.1-arduino7\avr\lib\avrxmega4\crtavr128da48.o","File","41844","EBD4FA444112DDCB29F0B430666D701BCB23360406BEFBD0A7D2906A6058FAC6"
"data\packages\arduino\tools\avr-gcc\7.3.0-atmel3.6.1-arduino7\avr\lib\avrxmega4\crtavr128da64.o","File","43664","654A957C85B39BC26E61CF6CCDFEABA78F9D139C879FB8F38317562BF75324A7"
"data\packages\arduino\tools\avr-gcc\7.3.0-atmel3.6.1-arduino7\avr\lib\avrxmega4\libatxmega64a3.a","File","11392","01693FF9EE18BDFAFBB957435CCC4C19FB3CAAE0C485C0AFCEA7BFFF966C76A2"
"data\packages\arduino\tools\avr-gcc\7.3.0-atmel3.6.1-arduino7\avr\lib\avrxmega4\libatxmega64a3u.a","File","11392","C21F9E9972B94D3B535256FE800061F841BCD872591F3367340639C1D5AD8B43"
"data\packages\arduino\tools\avr-gcc\7.3.0-atmel3.6.1-arduino7\avr\lib\avrxmega4\libatxmega64a4u.a","File","11392","077CC8C1B1E8A4B0F740698DC0F3A399154EEF9F0ABF56081B122B961D69A374"
"data\packages\arduino\tools\avr-gcc\7.3.0-atmel3.6.1-arduino7\avr\lib\avrxmega4\libatxmega64b1.a","File","11392","077CC8C1B1E8A4B0F740698DC0F3A399154EEF9F0ABF56081B122B961D69A374"
"data\packages\arduino\tools\avr-gcc\7.3.0-atmel3.6.1-arduino7\avr\lib\avrxmega4\libatxmega64b3.a","File","11392","DCB21BCB4DCF8771940301E6C048471081F87B799CC15D9462AC857AF8AFE412"
"data\packages\arduino\tools\avr-gcc\7.3.0-atmel3.6.1-arduino7\avr\lib\avrxmega4\libatxmega64c3.a","File","11392","CAC15D4B2D752F2878BB79F368AADB23422FBD2B0F0FC8A00B48CADB590FC5F7"
"data\packages\arduino\tools\avr-gcc\7.3.0-atmel3.6.1-arduino7\avr\lib\avrxmega4\libatxmega64d3.a","File","11392","CAC15D4B2D752F2878BB79F368AADB23422FBD2B0F0FC8A00B48CADB590FC5F7"
"data\packages\arduino\tools\avr-gcc\7.3.0-atmel3.6.1-arduino7\avr\lib\avrxmega4\libatxmega64d4.a","File","11392","5373A2A7D43A374746682FA859B9370E5243789B4CB79138595730A3EC2A51E3"
"data\packages\arduino\tools\avr-gcc\7.3.0-atmel3.6.1-arduino7\avr\lib\avrxmega4\libavr128da28.a","File","24312","271080C51E61EB3106A520C817EE4CF2404E4EF778975F432568CC685B5AF0F8"
"data\packages\arduino\tools\avr-gcc\7.3.0-atmel3.6.1-arduino7\avr\lib\avrxmega4\libavr128da32.a","File","24312","5C500121C33999EA4143988DE06A3D3C4B0AB6A88870B0CD735D61B76EAD5282"
"data\packages\arduino\tools\avr-gcc\7.3.0-atmel3.6.1-arduino7\avr\lib\avrxmega4\libavr128da48.a","File","24312","ECE9CA0E5B8897CB02F60B80D1DC5CB5EB269B3D609CB44E05D4E6693694423A"
"data\packages\arduino\tools\avr-gcc\7.3.0-atmel3.6.1-arduino7\avr\lib\avrxmega4\libavr128da64.a","File","24312","F935F1748EC38C087CD0ED05931FDBD27B97132B40E40609269405F28343AE71"
"data\packages\arduino\tools\avr-gcc\7.3.0-atmel3.6.1-arduino7\avr\lib\avrxmega4\libc.a","File","293150","E0AF7A09A5758E2FB8BE32BE8B1E7271B4BB6A9D21F47A77FFC2CECA55A70CE0"
"data\packages\arduino\tools\avr-gcc\7.3.0-atmel3.6.1-arduino7\avr\lib\avrxmega4\libm.a","File","65984","E5F243A05AC30F58AC83072DE2A8B04C0CBA9EFDC04D83D5062F27A956AD8A6E"
"data\packages\arduino\tools\avr-gcc\7.3.0-atmel3.6.1-arduino7\avr\lib\avrxmega4\libprintf_flt.a","File","5746","89F5F6827823E288D47E75BA0028C1ED47B24B5F909579648B048EE198EFA379"
"data\packages\arduino\tools\avr-gcc\7.3.0-atmel3.6.1-arduino7\avr\lib\avrxmega4\libprintf_min.a","File","2666","2A14AFB14AD31396514B2AC897193F9D136D9E5B48480F5F87556D47F912C203"
"data\packages\arduino\tools\avr-gcc\7.3.0-atmel3.6.1-arduino7\avr\lib\avrxmega4\libscanf_flt.a","File","6724","8E96AC56141E28F6B3A69513F92124464DBA290C237EA8AEA186034491E18337"
"data\packages\arduino\tools\avr-gcc\7.3.0-atmel3.6.1-arduino7\avr\lib\avrxmega4\libscanf_min.a","File","3660","ECF678A0F13C7F7175FC3AA2ABE1DA52C1548C9A7EDB4CC1BA2B5C33110B7814"
"data\packages\arduino\tools\avr-gcc\7.3.0-atmel3.6.1-arduino7\avr\lib\avrxmega5","Directory","",""
"data\packages\arduino\tools\avr-gcc\7.3.0-atmel3.6.1-arduino7\avr\lib\avrxmega5\crtatxmega64a1.o","File","51632","1ECD9C0723492D3901660B0A3F00B10633D2C790560B06CF4293097770C02FFC"
"data\packages\arduino\tools\avr-gcc\7.3.0-atmel3.6.1-arduino7\avr\lib\avrxmega5\crtatxmega64a1u.o","File","59156","31E644846244C188957D7F6E0E3040027CE44A5CC6CC9CC040659553C38BF029"
"data\packages\arduino\tools\avr-gcc\7.3.0-atmel3.6.1-arduino7\avr\lib\avrxmega5\libatxmega64a1.a","File","11472","C9F7A76D2D297CEDEEF7C61D0EF4FA6010A64FB16104AAD1BE4F00950C294242"
"data\packages\arduino\tools\avr-gcc\7.3.0-atmel3.6.1-arduino7\avr\lib\avrxmega5\libatxmega64a1u.a","File","11472","BD41C11C69654712C083A14567CE84621B70875F8911EE61E58147334D55466B"
"data\packages\arduino\tools\avr-gcc\7.3.0-atmel3.6.1-arduino7\avr\lib\avrxmega5\libc.a","File","301690","51D849F4C89F1CE8F4E6DFC57270D986A0D46484BFE932C6CDA0DB4D4720BCCD"
"data\packages\arduino\tools\avr-gcc\7.3.0-atmel3.6.1-arduino7\avr\lib\avrxmega5\libm.a","File","65984","2C42DC904339AAA1ACD6D400605DF73459C57A0CD8EA360256954D9CCB4F165C"
"data\packages\arduino\tools\avr-gcc\7.3.0-atmel3.6.1-arduino7\avr\lib\avrxmega5\libprintf_flt.a","File","5822","E0684558479E6FF781F600C88296747141AE3A1B684BAC8864A66C26566DDFAC"
"data\packages\arduino\tools\avr-gcc\7.3.0-atmel3.6.1-arduino7\avr\lib\avrxmega5\libprintf_min.a","File","2746","E76349C1B763FB7BC199CC7FB92B81A98BFFC9043D5E1F971E99456F5F5430C4"
"data\packages\arduino\tools\avr-gcc\7.3.0-atmel3.6.1-arduino7\avr\lib\avrxmega5\libscanf_flt.a","File","6800","245641A764F100019A93A424140170A9329AB2933A11C57DC6B72FCBCC25E397"
"data\packages\arduino\tools\avr-gcc\7.3.0-atmel3.6.1-arduino7\avr\lib\avrxmega5\libscanf_min.a","File","3740","587DEBA67E4DD296659E8B027FB89D8688A83E2BEC22F2EFF55A8A9D6A01D424"
"data\packages\arduino\tools\avr-gcc\7.3.0-atmel3.6.1-arduino7\avr\lib\avrxmega6","Directory","",""
"data\packages\arduino\tools\avr-gcc\7.3.0-atmel3.6.1-arduino7\avr\lib\avrxmega6\crtatxmega128a3.o","File","43924","C3CA74AEA6A4250A9911B1FEF40B1201DFBC16FAF92E81539622BF3699479A76"
"data\packages\arduino\tools\avr-gcc\7.3.0-atmel3.6.1-arduino7\avr\lib\avrxmega6\crtatxmega128a3u.o","File","50516","EAFD4B9432B1B575FA36EF77212145CD2E687A573CF2936AA1E1F149CD8D8BF3"
"data\packages\arduino\tools\avr-gcc\7.3.0-atmel3.6.1-arduino7\avr\lib\avrxmega6\crtatxmega128b1.o","File","38068","750A6EF1B1D3E70763663B54274FF596C19A6576035A40E850A11ABEBC8BBA00"
"data\packages\arduino\tools\avr-gcc\7.3.0-atmel3.6.1-arduino7\avr\lib\avrxmega6\crtatxmega128b3.o","File","28532","583EEA10DCA49089D568787352CEDD5CBCE01DDE6B9E00F6968DE705E6219F8B"
"data\packages\arduino\tools\avr-gcc\7.3.0-atmel3.6.1-arduino7\avr\lib\avrxmega6\crtatxmega128c3.o","File","40956","3BE6FA8A7AB0301A34ABE4E02039143585993721105A710FF3C681961B4F5C6D"
"data\packages\arduino\tools\avr-gcc\7.3.0-atmel3.6.1-arduino7\avr\lib\avrxmega6\crtatxmega128d3.o","File","34564","975D6087C1979EB5C9DF28BCD0A29B05B017EE46D2114B641E54A7B56502F4BC"
"data\packages\arduino\tools\avr-gcc\7.3.0-atmel3.6.1-arduino7\avr\lib\avrxmega6\crtatxmega128d4.o","File","32676","B110CCE419226A88ED92A7B72FF3AB64A988EF915D4A5117B76BB1B97BC5F593"
"data\packages\arduino\tools\avr-gcc\7.3.0-atmel3.6.1-arduino7\avr\lib\avrxmega6\crtatxmega192a3.o","File","43924","5FB39015FE89C20535F397471FC7DCC0FB08507C8541714EDFE329B0AD6E0D24"
"data\packages\arduino\tools\avr-gcc\7.3.0-atmel3.6.1-arduino7\avr\lib\avrxmega6\crtatxmega192a3u.o","File","50516","6E83DA9788B61023D9205574EEC4B184180453685F0319874B4DE4F9B9338CEE"
"data\packages\arduino\tools\avr-gcc\7.3.0-atmel3.6.1-arduino7\avr\lib\avrxmega6\crtatxmega192c3.o","File","40956","730404EAB6CD43D795463A90885321A1141694EA8CF3E173418387EE71D25CFD"
"data\packages\arduino\tools\avr-gcc\7.3.0-atmel3.6.1-arduino7\avr\lib\avrxmega6\crtatxmega192d3.o","File","34564","8AFB84A3500447FF047C1AF736956385E6641DAD6AE078E372580073823EC48B"
"data\packages\arduino\tools\avr-gcc\7.3.0-atmel3.6.1-arduino7\avr\lib\avrxmega6\crtatxmega256a3.o","File","43924","FBB348D7E7DAF994F40005C5E3DE9C5195D6C9B574B1C53F2090BB4B6B5590E6"
"data\packages\arduino\tools\avr-gcc\7.3.0-atmel3.6.1-arduino7\avr\lib\avrxmega6\crtatxmega256a3b.o","File","43476","0397FFE5E578730AE723ACD17555CC1C24375CB891376BF6BBD37331B56BE5DF"
"data\packages\arduino\tools\avr-gcc\7.3.0-atmel3.6.1-arduino7\avr\lib\avrxmega6\crtatxmega256a3bu.o","File","50072","F153C72197743A21D4251C0945303BD764E1A6E3E870053FB51612DA635210F3"
"data\packages\arduino\tools\avr-gcc\7.3.0-atmel3.6.1-arduino7\avr\lib\avrxmega6\crtatxmega256a3u.o","File","50516","737DB649C5605101551CA5869521E1C8D6BC9C4B44BBEDA3F8A3B540A1099992"
"data\packages\arduino\tools\avr-gcc\7.3.0-atmel3.6.1-arduino7\avr\lib\avrxmega6\crtatxmega256c3.o","File","40956","367C837DB94716DACB1900DE84EC3911948106EDB15889913841E5914C4909C1"
"data\packages\arduino\tools\avr-gcc\7.3.0-atmel3.6.1-arduino7\avr\lib\avrxmega6\crtatxmega256d3.o","File","34564","439B5A3DB9287BC285D8A327884F5F5870702CB9A0B1B681186E643B7BE40781"
"data\packages\arduino\tools\avr-gcc\7.3.0-atmel3.6.1-arduino7\avr\lib\avrxmega6\crtatxmega384c3.o","File","42572","B8D59349F191AAE50815979947BE0DA3E912CC8D0DFE1AE9405045D21F4DB6E0"
"data\packages\arduino\tools\avr-gcc\7.3.0-atmel3.6.1-arduino7\avr\lib\avrxmega6\crtatxmega384d3.o","File","39964","F667D0BFD7F660B3282A35017D65721E7C28FD2A35E06228C4CED60E31D406F6"
"data\packages\arduino\tools\avr-gcc\7.3.0-atmel3.6.1-arduino7\avr\lib\avrxmega6\libatxmega128a3.a","File","11392","4239247A7A8365C94724FF786A2C21CDF5B25C9C815CA429CB0652234E186FC8"
"data\packages\arduino\tools\avr-gcc\7.3.0-atmel3.6.1-arduino7\avr\lib\avrxmega6\libatxmega128a3u.a","File","11392","ABDABF21C04938E44E5C5BE202B2A91FF6BD7CF07210EA50E772337A385A0C26"
"data\packages\arduino\tools\avr-gcc\7.3.0-atmel3.6.1-arduino7\avr\lib\avrxmega6\libatxmega128b1.a","File","11392","ABDABF21C04938E44E5C5BE202B2A91FF6BD7CF07210EA50E772337A385A0C26"
"data\packages\arduino\tools\avr-gcc\7.3.0-atmel3.6.1-arduino7\avr\lib\avrxmega6\libatxmega128b3.a","File","11392","D3FBD7CBFF8E89F82D6DFF2EC660599B901CA776BA915B886974BAB222C18ABC"
"data\packages\arduino\tools\avr-gcc\7.3.0-atmel3.6.1-arduino7\avr\lib\avrxmega6\libatxmega128c3.a","File","11392","DEC3D33415ED760DEE810AD09AE141D6DC02FFF78C03D84FF0856680C67118D4"
"data\packages\arduino\tools\avr-gcc\7.3.0-atmel3.6.1-arduino7\avr\lib\avrxmega6\libatxmega128d3.a","File","11392","DEC3D33415ED760DEE810AD09AE141D6DC02FFF78C03D84FF0856680C67118D4"
"data\packages\arduino\tools\avr-gcc\7.3.0-atmel3.6.1-arduino7\avr\lib\avrxmega6\libatxmega128d4.a","File","11392","DEC3D33415ED760DEE810AD09AE141D6DC02FFF78C03D84FF0856680C67118D4"
"data\packages\arduino\tools\avr-gcc\7.3.0-atmel3.6.1-arduino7\avr\lib\avrxmega6\libatxmega192a3.a","File","11392","C7D1CE99A1E0347750B36C8345B00283A88DDA798E100828D56DCE5C56B7B40B"
"data\packages\arduino\tools\avr-gcc\7.3.0-atmel3.6.1-arduino7\avr\lib\avrxmega6\libatxmega192a3u.a","File","11392","C7D1CE99A1E0347750B36C8345B00283A88DDA798E100828D56DCE5C56B7B40B"
"data\packages\arduino\tools\avr-gcc\7.3.0-atmel3.6.1-arduino7\avr\lib\avrxmega6\libatxmega192c3.a","File","11392","C7D1CE99A1E0347750B36C8345B00283A88DDA798E100828D56DCE5C56B7B40B"
"data\packages\arduino\tools\avr-gcc\7.3.0-atmel3.6.1-arduino7\avr\lib\avrxmega6\libatxmega192d3.a","File","11392","8452D3B2A7B88768088EEB93D08BBECC64909DAC68B5175B041553C9E0BCEDBE"
"data\packages\arduino\tools\avr-gcc\7.3.0-atmel3.6.1-arduino7\avr\lib\avrxmega6\libatxmega256a3.a","File","11392","6B3C3BC3AB4E65E4152F686B3C8AD42DA9E5C1DE7D4AA01F3A46D155DB8BEC90"
"data\packages\arduino\tools\avr-gcc\7.3.0-atmel3.6.1-arduino7\avr\lib\avrxmega6\libatxmega256a3b.a","File","11392","C473A8A4CEB0C530A260180AA221F53F1523DA509D4A98719C7EEFA3D5DE10F7"
"data\packages\arduino\tools\avr-gcc\7.3.0-atmel3.6.1-arduino7\avr\lib\avrxmega6\libatxmega256a3bu.a","File","11392","5F1B18ED55F7F2CA505D68A644AE87B47A2B8ABE3F9029FDF6F28FC75A7DD6F0"
"data\packages\arduino\tools\avr-gcc\7.3.0-atmel3.6.1-arduino7\avr\lib\avrxmega6\libatxmega256a3u.a","File","11392","6B3C3BC3AB4E65E4152F686B3C8AD42DA9E5C1DE7D4AA01F3A46D155DB8BEC90"
"data\packages\arduino\tools\avr-gcc\7.3.0-atmel3.6.1-arduino7\avr\lib\avrxmega6\libatxmega256c3.a","File","11392","5F1B18ED55F7F2CA505D68A644AE87B47A2B8ABE3F9029FDF6F28FC75A7DD6F0"
"data\packages\arduino\tools\avr-gcc\7.3.0-atmel3.6.1-arduino7\avr\lib\avrxmega6\libatxmega256d3.a","File","11392","F5F575A147006F9512293017F2C1CD8AB427580150B9D85DA61CB5B66FAB7BC4"
"data\packages\arduino\tools\avr-gcc\7.3.0-atmel3.6.1-arduino7\avr\lib\avrxmega6\libatxmega384c3.a","File","11392","69B490E99D57159C2B7DE1EDCCF20D80AA61BE9FBD4EA8025745504CCD1F9DBE"
"data\packages\arduino\tools\avr-gcc\7.3.0-atmel3.6.1-arduino7\avr\lib\avrxmega6\libatxmega384d3.a","File","11392","69B490E99D57159C2B7DE1EDCCF20D80AA61BE9FBD4EA8025745504CCD1F9DBE"
"data\packages\arduino\tools\avr-gcc\7.3.0-atmel3.6.1-arduino7\avr\lib\avrxmega6\libc.a","File","293194","AC487F6D794829DBA31D11134264B864A8BF4CE9FEC6E96DC54331102AAF4FF8"
"data\packages\arduino\tools\avr-gcc\7.3.0-atmel3.6.1-arduino7\avr\lib\avrxmega6\libm.a","File","65984","EE915C33C9B00B6EB49DA092098652E7BCFE839E5466F52D26EEF55877F91CA5"
"data\packages\arduino\tools\avr-gcc\7.3.0-atmel3.6.1-arduino7\avr\lib\avrxmega6\libprintf_flt.a","File","5746","90FECB31F79EC812FA9A72921DF6B141F091931478B204D6FFB31ED5224D6AC5"
"data\packages\arduino\tools\avr-gcc\7.3.0-atmel3.6.1-arduino7\avr\lib\avrxmega6\libprintf_min.a","File","2666","02D34A69D43781FB595ACDD938366C62B299D03ADDE27EE94CEA501EAB885420"
"data\packages\arduino\tools\avr-gcc\7.3.0-atmel3.6.1-arduino7\avr\lib\avrxmega6\libscanf_flt.a","File","6724","899B2AD1AA30F40F4711540165EA535F2638C8670674A09FE3A0038F8D8423E0"
"data\packages\arduino\tools\avr-gcc\7.3.0-atmel3.6.1-arduino7\avr\lib\avrxmega6\libscanf_min.a","File","3660","03134CD6215221A2DB4A1E5507A4A38E029B70CD0F4965629CE11A5015DDF53A"
"data\packages\arduino\tools\avr-gcc\7.3.0-atmel3.6.1-arduino7\avr\lib\avrxmega7","Directory","",""
"data\packages\arduino\tools\avr-gcc\7.3.0-atmel3.6.1-arduino7\avr\lib\avrxmega7\crtatxmega128a1.o","File","51648","9512AEC4FC43DA2F85A810D63269DF65BC0BB3814B86BBCB8C35015362ECC110"
"data\packages\arduino\tools\avr-gcc\7.3.0-atmel3.6.1-arduino7\avr\lib\avrxmega7\crtatxmega128a1u.o","File","59172","63E82779491820D163B395998146032D32263993006761BA37D91C914B49E81C"
"data\packages\arduino\tools\avr-gcc\7.3.0-atmel3.6.1-arduino7\avr\lib\avrxmega7\crtatxmega128a4u.o","File","40844","F783C573E82183D45954F346E5C332EE1309ABA36B055557A99061622BD89E64"
"data\packages\arduino\tools\avr-gcc\7.3.0-atmel3.6.1-arduino7\avr\lib\avrxmega7\libatxmega128a1.a","File","11472","117B06C9D206DE8D4480E9FB50E06E4EEEF4EC548E713DAE9717210E8D178C1F"
"data\packages\arduino\tools\avr-gcc\7.3.0-atmel3.6.1-arduino7\avr\lib\avrxmega7\libatxmega128a1u.a","File","11472","117B06C9D206DE8D4480E9FB50E06E4EEEF4EC548E713DAE9717210E8D178C1F"
"data\packages\arduino\tools\avr-gcc\7.3.0-atmel3.6.1-arduino7\avr\lib\avrxmega7\libatxmega128a4u.a","File","11472","2C38024702A161E1C0D91FF6F5D500691C13A505D3398E781905D18E821CD11F"
"data\packages\arduino\tools\avr-gcc\7.3.0-atmel3.6.1-arduino7\avr\lib\avrxmega7\libc.a","File","301734","506C894BF7D2CF98A609702D04145C6EB80ACE91904C382A2614AFF80611BBA9"
"data\packages\arduino\tools\avr-gcc\7.3.0-atmel3.6.1-arduino7\avr\lib\avrxmega7\libm.a","File","65984","33A2417B00676C3B16903383FAE0A99C7AE0FF7E1F389F90E2FDC4D00A8CA0D5"
"data\packages\arduino\tools\avr-gcc\7.3.0-atmel3.6.1-arduino7\avr\lib\avrxmega7\libprintf_flt.a","File","5822","73269CC6D7F09BC996E737636429FA8B5AD02737205A205C45678323C26BF4CB"
"data\packages\arduino\tools\avr-gcc\7.3.0-atmel3.6.1-arduino7\avr\lib\avrxmega7\libprintf_min.a","File","2746","19CDE9E1340D3D11EBEE43AAF3E70ACB7D96852344AA4F8BD6DB9851DE0360D1"
"data\packages\arduino\tools\avr-gcc\7.3.0-atmel3.6.1-arduino7\avr\lib\avrxmega7\libscanf_flt.a","File","6800","90861CC344AB7A667A970451E29C8AA18535AD7E48861A817805C48CD89264BF"
"data\packages\arduino\tools\avr-gcc\7.3.0-atmel3.6.1-arduino7\avr\lib\avrxmega7\libscanf_min.a","File","3740","492DF4522448635079E0B92E3A8C3E0FB217F4A3CD19CE479ACBDF64A9F36FC0"
"data\packages\arduino\tools\avr-gcc\7.3.0-atmel3.6.1-arduino7\avr\lib\crtat90c8534.o","File","1596","B2AD2DA3D011A691F877C7A8F5DF5235654D5AF5EDF8DB1C1BD5D4E231533CDC"
"data\packages\arduino\tools\avr-gcc\7.3.0-atmel3.6.1-arduino7\avr\lib\crtat90s1200.o","File","1248","34583D9DB25F4641CA12768ABEFEA9A01A90560B5D1F89ED184F86E55BF95A28"
"data\packages\arduino\tools\avr-gcc\7.3.0-atmel3.6.1-arduino7\avr\lib\crtat90s4414.o","File","1852","C1BB1C7C8E25C7E805A36359F1D882B185F9BFAD735EBF732D2967AD802AFAC7"
"data\packages\arduino\tools\avr-gcc\7.3.0-atmel3.6.1-arduino7\avr\lib\crtat90s4434.o","File","2020","603DC8C88CE1304AE8EFF5AE67AFEF175B1B0046852726AE476B4FF13E29CCE5"
"data\packages\arduino\tools\avr-gcc\7.3.0-atmel3.6.1-arduino7\avr\lib\crtat90s8515.o","File","1852","B9FD80983AEB9DC7856DC3E3CC989605EEE3C41E591447685841BE4C7715DAD8"
"data\packages\arduino\tools\avr-gcc\7.3.0-atmel3.6.1-arduino7\avr\lib\crtat90s8535.o","File","2020","6DF435341E56E319C7D7C8834F8160AB400D6ED6C59B95AB2BE83433EF2719AE"
"data\packages\arduino\tools\avr-gcc\7.3.0-atmel3.6.1-arduino7\avr\lib\crtattiny11.o","File","1292","B3DEC1426DA63198FF0A096B4D76B7F0462B9A648BE5CBB1DB99EE9A578C9106"
"data\packages\arduino\tools\avr-gcc\7.3.0-atmel3.6.1-arduino7\avr\lib\crtattiny12.o","File","1332","60A229FD11130C5A485B23FF34BF2D4D63EB0E12A8D73D18A0776211D74BE5B1"
"data\packages\arduino\tools\avr-gcc\7.3.0-atmel3.6.1-arduino7\avr\lib\crtattiny15.o","File","1456","69911DD0EC46011BD320341218F5E9FEB08C1F601A40C2BA68C057CB7BE27D91"
"data\packages\arduino\tools\avr-gcc\7.3.0-atmel3.6.1-arduino7\avr\lib\crtattiny28.o","File","2884","6E9889A21B1D74360314CE13399759EBEE3636DB7F3597378AB3CCF72CBE756A"
"data\packages\arduino\tools\avr-gcc\7.3.0-atmel3.6.1-arduino7\avr\lib\ldscripts","Directory","",""
"data\packages\arduino\tools\avr-gcc\7.3.0-atmel3.6.1-arduino7\avr\lib\ldscripts\avr1.x","File","8263","25DDF4381FCBF2A694CBC6192941240670B203FE2D66278D7C67D91010B49CEF"
"data\packages\arduino\tools\avr-gcc\7.3.0-atmel3.6.1-arduino7\avr\lib\ldscripts\avr1.xbn","File","8281","5D9129DB6E17EE58FAD74CB4A9716A0302F41F9BB56A14279DBA18DE917A1A5C"
"data\packages\arduino\tools\avr-gcc\7.3.0-atmel3.6.1-arduino7\avr\lib\ldscripts\avr1.xn","File","8263","1B68E503D8C4304E97AD59E96433277C2A9CBA6530CB7FE1A1607A7A6EADBC16"
"data\packages\arduino\tools\avr-gcc\7.3.0-atmel3.6.1-arduino7\avr\lib\ldscripts\avr1.xr","File","6822","9E2717934488613A0B22B6C71D0B8A631518B3ACF4CDCDF7708E751685BF7F15"
"data\packages\arduino\tools\avr-gcc\7.3.0-atmel3.6.1-arduino7\avr\lib\ldscripts\avr1.xu","File","7031","041E759B0D83BDEF11EA06CB60509F89947611202C0603B5CB8DB5895D02A6BC"
"data\packages\arduino\tools\avr-gcc\7.3.0-atmel3.6.1-arduino7\avr\lib\ldscripts\avr2.x","File","8268","3EEF7F1A7ADBA69253F39008699E69988CF0DD856CCB81C5A2D67C08AC06F10E"
"data\packages\arduino\tools\avr-gcc\7.3.0-atmel3.6.1-arduino7\avr\lib\ldscripts\avr2.xbn","File","8286","FAF21296D5005005572BC1102EA7CCF1EA54B01A419AABFC0294CCE3459EF315"
"data\packages\arduino\tools\avr-gcc\7.3.0-atmel3.6.1-arduino7\avr\lib\ldscripts\avr2.xn","File","8268","E94746D5217718B7338758E2E8B4EB66787E075B6CF7E7B235050FD1A1BC2B48"
"data\packages\arduino\tools\avr-gcc\7.3.0-atmel3.6.1-arduino7\avr\lib\ldscripts\avr2.xr","File","6827","5288F941AFA05F48E11158967A88066DB68AE47D72136B0C481935647F393D18"
"data\packages\arduino\tools\avr-gcc\7.3.0-atmel3.6.1-arduino7\avr\lib\ldscripts\avr2.xu","File","7036","2F9ACCC8D795CF7F879397E7D30503DCBDCE4953824D6C74438292E040FE92C4"
"data\packages\arduino\tools\avr-gcc\7.3.0-atmel3.6.1-arduino7\avr\lib\ldscripts\avr25.x","File","8269","5767D3ED17954E7DFCE2572396F179332F6728020358774BD2D26D8C40B8AED9"
"data\packages\arduino\tools\avr-gcc\7.3.0-atmel3.6.1-arduino7\avr\lib\ldscripts\avr25.xbn","File","8287","B90F94FEDF3447F299448E651DD9C966DCC316AA98E635DD91B9996A70DEC065"
"data\packages\arduino\tools\avr-gcc\7.3.0-atmel3.6.1-arduino7\avr\lib\ldscripts\avr25.xn","File","8269","25744DDB9BBF0B7A09A368065312103598057A21B3C710173DEBEC26B807B207"
"data\packages\arduino\tools\avr-gcc\7.3.0-atmel3.6.1-arduino7\avr\lib\ldscripts\avr25.xr","File","6828","0FB253EEFBC30CEC95D8CF80A8558FA273A95BEDEE2F0E8685D1023DD7157EFB"
"data\packages\arduino\tools\avr-gcc\7.3.0-atmel3.6.1-arduino7\avr\lib\ldscripts\avr25.xu","File","7037","32C2CF1FE35D670BDC6EDEABC89EA49AB661019FC9AF943EC3BEFEE754B7C15B"
"data\packages\arduino\tools\avr-gcc\7.3.0-atmel3.6.1-arduino7\avr\lib\ldscripts\avr3.x","File","8270","4A42700AC6AE4718A5198E8541EF5A0AF5570F96CB66C5B5562AB4F9780A827A"
"data\packages\arduino\tools\avr-gcc\7.3.0-atmel3.6.1-arduino7\avr\lib\ldscripts\avr3.xbn","File","8288","A809E026E5E24ED912C9F2BB4324CFA8E5FA1AFE4AEBF96E6C0969B06F32EB53"
"data\packages\arduino\tools\avr-gcc\7.3.0-atmel3.6.1-arduino7\avr\lib\ldscripts\avr3.xn","File","8270","182D8942654D3908B88AE4241854ABDBFD182E00C3DE0A1CD0D72C3DC8D9BD63"
"data\packages\arduino\tools\avr-gcc\7.3.0-atmel3.6.1-arduino7\avr\lib\ldscripts\avr3.xr","File","6829","3986A39C919D522C59AABC71589BD46DBC5AB80BF6E28C292A189AB00DDE7A1C"
"data\packages\arduino\tools\avr-gcc\7.3.0-atmel3.6.1-arduino7\avr\lib\ldscripts\avr3.xu","File","7038","8F26DB3F14B0C7C82D905687EB2DD622B3916BAC5046D0EF152672B4F87D97AF"
"data\packages\arduino\tools\avr-gcc\7.3.0-atmel3.6.1-arduino7\avr\lib\ldscripts\avr31.x","File","8271","B0455F65B33A3B3E0C7D250AF547A990928ECBBBF74D9048680DD7867DAE0123"
"data\packages\arduino\tools\avr-gcc\7.3.0-atmel3.6.1-arduino7\avr\lib\ldscripts\avr31.xbn","File","8289","A9CCE19AA360F592C9A614EAB81F734337518385AD8D5DEFE9E896885E2F0A59"
"data\packages\arduino\tools\avr-gcc\7.3.0-atmel3.6.1-arduino7\avr\lib\ldscripts\avr31.xn","File","8271","DA279B7819F4BE01764B07E992536588FA748392E4BAF189BC3C88DE89DC9E1B"
"data\packages\arduino\tools\avr-gcc\7.3.0-atmel3.6.1-arduino7\avr\lib\ldscripts\avr31.xr","File","6830","8F6AF9D858AC81449A933E82B9C7FD1E74F510E0C90DD8D12A836C7D9531581F"
"data\packages\arduino\tools\avr-gcc\7.3.0-atmel3.6.1-arduino7\avr\lib\ldscripts\avr31.xu","File","7039","48E45A287B51534A18988C42F1B0E1657274C92A9FEC2CDA38BCFFF45A371114"
"data\packages\arduino\tools\avr-gcc\7.3.0-atmel3.6.1-arduino7\avr\lib\ldscripts\avr35.x","File","8270","B78A7BF9589418CF6295EF89D7D3F9171976B7FF38EE532C87BAA08DAC25E138"
"data\packages\arduino\tools\avr-gcc\7.3.0-atmel3.6.1-arduino7\avr\lib\ldscripts\avr35.xbn","File","8288","04BA594300C0F1E7BE6982FDB0273215C848DDB028902BD7B8CC0FDEF6B0D0AB"
"data\packages\arduino\tools\avr-gcc\7.3.0-atmel3.6.1-arduino7\avr\lib\ldscripts\avr35.xn","File","8270","0178471C907F0063AB1B3DF4E06572D4EFCE19EB3685E8C056DFF431DE2E42B5"
"data\packages\arduino\tools\avr-gcc\7.3.0-atmel3.6.1-arduino7\avr\lib\ldscripts\avr35.xr","File","6829","C2DB6EC35CB348E621196747ED11B35AAC9EA492AE3898BB6064A71644D1ABA2"
"data\packages\arduino\tools\avr-gcc\7.3.0-atmel3.6.1-arduino7\avr\lib\ldscripts\avr35.xu","File","7038","69EF863F820AECBA1A7872E9E56E236AD19BEE806011354AED904CFFA7BCDACF"
"data\packages\arduino\tools\avr-gcc\7.3.0-atmel3.6.1-arduino7\avr\lib\ldscripts\avr4.x","File","8268","3AAF9F7B69537F50378FAB6317370CF43DBAAEF9F5A3786D645C67C455337F5A"
"data\packages\arduino\tools\avr-gcc\7.3.0-atmel3.6.1-arduino7\avr\lib\ldscripts\avr4.xbn","File","8286","B067254CFDAB85E259990573DBA81BA99A76BE68CE72586F7FB117CD7ECB23AE"
"data\packages\arduino\tools\avr-gcc\7.3.0-atmel3.6.1-arduino7\avr\lib\ldscripts\avr4.xn","File","8268","3B153AED9F4C7AC9B6C1B9E72D32BBC30EAE7EE4EE431F8C1E62110C56990899"
"data\packages\arduino\tools\avr-gcc\7.3.0-atmel3.6.1-arduino7\avr\lib\ldscripts\avr4.xr","File","6827","9338C95DB1190E2DB68EDDAB56C5BA56B7B8CAC0AEE132476EC6A2CF41A36732"
"data\packages\arduino\tools\avr-gcc\7.3.0-atmel3.6.1-arduino7\avr\lib\ldscripts\avr4.xu","File","7036","6B9096657D94E8DDDBD616A199A8A425C5B52D7C24EA8C36B25AD7066A07636C"
"data\packages\arduino\tools\avr-gcc\7.3.0-atmel3.6.1-arduino7\avr\lib\ldscripts\avr5.x","File","8270","FEA4A71321A8C8C78036128840AEBB834AED06B31C3A3663BFCB91FF3E78D65E"
"data\packages\arduino\tools\avr-gcc\7.3.0-atmel3.6.1-arduino7\avr\lib\ldscripts\avr5.xbn","File","8288","84BF54C82E5E571C63ABE8E89F6A976661386ED05F6B7BFDA7875E3A7C58FE35"
"data\packages\arduino\tools\avr-gcc\7.3.0-atmel3.6.1-arduino7\avr\lib\ldscripts\avr5.xn","File","8270","064840F4B889A33EDC9F525681F83F078D07E514DD5A6089DCAC9E9FD71AD954"
"data\packages\arduino\tools\avr-gcc\7.3.0-atmel3.6.1-arduino7\avr\lib\ldscripts\avr5.xr","File","6829","BAA441D6345ADB5283DEF2CE2541A4922BCC9696E1C0059E195EB33DC42B986F"
"data\packages\arduino\tools\avr-gcc\7.3.0-atmel3.6.1-arduino7\avr\lib\ldscripts\avr5.xu","File","7038","FB0016F29EC4D319009AC2B4834E73BA05F35774A5836107AF00DEF1F92F0D74"
"data\packages\arduino\tools\avr-gcc\7.3.0-atmel3.6.1-arduino7\avr\lib\ldscripts\avr51.x","File","8271","32B924BBC451B995D55E39691276A728CDA75CBBFE7CD6CA53899441D8CC35FE"
"data\packages\arduino\tools\avr-gcc\7.3.0-atmel3.6.1-arduino7\avr\lib\ldscripts\avr51.xbn","File","8289","350C6D3EEEAA9C0A8CCF3B3979BFE3397944E07C65B8C10DF8C8BE79D49196AE"
"data\packages\arduino\tools\avr-gcc\7.3.0-atmel3.6.1-arduino7\avr\lib\ldscripts\avr51.xn","File","8271","FEE1E9A8FB688E897B2D2879C06FEF2CA6B2AA542146294D68E7C75DC17E9216"
"data\packages\arduino\tools\avr-gcc\7.3.0-atmel3.6.1-arduino7\avr\lib\ldscripts\avr51.xr","File","6830","E5E5EC82D6C3DBF07C86491D9DBF9B9CDE5A0E76B1C837614DE8A0B5F439ECCF"
"data\packages\arduino\tools\avr-gcc\7.3.0-atmel3.6.1-arduino7\avr\lib\ldscripts\avr51.xu","File","7039","591924F40564C04637768465EB84DA227F59329F58DE4CEB58E5F83E5A903E9D"
"data\packages\arduino\tools\avr-gcc\7.3.0-atmel3.6.1-arduino7\avr\lib\ldscripts\avr6.x","File","8271","C059EE8A0A4B0A41642E7B570D61276DF3025475DAA26465D9F2568485927182"
"data\packages\arduino\tools\avr-gcc\7.3.0-atmel3.6.1-arduino7\avr\lib\ldscripts\avr6.xbn","File","8289","A5A21BC856AD1A7254BB06804CEBC349DBDC0C433B3F00E2771BD6DA181C641F"
"data\packages\arduino\tools\avr-gcc\7.3.0-atmel3.6.1-arduino7\avr\lib\ldscripts\avr6.xn","File","8271","D23FC3F99D99594D8FF774FAB7A9D306431134478640960F1B7AE5D0E45A6145"
"data\packages\arduino\tools\avr-gcc\7.3.0-atmel3.6.1-arduino7\avr\lib\ldscripts\avr6.xr","File","6830","573C3295E7C833FD3D03A38332E055378D4B9B16BF236D15E6CC7DC528CEB7F1"
"data\packages\arduino\tools\avr-gcc\7.3.0-atmel3.6.1-arduino7\avr\lib\ldscripts\avr6.xu","File","7039","F501EC0714A3A194CA44A70ACB3E10077DE6A01639E36B0CE2F74D6D2C10CFBC"
"data\packages\arduino\tools\avr-gcc\7.3.0-atmel3.6.1-arduino7\avr\lib\ldscripts\avrtiny.x","File","7745","8C36669B941DF5E6A4D9147E6B16943569C99E20CFAB6DD243F633EE1E3CE588"
"data\packages\arduino\tools\avr-gcc\7.3.0-atmel3.6.1-arduino7\avr\lib\ldscripts\avrtiny.xbn","File","7763","F0ACA703855B80AC3E879ACB21099DB71267C4014E8E123E28F8725226CA8490"
"data\packages\arduino\tools\avr-gcc\7.3.0-atmel3.6.1-arduino7\avr\lib\ldscripts\avrtiny.xn","File","7745","71E08A882448FF1EB811A3502C9B4B0F9FC8239A68CD61AAA6A31F63EA4D6500"
"data\packages\arduino\tools\avr-gcc\7.3.0-atmel3.6.1-arduino7\avr\lib\ldscripts\avrtiny.xr","File","6288","F53E988B0875551362847FF5E801934C28981044E9CF66D3B93CE5BE016E7BE9"
"data\packages\arduino\tools\avr-gcc\7.3.0-atmel3.6.1-arduino7\avr\lib\ldscripts\avrtiny.xu","File","6497","2E1A2E1D9DF0A07A26AF60B0DF0B62EFC2CEA7FA868F4BD1F8A5BBB28065B113"
"data\packages\arduino\tools\avr-gcc\7.3.0-atmel3.6.1-arduino7\avr\lib\ldscripts\avrxmega1.x","File","8273","CAB408179419DE69547FE45CB6E47BCC9C618AA4545FE31E8CBCDFD00CC1F175"
"data\packages\arduino\tools\avr-gcc\7.3.0-atmel3.6.1-arduino7\avr\lib\ldscripts\avrxmega1.xbn","File","8291","45F49ED2BC9E82C9030503B2EE745B84C002602531905992861FFE07EEE60144"
"data\packages\arduino\tools\avr-gcc\7.3.0-atmel3.6.1-arduino7\avr\lib\ldscripts\avrxmega1.xn","File","8273","C49F68663ADECCA245725770CA75F6A4F004C84DD45C4BB22D7BF22DB81990E7"
"data\packages\arduino\tools\avr-gcc\7.3.0-atmel3.6.1-arduino7\avr\lib\ldscripts\avrxmega1.xr","File","6832","0DBAF974EA26672767DECD8ACFCC7713882B3BB4C09E26E27D3AE2D07763F1E3"
"data\packages\arduino\tools\avr-gcc\7.3.0-atmel3.6.1-arduino7\avr\lib\ldscripts\avrxmega1.xu","File","7041","838627F3B4D267FB2EAFF15634981C4A3AA63678B70B916F27E24087F073CC76"
"data\packages\arduino\tools\avr-gcc\7.3.0-atmel3.6.1-arduino7\avr\lib\ldscripts\avrxmega2.x","File","8273","4E0BD172F003BED32EA82DD9F673D28B88BA0BD1D31765849F9C4066BCA1629C"
"data\packages\arduino\tools\avr-gcc\7.3.0-atmel3.6.1-arduino7\avr\lib\ldscripts\avrxmega2.xbn","File","8291","87ED5C4A4A232A40A5EFB3948E7A67D209E5D1E9B0A91EAD2CD92942C6A9A3AB"
"data\packages\arduino\tools\avr-gcc\7.3.0-atmel3.6.1-arduino7\avr\lib\ldscripts\avrxmega2.xn","File","8273","3BB2C77E3D1BBBAB26B0B3BBC605801D5F3F898EA9DAECF4C9E16A4EF1FB8B57"
"data\packages\arduino\tools\avr-gcc\7.3.0-atmel3.6.1-arduino7\avr\lib\ldscripts\avrxmega2.xr","File","6832","D254217F43AFA1BE912B6D05615F2505F6D84D09C0ABC14D8448B6ED384826B6"
"data\packages\arduino\tools\avr-gcc\7.3.0-atmel3.6.1-arduino7\avr\lib\ldscripts\avrxmega2.xu","File","7041","EEE67587EFF29D7994FC081E34A65E10D4AB3AA83EAEF287BD8112D8FE3E7DFF"
"data\packages\arduino\tools\avr-gcc\7.3.0-atmel3.6.1-arduino7\avr\lib\ldscripts\avrxmega3.x","File","8361","646722A823F1E569FD307BD53D2B8E7091CA04BC225CCD93989179859CA1AF90"
"data\packages\arduino\tools\avr-gcc\7.3.0-atmel3.6.1-arduino7\avr\lib\ldscripts\avrxmega3.xbn","File","8379","E2B4D414973D5B032EECFF534A009147A780C599574F28484D697DE5DDD0F9FC"
"data\packages\arduino\tools\avr-gcc\7.3.0-atmel3.6.1-arduino7\avr\lib\ldscripts\avrxmega3.xn","File","8361","49EB013105568AA352489965382AD9D81A79D70BFF97D10283C928C523F45AB8"
"data\packages\arduino\tools\avr-gcc\7.3.0-atmel3.6.1-arduino7\avr\lib\ldscripts\avrxmega3.xr","File","6853","BA92441A0271CB7DB0A1BAE7D299A88D98C694E1F4579F9F4BD4ACA02DC7A8FC"
"data\packages\arduino\tools\avr-gcc\7.3.0-atmel3.6.1-arduino7\avr\lib\ldscripts\avrxmega3.xu","File","7062","B08C1BA96F40B4324BFC07026D5FE1B44709932B7977156C9B4B2613C7426576"
"data\packages\arduino\tools\avr-gcc\7.3.0-atmel3.6.1-arduino7\avr\lib\ldscripts\avrxmega4.x","File","8273","1FE1C4ABEA3AA4A990FB94375F69091C9CA472322DF6F392FAF9A81C29EE8C3E"
"data\packages\arduino\tools\avr-gcc\7.3.0-atmel3.6.1-arduino7\avr\lib\ldscripts\avrxmega4.xbn","File","8291","705FC2CE74D46DA3A29EA03C94029464456C5CB7707A2DFF5CACFF0FEFB9D2F3"
"data\packages\arduino\tools\avr-gcc\7.3.0-atmel3.6.1-arduino7\avr\lib\ldscripts\avrxmega4.xn","File","8273","F28FB606ACC7953FC603F6755E39DBE7335D10B117E18BB620E88F2584412150"
"data\packages\arduino\tools\avr-gcc\7.3.0-atmel3.6.1-arduino7\avr\lib\ldscripts\avrxmega4.xr","File","6832","A54BD9CCD4ABA8ADB87607EB76B8A1D86B434D244D075913050A2009EDAF4C97"
"data\packages\arduino\tools\avr-gcc\7.3.0-atmel3.6.1-arduino7\avr\lib\ldscripts\avrxmega4.xu","File","7041","14986DAD7BEA93AD993A8FCCF0C862589EEADC60FBD948647D24138FF7D644EF"
"data\packages\arduino\tools\avr-gcc\7.3.0-atmel3.6.1-arduino7\avr\lib\ldscripts\avrxmega5.x","File","8273","8C194E9DE5126C4117B9E1D73BDD469BDCF996BEA14C9DA8C0CF190887C11341"
"data\packages\arduino\tools\avr-gcc\7.3.0-atmel3.6.1-arduino7\avr\lib\ldscripts\avrxmega5.xbn","File","8291","A50277B7E5651AFE9D83B91143E1FC3E1C0B67FA038BA232565564382FA0DB70"
"data\packages\arduino\tools\avr-gcc\7.3.0-atmel3.6.1-arduino7\avr\lib\ldscripts\avrxmega5.xn","File","8273","42980E14C38F1854C16E5339E997E7BAFF0421AFA9B52F1C1BB6D04F97F89A67"
"data\packages\arduino\tools\avr-gcc\7.3.0-atmel3.6.1-arduino7\avr\lib\ldscripts\avrxmega5.xr","File","6832","9FF8179E8CC492E59EA5C1FBBE07B30420C929B418344F4AFC3E7BFB3A703D5D"
"data\packages\arduino\tools\avr-gcc\7.3.0-atmel3.6.1-arduino7\avr\lib\ldscripts\avrxmega5.xu","File","7041","00BA3C9519CCE2856686DB9EE616812F0B2A306DA959EE2CEAFCE516419F2D93"
"data\packages\arduino\tools\avr-gcc\7.3.0-atmel3.6.1-arduino7\avr\lib\ldscripts\avrxmega6.x","File","8273","58AD680AC648C2D9D6F76FD86346A3A192B0564F9446D4F640C53FC233F82A0D"
"data\packages\arduino\tools\avr-gcc\7.3.0-atmel3.6.1-arduino7\avr\lib\ldscripts\avrxmega6.xbn","File","8291","FA70AA77EA75D35367B56FD905E5BB6D1F8F284782BE0B35CB06E4F68FBD87AA"
"data\packages\arduino\tools\avr-gcc\7.3.0-atmel3.6.1-arduino7\avr\lib\ldscripts\avrxmega6.xn","File","8273","AD727A0265DAD74F55D9448812910ADF70DC67377E119C404B0117CD60F2967B"
"data\packages\arduino\tools\avr-gcc\7.3.0-atmel3.6.1-arduino7\avr\lib\ldscripts\avrxmega6.xr","File","6832","A8AD397C70EB10BE525AA60D74FAE3F4CBA8065EE53728D0488DD5A0E87141B0"
"data\packages\arduino\tools\avr-gcc\7.3.0-atmel3.6.1-arduino7\avr\lib\ldscripts\avrxmega6.xu","File","7041","1EF935A1FB12C3DF6E6BF0F776F67045ABE78852917342D2831CBE82333A3053"
"data\packages\arduino\tools\avr-gcc\7.3.0-atmel3.6.1-arduino7\avr\lib\ldscripts\avrxmega7.x","File","8273","B4BCD92CE0F2552DC7098D17180D61E6DF44C5A7B032F7A19BE353A394B586BC"
"data\packages\arduino\tools\avr-gcc\7.3.0-atmel3.6.1-arduino7\avr\lib\ldscripts\avrxmega7.xbn","File","8291","C72D81CBD95FB2D63F7DA4ACE1DE5C7D1425D79EA3E3E2F8AC21F27192DFA4A5"
"data\packages\arduino\tools\avr-gcc\7.3.0-atmel3.6.1-arduino7\avr\lib\ldscripts\avrxmega7.xn","File","8273","38542E8C2E100D5A33680A0DDDFD809932F31A3D67072048F017E5153FB0F43B"
"data\packages\arduino\tools\avr-gcc\7.3.0-atmel3.6.1-arduino7\avr\lib\ldscripts\avrxmega7.xr","File","6832","59C0F6B2B4C3A63D4072E9E6C831D04E90CE5361535FD3F5996903E8218CF2FA"
"data\packages\arduino\tools\avr-gcc\7.3.0-atmel3.6.1-arduino7\avr\lib\ldscripts\avrxmega7.xu","File","7041","B6A0C556A7B9D48D22E23B0351CC42DF848A2B26128EB81E015719D3A440BABC"
"data\packages\arduino\tools\avr-gcc\7.3.0-atmel3.6.1-arduino7\avr\lib\libat90c8534.a","File","10828","7E83D08C2CF4B50350E54364A228870F6FECAAE42383041069E41C662423CD1C"
"data\packages\arduino\tools\avr-gcc\7.3.0-atmel3.6.1-arduino7\avr\lib\libat90s1200.a","File","6624","92DCD0FABB7833C327839905A14A8FAF1D68C8CF1547C712187FF47EF8EDE304"
"data\packages\arduino\tools\avr-gcc\7.3.0-atmel3.6.1-arduino7\avr\lib\libat90s4414.a","File","10796","0F9A5C82082FF7B6A20BF55278CC80EA436170F6F80AA1D317815B4AE2A9D153"
"data\packages\arduino\tools\avr-gcc\7.3.0-atmel3.6.1-arduino7\avr\lib\libat90s4434.a","File","10796","DD5C2844E6E08CAEE728111F46C2660F656F7F81DC6715527C9F123C06E4D39E"
"data\packages\arduino\tools\avr-gcc\7.3.0-atmel3.6.1-arduino7\avr\lib\libat90s8515.a","File","10828","7E83D08C2CF4B50350E54364A228870F6FECAAE42383041069E41C662423CD1C"
"data\packages\arduino\tools\avr-gcc\7.3.0-atmel3.6.1-arduino7\avr\lib\libat90s8535.a","File","10828","7E83D08C2CF4B50350E54364A228870F6FECAAE42383041069E41C662423CD1C"
"data\packages\arduino\tools\avr-gcc\7.3.0-atmel3.6.1-arduino7\avr\lib\libattiny11.a","File","6624","92DCD0FABB7833C327839905A14A8FAF1D68C8CF1547C712187FF47EF8EDE304"
"data\packages\arduino\tools\avr-gcc\7.3.0-atmel3.6.1-arduino7\avr\lib\libattiny12.a","File","6624","92DCD0FABB7833C327839905A14A8FAF1D68C8CF1547C712187FF47EF8EDE304"
"data\packages\arduino\tools\avr-gcc\7.3.0-atmel3.6.1-arduino7\avr\lib\libattiny15.a","File","6624","92DCD0FABB7833C327839905A14A8FAF1D68C8CF1547C712187FF47EF8EDE304"
"data\packages\arduino\tools\avr-gcc\7.3.0-atmel3.6.1-arduino7\avr\lib\libattiny28.a","File","6624","92DCD0FABB7833C327839905A14A8FAF1D68C8CF1547C712187FF47EF8EDE304"
"data\packages\arduino\tools\avr-gcc\7.3.0-atmel3.6.1-arduino7\avr\lib\libc.a","File","294430","D09A311B65B62A661A9ED8F2A054C735457A7D981D10FAA93419F747FDF0A786"
"data\packages\arduino\tools\avr-gcc\7.3.0-atmel3.6.1-arduino7\avr\lib\libm.a","File","65848","BA0B43F75E364A99ABC837CF1564C62078363C10F3BB4265F4E980DB73354595"
"data\packages\arduino\tools\avr-gcc\7.3.0-atmel3.6.1-arduino7\avr\lib\libprintf_flt.a","File","5910","52D0EB4065F2405EA17B1BEB64558656CEB207CD39734D75A4966176A464CAB9"
"data\packages\arduino\tools\avr-gcc\7.3.0-atmel3.6.1-arduino7\avr\lib\libprintf_min.a","File","2758","35D59AE8704C4B0F103872D8EA8F5C59696425C3B4AD5A1EC03D1A6DADD63931"
"data\packages\arduino\tools\avr-gcc\7.3.0-atmel3.6.1-arduino7\avr\lib\libscanf_flt.a","File","7024","0C142068675C002A90534FFFF1A1B02F4B7478A6894204F62E70916CE232FA61"
"data\packages\arduino\tools\avr-gcc\7.3.0-atmel3.6.1-arduino7\avr\lib\libscanf_min.a","File","3824","E685A48B4264B8772AD33328B6F36B81D1ED76BB800389DD631342AFC99A3231"
"data\packages\arduino\tools\avr-gcc\7.3.0-atmel3.6.1-arduino7\avr\lib\tiny-stack","Directory","",""
"data\packages\arduino\tools\avr-gcc\7.3.0-atmel3.6.1-arduino7\avr\lib\tiny-stack\crtat90s2313.o","File","1752","835ABFE4CAE6154D7876371E35C3CC7986CD976D5884858C54FB36A3CEC9C86B"
"data\packages\arduino\tools\avr-gcc\7.3.0-atmel3.6.1-arduino7\avr\lib\tiny-stack\crtat90s2323.o","File","1424","1DDE2D7560E490DD684B8BB849F2595B66AB5AC2A8E2644A43F8EFFA11E99938"
"data\packages\arduino\tools\avr-gcc\7.3.0-atmel3.6.1-arduino7\avr\lib\tiny-stack\crtat90s2333.o","File","1872","FDA7982D726C04D4A0F0F958588164761973C22BB76BF5928200996398D2760D"
"data\packages\arduino\tools\avr-gcc\7.3.0-atmel3.6.1-arduino7\avr\lib\tiny-stack\crtat90s2343.o","File","1424","AE97EA2DA53286C55EBD924AD64452AD8B7C9E0248B687CD3C9DF9B38EA6489E"
"data\packages\arduino\tools\avr-gcc\7.3.0-atmel3.6.1-arduino7\avr\lib\tiny-stack\crtat90s4433.o","File","1880","A5F25B301D5F3A133888D0FED79FB48656758D8DB557C6B48DCEFD57E92BEB77"
"data\packages\arduino\tools\avr-gcc\7.3.0-atmel3.6.1-arduino7\avr\lib\tiny-stack\crtattiny22.o","File","1424","3B29C0CA3C918F0C58BD286F60F773659076F4A191EBDAA219159FECD0BB8EC1"
"data\packages\arduino\tools\avr-gcc\7.3.0-atmel3.6.1-arduino7\avr\lib\tiny-stack\crtattiny26.o","File","4332","8772277E72956F631926DB13E9696306AF2AB202D9EF06CA4F261C2E2FF1FE4C"
"data\packages\arduino\tools\avr-gcc\7.3.0-atmel3.6.1-arduino7\avr\lib\tiny-stack\libat90s2313.a","File","10752","8C9606A2190797FD6BD0CE674DF464EC1F7BBB8FB7EBB63A8EC41148BBEF2873"
"data\packages\arduino\tools\avr-gcc\7.3.0-atmel3.6.1-arduino7\avr\lib\tiny-stack\libat90s2323.a","File","10752","8C9606A2190797FD6BD0CE674DF464EC1F7BBB8FB7EBB63A8EC41148BBEF2873"
"data\packages\arduino\tools\avr-gcc\7.3.0-atmel3.6.1-arduino7\avr\lib\tiny-stack\libat90s2333.a","File","10752","8C9606A2190797FD6BD0CE674DF464EC1F7BBB8FB7EBB63A8EC41148BBEF2873"
"data\packages\arduino\tools\avr-gcc\7.3.0-atmel3.6.1-arduino7\avr\lib\tiny-stack\libat90s2343.a","File","10752","8C9606A2190797FD6BD0CE674DF464EC1F7BBB8FB7EBB63A8EC41148BBEF2873"
"data\packages\arduino\tools\avr-gcc\7.3.0-atmel3.6.1-arduino7\avr\lib\tiny-stack\libat90s4433.a","File","10752","BEC15A4112768554E5930E9A90B1C2C7ED17B2E0E7C954FBEF1A5F13B46440A5"
"data\packages\arduino\tools\avr-gcc\7.3.0-atmel3.6.1-arduino7\avr\lib\tiny-stack\libattiny22.a","File","10752","BEC15A4112768554E5930E9A90B1C2C7ED17B2E0E7C954FBEF1A5F13B46440A5"
"data\packages\arduino\tools\avr-gcc\7.3.0-atmel3.6.1-arduino7\avr\lib\tiny-stack\libattiny26.a","File","10752","BEC15A4112768554E5930E9A90B1C2C7ED17B2E0E7C954FBEF1A5F13B46440A5"
"data\packages\arduino\tools\avr-gcc\7.3.0-atmel3.6.1-arduino7\avr\lib\tiny-stack\libc.a","File","292342","89DAA718A0416A835B98C5B0F318FCC7C61EE8E3B152AC719E4D0A9E45F8B132"
"data\packages\arduino\tools\avr-gcc\7.3.0-atmel3.6.1-arduino7\avr\lib\tiny-stack\libm.a","File","65848","11C54003F5220683A670D193ED3AC9E1301DA703F5E0AC1498DBD71620FB532B"
"data\packages\arduino\tools\avr-gcc\7.3.0-atmel3.6.1-arduino7\avr\lib\tiny-stack\libprintf_flt.a","File","5886","24E80334930387C89E46799F64080A1B9334CE6928DAB37569D8A3986EC936E5"
"data\packages\arduino\tools\avr-gcc\7.3.0-atmel3.6.1-arduino7\avr\lib\tiny-stack\libprintf_min.a","File","2734","D06EF6F2A3A741B2E0FA3556F084B05F8D66D81DA68485170889BA8D2E95CD85"
"data\packages\arduino\tools\avr-gcc\7.3.0-atmel3.6.1-arduino7\avr\lib\tiny-stack\libscanf_flt.a","File","7048","A25D5B2C4FA6D8BCA1C09D4EFDF9CEF782AA973E1D38DB9D342506177445304D"
"data\packages\arduino\tools\avr-gcc\7.3.0-atmel3.6.1-arduino7\avr\lib\tiny-stack\libscanf_min.a","File","3836","9A92A93F8AC1F2E2DC03A2DEB779F150DC5D52CBE88AB333062223528EF5B9A2"
"data\packages\arduino\tools\avr-gcc\7.3.0-atmel3.6.1-arduino7\bin","Directory","",""
"data\packages\arduino\tools\avr-gcc\7.3.0-atmel3.6.1-arduino7\bin\avr-addr2line.exe","File","608256","11205F28C93FEABD95336349822C1EDA880E33C30B39F86F1E952B6CA097ECB8"
"data\packages\arduino\tools\avr-gcc\7.3.0-atmel3.6.1-arduino7\bin\avr-ar.exe","File","630784","81B1DDFFC28E7D8D34AE0CB5CBE92EC9BAE1AE852B2F498FB0A40E169AE7C0D2"
"data\packages\arduino\tools\avr-gcc\7.3.0-atmel3.6.1-arduino7\bin\avr-as.exe","File","815104","F4742917D141A23F4863086E6C0A3803B4DA3C444CF1935303165B6F7E7E754E"
"data\packages\arduino\tools\avr-gcc\7.3.0-atmel3.6.1-arduino7\bin\avr-c++.exe","File","877568","098F5708A5D70E3ABB6B504145B46C9320EF4B6D43B6B8F1C09B431E611D543B"
"data\packages\arduino\tools\avr-gcc\7.3.0-atmel3.6.1-arduino7\bin\avr-c++filt.exe","File","605696","DE32FC5CD0DE072BF358689F35362A05CFD68164B1D5220A2E81B35B64D52BCD"
"data\packages\arduino\tools\avr-gcc\7.3.0-atmel3.6.1-arduino7\bin\avr-cpp.exe","File","876032","BEE5AE89BB60A87DC957AC11CD7169988B66000D68B4D0085A9890D22DC65651"
"data\packages\arduino\tools\avr-gcc\7.3.0-atmel3.6.1-arduino7\bin\avr-elfedit.exe","File","35840","B6402A81DD9714DE49D9CB32EE9A10F9C4E12C369FDDF5904C5F35FA707F951E"
"data\packages\arduino\tools\avr-gcc\7.3.0-atmel3.6.1-arduino7\bin\avr-g++.exe","File","877568","098F5708A5D70E3ABB6B504145B46C9320EF4B6D43B6B8F1C09B431E611D543B"
"data\packages\arduino\tools\avr-gcc\7.3.0-atmel3.6.1-arduino7\bin\avr-gcc.exe","File","874496","D3A9A093AFBD132302E430E4C88BBACCCB0490EBF730F626B74662DC2460307B"
"data\packages\arduino\tools\avr-gcc\7.3.0-atmel3.6.1-arduino7\bin\avr-gcc-7.3.0.exe","File","874496","D3A9A093AFBD132302E430E4C88BBACCCB0490EBF730F626B74662DC2460307B"
"data\packages\arduino\tools\avr-gcc\7.3.0-atmel3.6.1-arduino7\bin\avr-gcc-ar.exe","File","52736","808083C1C21764C0B833879890111A09F63B131E52DE7BFE07DA356E2B6717A4"
"data\packages\arduino\tools\avr-gcc\7.3.0-atmel3.6.1-arduino7\bin\avr-gcc-nm.exe","File","52736","6E28C3DF9208592D9AC8BC9C3D729751E81CBC43EB838C1408AEE88D9C781F69"
"data\packages\arduino\tools\avr-gcc\7.3.0-atmel3.6.1-arduino7\bin\avr-gcc-ranlib.exe","File","53248","D0BA1D0A84CB54445EBD245F79FF2CFFD26B1A40CC6DB84471B749AB2B004830"
"data\packages\arduino\tools\avr-gcc\7.3.0-atmel3.6.1-arduino7\bin\avr-gcov.exe","File","523776","639CDB3FA5E79F83CBBBAFFFC2B86C85B15C4D07A22E8274843EEDDD902B17BB"
"data\packages\arduino\tools\avr-gcc\7.3.0-atmel3.6.1-arduino7\bin\avr-gcov-dump.exe","File","438272","7F058299BDCD287D0BD8990AD9BFBED583738E205C344A93457B0838D0527565"
"data\packages\arduino\tools\avr-gcc\7.3.0-atmel3.6.1-arduino7\bin\avr-gcov-tool.exe","File","483328","AB0075F4A92B8950CAB0DD24DA0E48F32E9C32B4EED18A1B251BD58883147DA7"
"data\packages\arduino\tools\avr-gcc\7.3.0-atmel3.6.1-arduino7\bin\avr-gprof.exe","File","667648","8C63499172764B35B11F9B03F72EDDD514FE20A23F2EC0E02A486D9FF8031740"
"data\packages\arduino\tools\avr-gcc\7.3.0-atmel3.6.1-arduino7\bin\avr-ld.bfd.exe","File","1103360","B8AA2FF51061FF713976E6DB14E9ADB492436E5B463679A8B9E718C8FF0F2BDF"
"data\packages\arduino\tools\avr-gcc\7.3.0-atmel3.6.1-arduino7\bin\avr-ld.exe","File","1103360","B8AA2FF51061FF713976E6DB14E9ADB492436E5B463679A8B9E718C8FF0F2BDF"
"data\packages\arduino\tools\avr-gcc\7.3.0-atmel3.6.1-arduino7\bin\avr-man","File","1944","41A6B2AB22EF98601EF5F0FE04D88DA4211D3CAEED61C6050023F1A60ECBA739"
"data\packages\arduino\tools\avr-gcc\7.3.0-atmel3.6.1-arduino7\bin\avr-nm.exe","File","617472","4CF4392A0C0C44144668A1D8B70144708E32FA74B6279BAB4E3041CB5345B593"
"data\packages\arduino\tools\avr-gcc\7.3.0-atmel3.6.1-arduino7\bin\avr-objcopy.exe","File","766976","5BC07336D3DC78EF13A36DB73B66CA206447FC9A40035BA8F481901084F737D5"
"data\packages\arduino\tools\avr-gcc\7.3.0-atmel3.6.1-arduino7\bin\avr-objdump.exe","File","888832","6379AC8E391B100FEBD0BE4F30461E0148CBD59435AA574C1E96ECE55EAC3726"
"data\packages\arduino\tools\avr-gcc\7.3.0-atmel3.6.1-arduino7\bin\avr-ranlib.exe","File","630784","B7499E3B55C6F7916E66F6F32D38CA45D788C185E1209A63F57C532A921900D2"
"data\packages\arduino\tools\avr-gcc\7.3.0-atmel3.6.1-arduino7\bin\avr-readelf.exe","File","456192","2ADF1E28B9D91CBCC34EA762DE24920C074ED4F8E244869342FCA20274EE24D3"
"data\packages\arduino\tools\avr-gcc\7.3.0-atmel3.6.1-arduino7\bin\avr-size.exe","File","616448","CAF3B7005C4AEE1AC99254B62FB5D4BE13912C21D9A750745C859E80000A9590"
"data\packages\arduino\tools\avr-gcc\7.3.0-atmel3.6.1-arduino7\bin\avr-strings.exe","File","608256","5A9F9427D0F07AA5DFA9CD057CDAC39889A40DECDC5767B042394689010AF411"
"data\packages\arduino\tools\avr-gcc\7.3.0-atmel3.6.1-arduino7\bin\avr-strip.exe","File","767488","D5B92846612697CB8F0EC4286093CEA0DE3051BC2462C4DC0F30EADF166DE79A"
"data\packages\arduino\tools\avr-gcc\7.3.0-atmel3.6.1-arduino7\bin\libiconv-2.dll","File","978432","CB016E794D3311C71F21D87803E10A0E1133995F62A485EB37B321CD9B9E1087"
"data\packages\arduino\tools\avr-gcc\7.3.0-atmel3.6.1-arduino7\bin\libwinpthread-1.dll","File","51694","13DCD56189D81DC660D0488BC4D9EDA5EE0CCA7A62C08BD2147D8E2A308E2044"
"data\packages\arduino\tools\avr-gcc\7.3.0-atmel3.6.1-arduino7\i686-w64-mingw32","Directory","",""
"data\packages\arduino\tools\avr-gcc\7.3.0-atmel3.6.1-arduino7\i686-w64-mingw32\avr","Directory","",""
"data\packages\arduino\tools\avr-gcc\7.3.0-atmel3.6.1-arduino7\i686-w64-mingw32\avr\include","Directory","",""
"data\packages\arduino\tools\avr-gcc\7.3.0-atmel3.6.1-arduino7\i686-w64-mingw32\avr\include\ansidecl.h","File","10994","3EC4FA754100A1BAC93A0DED2C6F44219ECB5CC0792B8F4C675D643EDD3CA6CB"
"data\packages\arduino\tools\avr-gcc\7.3.0-atmel3.6.1-arduino7\i686-w64-mingw32\avr\include\bfd.h","File","250985","512B3DF36F914C31037E55C011D0C430E086C9B9B513386F75F1253B9D461873"
"data\packages\arduino\tools\avr-gcc\7.3.0-atmel3.6.1-arduino7\i686-w64-mingw32\avr\include\bfdlink.h","File","32713","F1806EC0B4BC08CD09811183DA9531B9C398075D5BA3018D4E38AA7C73E7524E"
"data\packages\arduino\tools\avr-gcc\7.3.0-atmel3.6.1-arduino7\i686-w64-mingw32\avr\include\dis-asm.h","File","18289","F31520383AF0427A4F1A33FD1F80AD1F7AED1F03FDA41C784F1C0CD8B477A8E7"
"data\packages\arduino\tools\avr-gcc\7.3.0-atmel3.6.1-arduino7\i686-w64-mingw32\avr\include\plugin-api.h","File","12895","3E156E9D465C4139411584F753D366C51771CB472B81660CB0546EE8920E0B26"
"data\packages\arduino\tools\avr-gcc\7.3.0-atmel3.6.1-arduino7\i686-w64-mingw32\avr\include\symcat.h","File","2191","399B3406A9B110FCA768B302C22A0E693E1C15F4A3DC4F9AEA12C17D38E5BF8B"
"data\packages\arduino\tools\avr-gcc\7.3.0-atmel3.6.1-arduino7\i686-w64-mingw32\avr\lib","Directory","",""
"data\packages\arduino\tools\avr-gcc\7.3.0-atmel3.6.1-arduino7\i686-w64-mingw32\avr\lib\libbfd.a","File","652208","16E242FE74081F6B9689716C65108699452CE0A302CA93316596C389E465F24C"
"data\packages\arduino\tools\avr-gcc\7.3.0-atmel3.6.1-arduino7\i686-w64-mingw32\avr\lib\libbfd.la","File","1078","7A32F927344957BB6DD9792DFCBEE1D34BB716927EADCF2FAF619DAB832F9370"
"data\packages\arduino\tools\avr-gcc\7.3.0-atmel3.6.1-arduino7\i686-w64-mingw32\avr\lib\libopcodes.a","File","18522","8845D2F751ECAC5DC8DF7D7B6934853E63BAFA48A4F4B1C024D9B2F59398FBE6"
"data\packages\arduino\tools\avr-gcc\7.3.0-atmel3.6.1-arduino7\i686-w64-mingw32\avr\lib\libopcodes.la","File","987","120465402920468E50037A14F4C803B969C05629462725EDDD7A305B5DC6CA66"
"data\packages\arduino\tools\avr-gcc\7.3.0-atmel3.6.1-arduino7\include","Directory","",""
"data\packages\arduino\tools\avr-gcc\7.3.0-atmel3.6.1-arduino7\include\libiberty","Directory","",""
"data\packages\arduino\tools\avr-gcc\7.3.0-atmel3.6.1-arduino7\include\libiberty\ansidecl.h","File","10994","3EC4FA754100A1BAC93A0DED2C6F44219ECB5CC0792B8F4C675D643EDD3CA6CB"
"data\packages\arduino\tools\avr-gcc\7.3.0-atmel3.6.1-arduino7\include\libiberty\demangle.h","File","26981","B999C1BCA0E13AD8D31105C27D5D2AA95A699FEC57A48E4B6ACFD8F3C616145C"
"data\packages\arduino\tools\avr-gcc\7.3.0-atmel3.6.1-arduino7\include\libiberty\dyn-string.h","File","2706","8F80DCD489EE440A92B1C0F18AB1B87D7C51212B45FBFE647134F8EADB73EAEC"
"data\packages\arduino\tools\avr-gcc\7.3.0-atmel3.6.1-arduino7\include\libiberty\fibheap.h","File","2937","8F457685A161617DAE9C0E9EA331A381675DCFA679E157250BE196094F86168A"
"data\packages\arduino\tools\avr-gcc\7.3.0-atmel3.6.1-arduino7\include\libiberty\floatformat.h","File","5890","3DD12A7C48C53BC0CD5922539B8363FFAD150A411C451F709A2A19D972720DF4"
"data\packages\arduino\tools\avr-gcc\7.3.0-atmel3.6.1-arduino7\include\libiberty\hashtab.h","File","7270","4CB7F68DB5C2E8FF1190ECF859E7FEB58447EA20BD9818BB1F447B46E2813C58"
"data\packages\arduino\tools\avr-gcc\7.3.0-atmel3.6.1-arduino7\include\libiberty\libiberty.h","File","26737","11F125A5619B4889738C5D0BD7C455D9D6DA66E50877AC7D645FCB9B4C999863"
"data\packages\arduino\tools\avr-gcc\7.3.0-atmel3.6.1-arduino7\include\libiberty\objalloc.h","File","3976","6AB572989B28103963AD2AD987AB736264E7BD353795A413CA5F807C4A653D0A"
"data\packages\arduino\tools\avr-gcc\7.3.0-atmel3.6.1-arduino7\include\libiberty\partition.h","File","2831","00A0DA195FCDA68ADF8F76028F3F5BB8A59333E81C546C40EEA6F1997B4BD2B8"
"data\packages\arduino\tools\avr-gcc\7.3.0-atmel3.6.1-arduino7\include\libiberty\safe-ctype.h","File","5642","9B59019D32E3AAA03D0B79BB5A089D591B256C4209BEDB8FD37E1EC8967C1151"
"data\packages\arduino\tools\avr-gcc\7.3.0-atmel3.6.1-arduino7\include\libiberty\sort.h","File","1209","FDC40A7DEF0879EDBDF6CF8B765B61B269A1D10AE75405C962133EE101CE7428"
"data\packages\arduino\tools\avr-gcc\7.3.0-atmel3.6.1-arduino7\include\libiberty\splay-tree.h","File","5534","9AAC7E3577AC16314C226B2B7DB0819646093A927E1163BAB4BE2121211E2B4F"
"data\packages\arduino\tools\avr-gcc\7.3.0-atmel3.6.1-arduino7\include\libiberty\timeval-utils.h","File","1296","772557FCA48D9E7A332A90945C8F0953EA396A344D93C0722AC3C5FD26F62267"
"data\packages\arduino\tools\avr-gcc\7.3.0-atmel3.6.1-arduino7\lib","Directory","",""
"data\packages\arduino\tools\avr-gcc\7.3.0-atmel3.6.1-arduino7\lib\gcc","Directory","",""
"data\packages\arduino\tools\avr-gcc\7.3.0-atmel3.6.1-arduino7\lib\gcc\avr","Directory","",""
"data\packages\arduino\tools\avr-gcc\7.3.0-atmel3.6.1-arduino7\lib\gcc\avr\7.3.0","Directory","",""
"data\packages\arduino\tools\avr-gcc\7.3.0-atmel3.6.1-arduino7\lib\gcc\avr\7.3.0\avr25","Directory","",""
"data\packages\arduino\tools\avr-gcc\7.3.0-atmel3.6.1-arduino7\lib\gcc\avr\7.3.0\avr25\libgcc.a","File","5987458","3ED04118DC5E8047D757BF23FE312E0D854496610EC252815389CA537379D45E"
"data\packages\arduino\tools\avr-gcc\7.3.0-atmel3.6.1-arduino7\lib\gcc\avr\7.3.0\avr25\libgcov.a","File","174320","E36A8D914ECEE25E689ED0E2B85651F859CB1EB1AB3E39AB12021D3F25F59464"
"data\packages\arduino\tools\avr-gcc\7.3.0-atmel3.6.1-arduino7\lib\gcc\avr\7.3.0\avr25\tiny-stack","Directory","",""
"data\packages\arduino\tools\avr-gcc\7.3.0-atmel3.6.1-arduino7\lib\gcc\avr\7.3.0\avr25\tiny-stack\libgcc.a","File","5993666","818C7914E9379B5E3B6F9228E34ED3AD739087301E43A3F1EFCE75F5B3DB0C7E"
"data\packages\arduino\tools\avr-gcc\7.3.0-atmel3.6.1-arduino7\lib\gcc\avr\7.3.0\avr25\tiny-stack\libgcov.a","File","174504","CF973E82347BC9A67CDF2741CD37E546D159F8F543CC7C13F7F33993A3D928A3"
"data\packages\arduino\tools\avr-gcc\7.3.0-atmel3.6.1-arduino7\lib\gcc\avr\7.3.0\avr3","Directory","",""
"data\packages\arduino\tools\avr-gcc\7.3.0-atmel3.6.1-arduino7\lib\gcc\avr\7.3.0\avr3\libgcc.a","File","6000068","D6C90FAE6773EE3F9CBDFD15323705F232158FD3A7A5100200AE1E7E8A7BF94A"
"data\packages\arduino\tools\avr-gcc\7.3.0-atmel3.6.1-arduino7\lib\gcc\avr\7.3.0\avr3\libgcov.a","File","174252","67A1BD2D85ED6FC0F4CFFF57ECC287668DC9AD328CFB538662793D7053B7D6C5"
"data\packages\arduino\tools\avr-gcc\7.3.0-atmel3.6.1-arduino7\lib\gcc\avr\7.3.0\avr31","Directory","",""
"data\packages\arduino\tools\avr-gcc\7.3.0-atmel3.6.1-arduino7\lib\gcc\avr\7.3.0\avr31\libgcc.a","File","6021844","D16962D9AC2BEC3E5446E62BB7C06829A5B02BA40D37AC20671935551C215673"
"data\packages\arduino\tools\avr-gcc\7.3.0-atmel3.6.1-arduino7\lib\gcc\avr\7.3.0\avr31\libgcov.a","File","174960","44B7403EF62B7DF932D9A1E3C9947273DB602B60AC2944A3401CA63DB3AEF4DE"
"data\packages\arduino\tools\avr-gcc\7.3.0-atmel3.6.1-arduino7\lib\gcc\avr\7.3.0\avr35","Directory","",""
"data\packages\arduino\tools\avr-gcc\7.3.0-atmel3.6.1-arduino7\lib\gcc\avr\7.3.0\avr35\libgcc.a","File","5991274","A41012BB60E2316966517C97595E38DC8D9397141EE959D8AF5A0BFBA8221311"
"data\packages\arduino\tools\avr-gcc\7.3.0-atmel3.6.1-arduino7\lib\gcc\avr\7.3.0\avr35\libgcov.a","File","174320","FBCC2CCAE70F764E782774C29FA14CEBB360831E7134496D3DA66A74B24F94CB"
"data\packages\arduino\tools\avr-gcc\7.3.0-atmel3.6.1-arduino7\lib\gcc\avr\7.3.0\avr4","Directory","",""
"data\packages\arduino\tools\avr-gcc\7.3.0-atmel3.6.1-arduino7\lib\gcc\avr\7.3.0\avr4\libgcc.a","File","5987594","745B70DDDF2BBF2D4B9935342370F943AB44E2F22950311C4514FEBB019C73E9"
"data\packages\arduino\tools\avr-gcc\7.3.0-atmel3.6.1-arduino7\lib\gcc\avr\7.3.0\avr4\libgcov.a","File","174252","B0B0E3A355F381AB9661EFACFD1B94D381A9C55328038316715BC5DC7203F501"
"data\packages\arduino\tools\avr-gcc\7.3.0-atmel3.6.1-arduino7\lib\gcc\avr\7.3.0\avr5","Directory","",""
"data\packages\arduino\tools\avr-gcc\7.3.0-atmel3.6.1-arduino7\lib\gcc\avr\7.3.0\avr5\libgcc.a","File","5991762","4753393354A98DA210AC6E4746B5EA040DD5606DA2590E3D6487C112BDAE071D"
"data\packages\arduino\tools\avr-gcc\7.3.0-atmel3.6.1-arduino7\lib\gcc\avr\7.3.0\avr5\libgcov.a","File","174252","DB8F146BE2874BA3326F85774A216C19B214F34353B0E8C50E83E887143D2217"
"data\packages\arduino\tools\avr-gcc\7.3.0-atmel3.6.1-arduino7\lib\gcc\avr\7.3.0\avr51","Directory","",""
"data\packages\arduino\tools\avr-gcc\7.3.0-atmel3.6.1-arduino7\lib\gcc\avr\7.3.0\avr51\libgcc.a","File","6014930","BFE24B0AE3B1E5ABDE6980E6B5ED18402EF5D871A0AA153ABF1B793547D162A3"
"data\packages\arduino\tools\avr-gcc\7.3.0-atmel3.6.1-arduino7\lib\gcc\avr\7.3.0\avr51\libgcov.a","File","175068","6AF94C8C5C447CEA5BB9108BEB06037343C2CC6C2154582857D48FD48EE812D4"
"data\packages\arduino\tools\avr-gcc\7.3.0-atmel3.6.1-arduino7\lib\gcc\avr\7.3.0\avr6","Directory","",""
"data\packages\arduino\tools\avr-gcc\7.3.0-atmel3.6.1-arduino7\lib\gcc\avr\7.3.0\avr6\libgcc.a","File","6015934","9C638874A9186C67ABDA802E9727F447FBB0437643776444BEC0CBE875965B35"
"data\packages\arduino\tools\avr-gcc\7.3.0-atmel3.6.1-arduino7\lib\gcc\avr\7.3.0\avr6\libgcov.a","File","175000","2EA1A20C195BAC1BC60CAED701BB1F01BBD3FF1F026A148203B67C05697F7CBB"
"data\packages\arduino\tools\avr-gcc\7.3.0-atmel3.6.1-arduino7\lib\gcc\avr\7.3.0\avrxmega2","Directory","",""
"data\packages\arduino\tools\avr-gcc\7.3.0-atmel3.6.1-arduino7\lib\gcc\avr\7.3.0\avrxmega2\libgcc.a","File","6019894","A409B78B15F6C0B44033FD307E0C70D33F01B6F872365CAE3B7385A7FFA27B55"
"data\packages\arduino\tools\avr-gcc\7.3.0-atmel3.6.1-arduino7\lib\gcc\avr\7.3.0\avrxmega2\libgcov.a","File","175248","A3B4D8E25D3674D1C0F0D5DC84ACA38A0D89C5CA41F287D1B3DEDBE5C75C90FB"
"data\packages\arduino\tools\avr-gcc\7.3.0-atmel3.6.1-arduino7\lib\gcc\avr\7.3.0\avrxmega3","Directory","",""
"data\packages\arduino\tools\avr-gcc\7.3.0-atmel3.6.1-arduino7\lib\gcc\avr\7.3.0\avrxmega3\libgcc.a","File","6019830","0CE639FAC515E172FD91662D75BF1BAB065755A639B2121F93BD063F4C118E75"
"data\packages\arduino\tools\avr-gcc\7.3.0-atmel3.6.1-arduino7\lib\gcc\avr\7.3.0\avrxmega3\libgcov.a","File","175248","F5F2035D74F3A8B776CED6A1B32AF0E0AAAC465376269B71EB3BC84A9F7DA5A7"
"data\packages\arduino\tools\avr-gcc\7.3.0-atmel3.6.1-arduino7\lib\gcc\avr\7.3.0\avrxmega3\short-calls","Directory","",""
"data\packages\arduino\tools\avr-gcc\7.3.0-atmel3.6.1-arduino7\lib\gcc\avr\7.3.0\avrxmega3\short-calls\libgcc.a","File","6052690","B27DD5486271E3B7CC61C847A7C13DDD52BA7661D5768102078C2454D125782B"
"data\packages\arduino\tools\avr-gcc\7.3.0-atmel3.6.1-arduino7\lib\gcc\avr\7.3.0\avrxmega3\short-calls\libgcov.a","File","176416","76C924A8E97135D6956C58A0826753E82D862F7E76A0EF5719342ADA51443125"
"data\packages\arduino\tools\avr-gcc\7.3.0-atmel3.6.1-arduino7\lib\gcc\avr\7.3.0\avrxmega4","Directory","",""
"data\packages\arduino\tools\avr-gcc\7.3.0-atmel3.6.1-arduino7\lib\gcc\avr\7.3.0\avrxmega4\libgcc.a","File","6041906","7032689A583CA00138D54DA27DA9B3263F9185119314938D40D54B3A0697BB89"
"data\packages\arduino\tools\avr-gcc\7.3.0-atmel3.6.1-arduino7\lib\gcc\avr\7.3.0\avrxmega4\libgcov.a","File","175996","B978EFB315AC6829A6B66087707348CC1AF3C3359D242F96AD7600816582A721"
"data\packages\arduino\tools\avr-gcc\7.3.0-atmel3.6.1-arduino7\lib\gcc\avr\7.3.0\avrxmega5","Directory","",""
"data\packages\arduino\tools\avr-gcc\7.3.0-atmel3.6.1-arduino7\lib\gcc\avr\7.3.0\avrxmega5\libgcc.a","File","6108334","25F820FA93F84550522B9C57281D6B22CCC48FD4684D0C71AB40992075190FFA"
"data\packages\arduino\tools\avr-gcc\7.3.0-atmel3.6.1-arduino7\lib\gcc\avr\7.3.0\avrxmega5\libgcov.a","File","178264","6CA392782AA95CB079EEDE086B58DF52D1BDAE33C31F0FB802F17169DBD1550D"
"data\packages\arduino\tools\avr-gcc\7.3.0-atmel3.6.1-arduino7\lib\gcc\avr\7.3.0\avrxmega6","Directory","",""
"data\packages\arduino\tools\avr-gcc\7.3.0-atmel3.6.1-arduino7\lib\gcc\avr\7.3.0\avrxmega6\libgcc.a","File","6043174","5D026DD25E3D8822BD5520898ED004C34976BA3EF776D3615B0DA23D950FBCEE"
"data\packages\arduino\tools\avr-gcc\7.3.0-atmel3.6.1-arduino7\lib\gcc\avr\7.3.0\avrxmega6\libgcov.a","File","175996","D079F74C764FA33C3F55FDF6455DA41D419E14907A1F2A6FCCCE2FE5DEBA9F71"
"data\packages\arduino\tools\avr-gcc\7.3.0-atmel3.6.1-arduino7\lib\gcc\avr\7.3.0\device-specs","Directory","",""
"data\packages\arduino\tools\avr-gcc\7.3.0-atmel3.6.1-arduino7\lib\gcc\avr\7.3.0\device-specs\specs-at43usb320","File","2318","30D25A720BB536BD47C011B881B48339D586AC343BB03212DEA633CF56D22C3D"
"data\packages\arduino\tools\avr-gcc\7.3.0-atmel3.6.1-arduino7\lib\gcc\avr\7.3.0\device-specs\specs-at43usb355","File","2270","76F3A7186D67FA0E4C5ECF0BDF05700DB15D3890FB3C6F580E27CBFFC642E997"
"data\packages\arduino\tools\avr-gcc\7.3.0-atmel3.6.1-arduino7\lib\gcc\avr\7.3.0\device-specs\specs-at76c711","File","2305","B576FA51447015E7910750507B639526C9C28AF96C79D7EDB923214FF0DBE129"
"data\packages\arduino\tools\avr-gcc\7.3.0-atmel3.6.1-arduino7\lib\gcc\avr\7.3.0\device-specs\specs-at86rf401","File","2268","A07ACD74C963AD970ADE3CAA03F7BB41A278E11FF3B26FA0D7FB5FA172ED4952"
"data\packages\arduino\tools\avr-gcc\7.3.0-atmel3.6.1-arduino7\lib\gcc\avr\7.3.0\device-specs\specs-at90c8534","File","2313","C52DA6AC1CFE7743AF73D284C201D5AED282C1C364F4C7567948E9D5DDBC173E"
"data\packages\arduino\tools\avr-gcc\7.3.0-atmel3.6.1-arduino7\lib\gcc\avr\7.3.0\device-specs\specs-at90can128","File","2299","8E1C3658A9EB49AB3590EA32EDAC3AFF4B8602EF3A57F01D9DAF73FB0F5F5E18"
"data\packages\arduino\tools\avr-gcc\7.3.0-atmel3.6.1-arduino7\lib\gcc\avr\7.3.0\device-specs\specs-at90can32","File","2336","217D4900187275D2B8961D66C00A6E3363CA7DD9BCADE3408197DAE40486239B"
"data\packages\arduino\tools\avr-gcc\7.3.0-atmel3.6.1-arduino7\lib\gcc\avr\7.3.0\device-specs\specs-at90can64","File","2336","95FC7B901F2D2A9F54801A44D86E9D93AFA21841198E668B4ED8A4ACACC26DAE"
"data\packages\arduino\tools\avr-gcc\7.3.0-atmel3.6.1-arduino7\lib\gcc\avr\7.3.0\device-specs\specs-at90pwm1","File","2334","2EAC35B697641CC2F923BA68E5996DCED40B816E32380646D1703D402FFC94B2"
"data\packages\arduino\tools\avr-gcc\7.3.0-atmel3.6.1-arduino7\lib\gcc\avr\7.3.0\device-specs\specs-at90pwm161","File","2341","4847EE38C000BF7AAA1A2BF8CD22AACC7154C93880409A7C6005E59D38030E3A"
"data\packages\arduino\tools\avr-gcc\7.3.0-atmel3.6.1-arduino7\lib\gcc\avr\7.3.0\device-specs\specs-at90pwm2","File","2334","8011097EA290FD91D450B94E861C467CAAEAE45F02DB62A734854BC7AFF8AAC1"
"data\packages\arduino\tools\avr-gcc\7.3.0-atmel3.6.1-arduino7\lib\gcc\avr\7.3.0\device-specs\specs-at90pwm216","File","2341","1058BC048B48B9F7F2C7AA1982561D1E6315D936E4887A312AF86BB1E5FF0FED"
"data\packages\arduino\tools\avr-gcc\7.3.0-atmel3.6.1-arduino7\lib\gcc\avr\7.3.0\device-specs\specs-at90pwm2b","File","2339","F6E88F50EC369D2010A98D45D4B6DAB3E0B8A92AD9AE66616CC115FEE4F98442"
"data\packages\arduino\tools\avr-gcc\7.3.0-atmel3.6.1-arduino7\lib\gcc\avr\7.3.0\device-specs\specs-at90pwm3","File","2334","612CA408454B8D2916BBB29C65B6DAD7E431AABFB4DDA9B7F5D5DFFAD1FB2972"
"data\packages\arduino\tools\avr-gcc\7.3.0-atmel3.6.1-arduino7\lib\gcc\avr\7.3.0\device-specs\specs-at90pwm316","File","2341","71E5E6ADAF83E20AC0EFF9F02AB8476AD4CDCA6D4DC6FA4056B11DBA26085C44"
"data\packages\arduino\tools\avr-gcc\7.3.0-atmel3.6.1-arduino7\lib\gcc\avr\7.3.0\device-specs\specs-at90pwm3b","File","2339","1A1DF5CC812EDD3A12C731FFB62E5C0EE91E128A64F990EBCF9504157B8FB6FA"
"data\packages\arduino\tools\avr-gcc\7.3.0-atmel3.6.1-arduino7\lib\gcc\avr\7.3.0\device-specs\specs-at90pwm81","File","2339","6D1CDD59B7078E28FCBE9E719C97A9A50E8F90A2AF16494CA6A9BC1DD1944186"
"data\packages\arduino\tools\avr-gcc\7.3.0-atmel3.6.1-arduino7\lib\gcc\avr\7.3.0\device-specs\specs-at90s1200","File","2265","CCD827A21A07F2E82DB742D9A03844AAEB68D51BD1F50F213BA6350ECB277102"
"data\packages\arduino\tools\avr-gcc\7.3.0-atmel3.6.1-arduino7\lib\gcc\avr\7.3.0\device-specs\specs-at90s2313","File","2263","639BACF4CED847160DE1A7929D0DAE52E2D73D9F1FE935C6C0990A7D23B08DF9"
"data\packages\arduino\tools\avr-gcc\7.3.0-atmel3.6.1-arduino7\lib\gcc\avr\7.3.0\device-specs\specs-at90s2323","File","2263","BF61E05B811850979B0368D79F0B49EC6366D20EFD4E43E0E9CD80788FF49BBA"
"data\packages\arduino\tools\avr-gcc\7.3.0-atmel3.6.1-arduino7\lib\gcc\avr\7.3.0\device-specs\specs-at90s2333","File","2263","D0CAA637F4D5BD94E4D817F074C29D3A38EA0EDF37D6FAE4F57348760C83891C"
"data\packages\arduino\tools\avr-gcc\7.3.0-atmel3.6.1-arduino7\lib\gcc\avr\7.3.0\device-specs\specs-at90s2343","File","2263","BCED5A26B3D93E89DB3716989D3B88FAEB87FD5810147EE703F441FAB5CC40AE"
"data\packages\arduino\tools\avr-gcc\7.3.0-atmel3.6.1-arduino7\lib\gcc\avr\7.3.0\device-specs\specs-at90s4414","File","2265","EBAD6BAB8D8420EE40B0DA759894455ADC03A624743A09B9FE825C790D10C57C"
"data\packages\arduino\tools\avr-gcc\7.3.0-atmel3.6.1-arduino7\lib\gcc\avr\7.3.0\device-specs\specs-at90s4433","File","2263","684E4F488F7A1D55DD4D894E66F56AB97369F8EE7986A1F956CD81A3C17F5C7E"
"data\packages\arduino\tools\avr-gcc\7.3.0-atmel3.6.1-arduino7\lib\gcc\avr\7.3.0\device-specs\specs-at90s4434","File","2265","38934A91F42265D67B7BD0CFBA8BFCEA1CFB59BA010F85C456614420F9017CB2"
"data\packages\arduino\tools\avr-gcc\7.3.0-atmel3.6.1-arduino7\lib\gcc\avr\7.3.0\device-specs\specs-at90s8515","File","2300","DEB9617A9E3677A82484A4B978522112F9BAA900E932019FDF7F701A2C89631C"
"data\packages\arduino\tools\avr-gcc\7.3.0-atmel3.6.1-arduino7\lib\gcc\avr\7.3.0\device-specs\specs-at90s8535","File","2313","05DB11A9FDC54DED78175BCBECC79FE2740ABB5E4FA65CF6CEF5B6CEE666977E"
"data\packages\arduino\tools\avr-gcc\7.3.0-atmel3.6.1-arduino7\lib\gcc\avr\7.3.0\device-specs\specs-at90scr100","File","2341","FD0326303392D9A8FA4FE45AFEB1A5A944A6398444B0B4EA0F7194BBC46E4BFE"
"data\packages\arduino\tools\avr-gcc\7.3.0-atmel3.6.1-arduino7\lib\gcc\avr\7.3.0\device-specs\specs-at90usb1286","File","2304","0DDAE942588E87CB00B1485A8A6B216BAE5FE90C2A0ECFA115F5084BD8A5BF66"
"data\packages\arduino\tools\avr-gcc\7.3.0-atmel3.6.1-arduino7\lib\gcc\avr\7.3.0\device-specs\specs-at90usb1287","File","2304","78C10B53526C7F3620BE864F504DE9FEE19103F60224B04462AAF5ADEC612E65"
"data\packages\arduino\tools\avr-gcc\7.3.0-atmel3.6.1-arduino7\lib\gcc\avr\7.3.0\device-specs\specs-at90usb162","File","2344","7D52445C5C390EC300FA01A8D09B75DA9995DC4CDC8C8341774AAD4FD817C25A"
"data\packages\arduino\tools\avr-gcc\7.3.0-atmel3.6.1-arduino7\lib\gcc\avr\7.3.0\device-specs\specs-at90usb646","File","2341","02BD7AFA0E3738D38819DE0AC5333558EF62CAD9EFCC9AF377A0C1C77699CB30"
"data\packages\arduino\tools\avr-gcc\7.3.0-atmel3.6.1-arduino7\lib\gcc\avr\7.3.0\device-specs\specs-at90usb647","File","2341","5A963269D8DA7145E40B5DF7F35897C70184C26CDCBB62E5D0D992807275CE04"
"data\packages\arduino\tools\avr-gcc\7.3.0-atmel3.6.1-arduino7\lib\gcc\avr\7.3.0\device-specs\specs-at90usb82","File","2342","1209543C5C03ABFFA12E7197001F3F47C570F381C9996F613EE09234DFC300E7"
"data\packages\arduino\tools\avr-gcc\7.3.0-atmel3.6.1-arduino7\lib\gcc\avr\7.3.0\device-specs\specs-at94k","File","2290","AA00D5B45DD577665739E3B5C48963DC5069ECCD9D75808F6E306306FA8A0A3F"
"data\packages\arduino\tools\avr-gcc\7.3.0-atmel3.6.1-arduino7\lib\gcc\avr\7.3.0\device-specs\specs-ata5272","File","2332","759598498BCE96C504E8F65A686428187384F3E18ACEE3AA06EA2C07C37C11FD"
"data\packages\arduino\tools\avr-gcc\7.3.0-atmel3.6.1-arduino7\lib\gcc\avr\7.3.0\device-specs\specs-ata5505","File","2329","4AA781D0DC9B986132C0E7882667EACA70EE1A2A7E7F17008FE67F9E51DA950D"
"data\packages\arduino\tools\avr-gcc\7.3.0-atmel3.6.1-arduino7\lib\gcc\avr\7.3.0\device-specs\specs-ata5702m322","File","2346","5B112AEC88676A81D014081711A170BF30BB41812158EC0CF5A64D25EB322BDD"
"data\packages\arduino\tools\avr-gcc\7.3.0-atmel3.6.1-arduino7\lib\gcc\avr\7.3.0\device-specs\specs-ata5782","File","2305","69ECDCA0DD2E43FE4C09FEFC312C7BB6A8E35D389731CC9F8848015D15017CF1"
"data\packages\arduino\tools\avr-gcc\7.3.0-atmel3.6.1-arduino7\lib\gcc\avr\7.3.0\device-specs\specs-ata5790","File","2326","DECC4983AD1871DCC6133DAA5882995C68469F4966D987C20CCA9AA4D0B67350"
"data\packages\arduino\tools\avr-gcc\7.3.0-atmel3.6.1-arduino7\lib\gcc\avr\7.3.0\device-specs\specs-ata5790n","File","2331","354B2B50BB01FFD666FD321741E1A67FB9A496FCD34C2F48B29DAAB95B35F6EB"
"data\packages\arduino\tools\avr-gcc\7.3.0-atmel3.6.1-arduino7\lib\gcc\avr\7.3.0\device-specs\specs-ata5791","File","2326","D920D13FD52256E1B43EA15A004A0E31E802CD823454628F6C92E25EC9080195"
"data\packages\arduino\tools\avr-gcc\7.3.0-atmel3.6.1-arduino7\lib\gcc\avr\7.3.0\device-specs\specs-ata5795","File","2329","AA999632FC431D5F8FDDEC36EF2FECA919902E0AD1C54FF3D41B783FC338E19B"
"data\packages\arduino\tools\avr-gcc\7.3.0-atmel3.6.1-arduino7\lib\gcc\avr\7.3.0\device-specs\specs-ata5831","File","2305","A0B6ED8416E5BD53709467B4FA12191051ADD76F44BF022A1E5C3770D67EB1A2"
"data\packages\arduino\tools\avr-gcc\7.3.0-atmel3.6.1-arduino7\lib\gcc\avr\7.3.0\device-specs\specs-ata6285","File","2329","7415431B39E7FBF2075C0354E78AB317DF4AFC3AAEE2FB795BA3F29A5948DBEB"
"data\packages\arduino\tools\avr-gcc\7.3.0-atmel3.6.1-arduino7\lib\gcc\avr\7.3.0\device-specs\specs-ata6286","File","2329","D0F41DD88EC888A2DC58B1176512D21D23CDD13A8F4D7603C77BF3E7A71BD365"
"data\packages\arduino\tools\avr-gcc\7.3.0-atmel3.6.1-arduino7\lib\gcc\avr\7.3.0\device-specs\specs-ata6289","File","2329","996C2F6840933CFB026FD63C7EBB151A43B1468BD837280518F8F977D92C7536"
"data\packages\arduino\tools\avr-gcc\7.3.0-atmel3.6.1-arduino7\lib\gcc\avr\7.3.0\device-specs\specs-ata6612c","File","2334","CBC717575E2290564B91D17B4CF8B894D021F2F2FF3D423EDB38CCB25A54A9B1"
"data\packages\arduino\tools\avr-gcc\7.3.0-atmel3.6.1-arduino7\lib\gcc\avr\7.3.0\device-specs\specs-ata6613c","File","2331","4C8D990C338E917DBA6F27D703FC9DDB8505E24622E2F52FE1B4A21B94088890"
"data\packages\arduino\tools\avr-gcc\7.3.0-atmel3.6.1-arduino7\lib\gcc\avr\7.3.0\device-specs\specs-ata6614q","File","2331","DC345EFDED80D5852E1B3C2E2616147895BE82AF3132DA5624BA92CA25B0D877"
"data\packages\arduino\tools\avr-gcc\7.3.0-atmel3.6.1-arduino7\lib\gcc\avr\7.3.0\device-specs\specs-ata6616c","File","2337","3C90D51730AF965676ED0300EBD4125690156DFA4E6281505188BE94A145F773"
"data\packages\arduino\tools\avr-gcc\7.3.0-atmel3.6.1-arduino7\lib\gcc\avr\7.3.0\device-specs\specs-ata6617c","File","2334","60BC80A9E79794F6A6E09E02037BA44FD4A77A308590C75A5446EB01D5919C7E"
"data\packages\arduino\tools\avr-gcc\7.3.0-atmel3.6.1-arduino7\lib\gcc\avr\7.3.0\device-specs\specs-ata664251","File","2339","42BAD549F4E5256D74CDBB1655A6BA491270995085D79F47450B26615E88BE36"
"data\packages\arduino\tools\avr-gcc\7.3.0-atmel3.6.1-arduino7\lib\gcc\avr\7.3.0\device-specs\specs-ata8210","File","2305","D260E930D06714FB933B89C55C8626D4BE0A1E0C4F579E3E69EF32C2F3D0A6EC"
"data\packages\arduino\tools\avr-gcc\7.3.0-atmel3.6.1-arduino7\lib\gcc\avr\7.3.0\device-specs\specs-ata8510","File","2305","557D13E5AB5F825172C4514CCC27940E843C7A04BA4EB7F539015C3B78B88E11"
"data\packages\arduino\tools\avr-gcc\7.3.0-atmel3.6.1-arduino7\lib\gcc\avr\7.3.0\device-specs\specs-atmega103","File","2255","DFD3224F5C8C349313EE9BDC23C300258028E9E2B05BB977EF00B31617373C02"
"data\packages\arduino\tools\avr-gcc\7.3.0-atmel3.6.1-arduino7\lib\gcc\avr\7.3.0\device-specs\specs-atmega128","File","2294","B56A70A06EF9DCB30826AD3AEEAAB1E9C76A299300827FA43843391B43DA685E"
"data\packages\arduino\tools\avr-gcc\7.3.0-atmel3.6.1-arduino7\lib\gcc\avr\7.3.0\device-specs\specs-atmega1280","File","2299","14EB56A66B1276EA34DDBBF399C7CD6C5EAFB91027E281B47F62E20653C9325D"
"data\packages\arduino\tools\avr-gcc\7.3.0-atmel3.6.1-arduino7\lib\gcc\avr\7.3.0\device-specs\specs-atmega1281","File","2299","04D1021FE39ACEC28AA5F6B535460AC069F44BE6C491EAA8C960E2BD000E2947"
"data\packages\arduino\tools\avr-gcc\7.3.0-atmel3.6.1-arduino7\lib\gcc\avr\7.3.0\device-specs\specs-atmega1284","File","2299","3DCADB43E14C74D23BF9B3BE3412C844BB3E6F451548E3A511D2FBA6C3B45AEC"
"data\packages\arduino\tools\avr-gcc\7.3.0-atmel3.6.1-arduino7\lib\gcc\avr\7.3.0\device-specs\specs-atmega1284p","File","2304","8CB8094337A3E83E8D5FA1805F445929C369F4D0BF97BFB1BD98B97F8404F31C"
"data\packages\arduino\tools\avr-gcc\7.3.0-atmel3.6.1-arduino7\lib\gcc\avr\7.3.0\device-specs\specs-atmega1284rfr2","File","2319","5503361050EF2B9B80C4739DDD602A872E2C0DB359CBFEA637D55F087B5DCD82"
"data\packages\arduino\tools\avr-gcc\7.3.0-atmel3.6.1-arduino7\lib\gcc\avr\7.3.0\device-specs\specs-atmega128a","File","2299","103F9770529F82C57955A7E4151CE30FC2F7F4C92FB061F0307C63A489CAD329"
"data\packages\arduino\tools\avr-gcc\7.3.0-atmel3.6.1-arduino7\lib\gcc\avr\7.3.0\device-specs\specs-atmega128rfa1","File","2314","67CC2F048701835FAD82635DE5E34A8D2E65E4C96840F83800C962D7B3AEE061"
"data\packages\arduino\tools\avr-gcc\7.3.0-atmel3.6.1-arduino7\lib\gcc\avr\7.3.0\device-specs\specs-atmega128rfr2","File","2314","3D073BF6854424794917AC3AC846C215910741CBA8040A2D374D45A084D47BF9"
"data\packages\arduino\tools\avr-gcc\7.3.0-atmel3.6.1-arduino7\lib\gcc\avr\7.3.0\device-specs\specs-atmega16","File","2305","8D6D265CE8C366D7A5C399132FFBE826CAF039249A66D9AC0FCE1CAE5928D5BA"
"data\packages\arduino\tools\avr-gcc\7.3.0-atmel3.6.1-arduino7\lib\gcc\avr\7.3.0\device-specs\specs-atmega1608","File","2464","E80574F783CB6E1B13772BC9EC14DFA578B936D8A0FFCFAFB08FF73981FF2C99"
"data\packages\arduino\tools\avr-gcc\7.3.0-atmel3.6.1-arduino7\lib\gcc\avr\7.3.0\device-specs\specs-atmega1609","File","2464","70A5AEED23633515D7AEB9FB1DED6A591C79A3A97F9D1AFF28D24F574D3F6D25"
"data\packages\arduino\tools\avr-gcc\7.3.0-atmel3.6.1-arduino7\lib\gcc\avr\7.3.0\device-specs\specs-atmega161","File","2310","ECF93E4B96E2154D64CC4AEE17A9729A5AF1D45C0C214403FEC7470201DD1FA6"
"data\packages\arduino\tools\avr-gcc\7.3.0-atmel3.6.1-arduino7\lib\gcc\avr\7.3.0\device-specs\specs-atmega162","File","2336","35E565C98C2A0D2D5879E94D5E33F2651954382303EA928692231D09BA0631DB"
"data\packages\arduino\tools\avr-gcc\7.3.0-atmel3.6.1-arduino7\lib\gcc\avr\7.3.0\device-specs\specs-atmega163","File","2310","C89F498CFBC8912BA43C8103CBC9EBFE05EF4CC43927F5140228EC691DD857C5"
"data\packages\arduino\tools\avr-gcc\7.3.0-atmel3.6.1-arduino7\lib\gcc\avr\7.3.0\device-specs\specs-atmega164a","File","2341","18C032D6F78E78155332B8353166D4B4E2339BE9E2C650F26E014D17ED82D385"
"data\packages\arduino\tools\avr-gcc\7.3.0-atmel3.6.1-arduino7\lib\gcc\avr\7.3.0\device-specs\specs-atmega164p","File","2341","FA52C878BEBC2FFFE1DBB7964D6F637D606F5D25CEF5670AA3330E06E1671AC7"
"data\packages\arduino\tools\avr-gcc\7.3.0-atmel3.6.1-arduino7\lib\gcc\avr\7.3.0\device-specs\specs-atmega164pa","File","2346","6D4B3B1F4A2F03D48B3C7E7FA77B1953905162F6284728FED4C42ABB863028C7"
"data\packages\arduino\tools\avr-gcc\7.3.0-atmel3.6.1-arduino7\lib\gcc\avr\7.3.0\device-specs\specs-atmega165","File","2336","9625CB48DBE3AC3D1E1910308193F0528084BAE2F0796B42B319BDDBCFBECA2F"
"data\packages\arduino\tools\avr-gcc\7.3.0-atmel3.6.1-arduino7\lib\gcc\avr\7.3.0\device-specs\specs-atmega165a","File","2341","4ED0B8AF61E868F3FD5A48881F78AE39B52A4956B3F86D204D635AAF50CFD532"
"data\packages\arduino\tools\avr-gcc\7.3.0-atmel3.6.1-arduino7\lib\gcc\avr\7.3.0\device-specs\specs-atmega165p","File","2341","37A1D6A59297D15D6AC6C36B3860836B7C38587692D4A79935C4E83C6D5F2805"
"data\packages\arduino\tools\avr-gcc\7.3.0-atmel3.6.1-arduino7\lib\gcc\avr\7.3.0\device-specs\specs-atmega165pa","File","2346","FE992C7BBF44AD525B1519A24E6DADC659032BC9A4A4F582E8C24DA0C515F910"
"data\packages\arduino\tools\avr-gcc\7.3.0-atmel3.6.1-arduino7\lib\gcc\avr\7.3.0\device-specs\specs-atmega168","File","2336","4EF3717849E8878E7694CFCC8297F2EDA23BD670BCA991679FFCCC306093A492"
"data\packages\arduino\tools\avr-gcc\7.3.0-atmel3.6.1-arduino7\lib\gcc\avr\7.3.0\device-specs\specs-atmega168a","File","2341","288899D6B06D0535A553EC998C33EB72025969ECF70E8E4B9FCDD60CED2A1BE2"
"data\packages\arduino\tools\avr-gcc\7.3.0-atmel3.6.1-arduino7\lib\gcc\avr\7.3.0\device-specs\specs-atmega168p","File","2341","89E43BC546B41FFAC338EAF1A7BDE3E0FDE9942DD41E8B22B69D1975C869BC7C"
"data\packages\arduino\tools\avr-gcc\7.3.0-atmel3.6.1-arduino7\lib\gcc\avr\7.3.0\device-specs\specs-atmega168pa","File","2346","84BE08822F3AF48855BBF300988F68FDF2E3F8444A4C04C55C46D62E43832692"
"data\packages\arduino\tools\avr-gcc\7.3.0-atmel3.6.1-arduino7\lib\gcc\avr\7.3.0\device-specs\specs-atmega168pb","File","2346","0CFB9FD9841799315F328F8420B4FF2DA54D59BDFCAA2B4E298E75834D2715FD"
"data\packages\arduino\tools\avr-gcc\7.3.0-atmel3.6.1-arduino7\lib\gcc\avr\7.3.0\device-specs\specs-atmega169","File","2336","A9F561D49CF11226AAE829C70D053453912293D9972AEE79D06EFDF45FAEC3FB"
"data\packages\arduino\tools\avr-gcc\7.3.0-atmel3.6.1-arduino7\lib\gcc\avr\7.3.0\device-specs\specs-atmega169a","File","2341","35A38F865D03193C4FFA725BA89A511D163EB95A80D132FDD77908A94BC0365D"
"data\packages\arduino\tools\avr-gcc\7.3.0-atmel3.6.1-arduino7\lib\gcc\avr\7.3.0\device-specs\specs-atmega169p","File","2341","67D76C41665EC5C763C64DC256484090BAC58CE644FA6737E759A78CA3F04901"
"data\packages\arduino\tools\avr-gcc\7.3.0-atmel3.6.1-arduino7\lib\gcc\avr\7.3.0\device-specs\specs-atmega169pa","File","2346","44EC6F84AC9C991E068066542A59F214FB0A8F702EC3808021FDCDB3400F2E36"
"data\packages\arduino\tools\avr-gcc\7.3.0-atmel3.6.1-arduino7\lib\gcc\avr\7.3.0\device-specs\specs-atmega16a","File","2310","18A3907EC365697A557A07AA195DFF48A99D752E7FABFAD7B4A0FC39852A8126"
"data\packages\arduino\tools\avr-gcc\7.3.0-atmel3.6.1-arduino7\lib\gcc\avr\7.3.0\device-specs\specs-atmega16hva","File","2346","66A4A404F6A22041157F3C36E61F0ED09319C37882810E2613A9861C8E71EDB8"
"data\packages\arduino\tools\avr-gcc\7.3.0-atmel3.6.1-arduino7\lib\gcc\avr\7.3.0\device-specs\specs-atmega16hva2","File","2351","CD6753D421D5FCCB1D4408EC575EBD63BDD77904ADCC65910A29EAF878C6E77B"
"data\packages\arduino\tools\avr-gcc\7.3.0-atmel3.6.1-arduino7\lib\gcc\avr\7.3.0\device-specs\specs-atmega16hvb","File","2346","17C540E43356B121452C09F297D1373B8D47F06C70FE225CEFEFB61F33EC560A"
"data\packages\arduino\tools\avr-gcc\7.3.0-atmel3.6.1-arduino7\lib\gcc\avr\7.3.0\device-specs\specs-atmega16hvbrevb","File","2366","C42CE721FA559B7791BF4F23C438EFFB855B2CD01FEDCCF07D5D8668D301AFBA"
"data\packages\arduino\tools\avr-gcc\7.3.0-atmel3.6.1-arduino7\lib\gcc\avr\7.3.0\device-specs\specs-atmega16m1","File","2341","FF64BAE103FDD2AFA506933B30E928A8CF23AB94E63EA310A4E17FD783E7F6DA"
"data\packages\arduino\tools\avr-gcc\7.3.0-atmel3.6.1-arduino7\lib\gcc\avr\7.3.0\device-specs\specs-atmega16u2","File","2344","10FB1E277BCFF056EF6A78B07BC9EDDF63BB7262DF4C604016F021AD31FF0F86"
"data\packages\arduino\tools\avr-gcc\7.3.0-atmel3.6.1-arduino7\lib\gcc\avr\7.3.0\device-specs\specs-atmega16u4","File","2341","116E48632772A6A49AE7DE88195139F44D6D72316863989706F1A4165DE93D4D"
"data\packages\arduino\tools\avr-gcc\7.3.0-atmel3.6.1-arduino7\lib\gcc\avr\7.3.0\device-specs\specs-atmega2560","File","2296","8E81C832CDA90CE017558A4A635D65E6A4D2B86C63A72A301CE43570002BD7AB"
"data\packages\arduino\tools\avr-gcc\7.3.0-atmel3.6.1-arduino7\lib\gcc\avr\7.3.0\device-specs\specs-atmega2561","File","2296","53D1D4421982F71942C148C3B51E6BF2CDACDE504F5DBF7276B343A5029F457B"
"data\packages\arduino\tools\avr-gcc\7.3.0-atmel3.6.1-arduino7\lib\gcc\avr\7.3.0\device-specs\specs-atmega2564rfr2","File","2316","8FA98F54276A00CB411DB78223F08F93A3331F86A202438975B38C008E2A0A8C"
"data\packages\arduino\tools\avr-gcc\7.3.0-atmel3.6.1-arduino7\lib\gcc\avr\7.3.0\device-specs\specs-atmega256rfr2","File","2311","0D291F514C8C24D3A7201B603C41B9B14CA62877AD70887D310E1FD9DE567CB9"
"data\packages\arduino\tools\avr-gcc\7.3.0-atmel3.6.1-arduino7\lib\gcc\avr\7.3.0\device-specs\specs-atmega32","File","2305","90BC1F02E2369C26E4FB9C500D8931A4BEF8907094D38D2FC9E48F4C4B6D5B34"
"data\packages\arduino\tools\avr-gcc\7.3.0-atmel3.6.1-arduino7\lib\gcc\avr\7.3.0\device-specs\specs-atmega3208","File","2464","DE197F10E464FC2FCC3504C1889EAC070CACFD7CC832FE866FEB8CDA53C0AF2C"
"data\packages\arduino\tools\avr-gcc\7.3.0-atmel3.6.1-arduino7\lib\gcc\avr\7.3.0\device-specs\specs-atmega3209","File","2464","0B9C10A53C95C0632943500C1E5741F9BFF0E8E348C541F7583C21CB649125CA"
"data\packages\arduino\tools\avr-gcc\7.3.0-atmel3.6.1-arduino7\lib\gcc\avr\7.3.0\device-specs\specs-atmega323","File","2310","C562FCFBB8755278CE6C8A7C7007DE97CCD951CE86B48399C37717DC43FB145E"
"data\packages\arduino\tools\avr-gcc\7.3.0-atmel3.6.1-arduino7\lib\gcc\avr\7.3.0\device-specs\specs-atmega324a","File","2341","C92E255B6041F9B7EA660ED24355D72F9ADE35E5477DABF009EA876AB2360DDA"
"data\packages\arduino\tools\avr-gcc\7.3.0-atmel3.6.1-arduino7\lib\gcc\avr\7.3.0\device-specs\specs-atmega324p","File","2341","C347FE22B9260CE28CFFB1B52E38B02C8BECFD42F59932C3588290F06C63B27B"
"data\packages\arduino\tools\avr-gcc\7.3.0-atmel3.6.1-arduino7\lib\gcc\avr\7.3.0\device-specs\specs-atmega324pa","File","2346","BEFF477BD7D14429D38646D68DA21E53D6BBC8E83766613E23D8E361F6395B99"
"data\packages\arduino\tools\avr-gcc\7.3.0-atmel3.6.1-arduino7\lib\gcc\avr\7.3.0\device-specs\specs-atmega324pb","File","2375","89C5AA7B27D4D2B2A8D02573EED5299467BFD189CDE7B5497D07938E665D9E81"
"data\packages\arduino\tools\avr-gcc\7.3.0-atmel3.6.1-arduino7\lib\gcc\avr\7.3.0\device-specs\specs-atmega325","File","2336","8184B9FF35061B1D71582D7B30D4668DBAA6CBE6E86AA5E4D6E6B8445EABF415"
"data\packages\arduino\tools\avr-gcc\7.3.0-atmel3.6.1-arduino7\lib\gcc\avr\7.3.0\device-specs\specs-atmega3250","File","2341","737E1A1C3C0F972F10EA53557495238C54248E568239B936EFA7308A15F4B162"
"data\packages\arduino\tools\avr-gcc\7.3.0-atmel3.6.1-arduino7\lib\gcc\avr\7.3.0\device-specs\specs-atmega3250a","File","2346","FC04F0485DCEEB9BDB3180812E3263CE118E6E0ACE0508FC13B36F74D2B0E3D3"
"data\packages\arduino\tools\avr-gcc\7.3.0-atmel3.6.1-arduino7\lib\gcc\avr\7.3.0\device-specs\specs-atmega3250p","File","2346","BD3ADFDF2258A8CFC9B93D2DDEBA2E19EDC4E3DF0BCFB5691B86CA6B3BD3B4ED"
"data\packages\arduino\tools\avr-gcc\7.3.0-atmel3.6.1-arduino7\lib\gcc\avr\7.3.0\device-specs\specs-atmega3250pa","File","2351","F8B4BA582F4CFE323B27A9DEECCA07C0142EA2B02647BDBC8D0638525DBE8455"
"data\packages\arduino\tools\avr-gcc\7.3.0-atmel3.6.1-arduino7\lib\gcc\avr\7.3.0\device-specs\specs-atmega325a","File","2341","909BC74D4F3110D8402BD3286E5E38B3F3F616F524E959E42206C3D71EED1952"
"data\packages\arduino\tools\avr-gcc\7.3.0-atmel3.6.1-arduino7\lib\gcc\avr\7.3.0\device-specs\specs-atmega325p","File","2341","79C3961D5968A2A07E8C302989BE27AC7F0847EB91C0CC442F95F0AE8DB0E2A2"
"data\packages\arduino\tools\avr-gcc\7.3.0-atmel3.6.1-arduino7\lib\gcc\avr\7.3.0\device-specs\specs-atmega325pa","File","2346","82BFA4575EA2D2F454D5089A5364304C3D74971A74FADF61B121F707C25B8B4E"
"data\packages\arduino\tools\avr-gcc\7.3.0-atmel3.6.1-arduino7\lib\gcc\avr\7.3.0\device-specs\specs-atmega328","File","2336","9EBEA0E832BA602F167585B6DBC6EBADF9E993386C2BEBB18557EF8F76CACBFF"
"data\packages\arduino\tools\avr-gcc\7.3.0-atmel3.6.1-arduino7\lib\gcc\avr\7.3.0\device-specs\specs-atmega328p","File","2341","395E396B9920E4E637EB5452E075B1C2413F876F9EC526798C3689BB916DABC6"
"data\packages\arduino\tools\avr-gcc\7.3.0-atmel3.6.1-arduino7\lib\gcc\avr\7.3.0\device-specs\specs-atmega328pb","File","2346","3A76F6C20A01B8539D6E61562A78794AEF9061FF4B7F9836216CCC90D2F3F440"
"data\packages\arduino\tools\avr-gcc\7.3.0-atmel3.6.1-arduino7\lib\gcc\avr\7.3.0\device-specs\specs-atmega329","File","2336","1D766102394641CB361CE97FA4B82BCDA0376CBE363DDA5D1695EDDEBA61D75A"
"data\packages\arduino\tools\avr-gcc\7.3.0-atmel3.6.1-arduino7\lib\gcc\avr\7.3.0\device-specs\specs-atmega3290","File","2341","39A7225E6328DC89D5F63B1F9A8ED3217ADBD474E45B715A82A4584608A6A19C"
"data\packages\arduino\tools\avr-gcc\7.3.0-atmel3.6.1-arduino7\lib\gcc\avr\7.3.0\device-specs\specs-atmega3290a","File","2346","280BCAF4ED7E89725CA098579EE28F5FBC63A95E8BCC863EE73881279DE806FF"
"data\packages\arduino\tools\avr-gcc\7.3.0-atmel3.6.1-arduino7\lib\gcc\avr\7.3.0\device-specs\specs-atmega3290p","File","2346","2F9D0F9F93B85CDEA5B3D9D699DE3A69C6836BED5B5059464BF8932AD0410581"
"data\packages\arduino\tools\avr-gcc\7.3.0-atmel3.6.1-arduino7\lib\gcc\avr\7.3.0\device-specs\specs-atmega3290pa","File","2351","00E3F28EDCB0E3F52D00E45C6AEE1C9D8BA8DA15C8886E8A3DF2508E1A9623AE"
"data\packages\arduino\tools\avr-gcc\7.3.0-atmel3.6.1-arduino7\lib\gcc\avr\7.3.0\device-specs\specs-atmega329a","File","2341","7288A027BD4BBB2C727E89C134672ED61112611504C426258A2E6A82C5E3AB70"
"data\packages\arduino\tools\avr-gcc\7.3.0-atmel3.6.1-arduino7\lib\gcc\avr\7.3.0\device-specs\specs-atmega329p","File","2341","F0A497FACB41670CD8F579FCCC9FFC7E237F6061C3CFFDF3E378250EA43AC077"
"data\packages\arduino\tools\avr-gcc\7.3.0-atmel3.6.1-arduino7\lib\gcc\avr\7.3.0\device-specs\specs-atmega329pa","File","2346","1CC3727102EA071273E0BB6E9BB23187DBD816B2B307DD11D85F73B6827453E0"
"data\packages\arduino\tools\avr-gcc\7.3.0-atmel3.6.1-arduino7\lib\gcc\avr\7.3.0\device-specs\specs-atmega32a","File","2310","2F1BF8FEA0E55D6188F7177AE1F306B8B30354BC8916AEA06BF79D4C5004501F"
"data\packages\arduino\tools\avr-gcc\7.3.0-atmel3.6.1-arduino7\lib\gcc\avr\7.3.0\device-specs\specs-atmega32c1","File","2341","19074548D1DAA1B22DF24B5A32FBBE7E1F028D63968DAECA7A0FDBCE011C2745"
"data\packages\arduino\tools\avr-gcc\7.3.0-atmel3.6.1-arduino7\lib\gcc\avr\7.3.0\device-specs\specs-atmega32hvb","File","2346","179AF44EBDF3D9A5EABA351DF9E9D9EA4A24B47831B4166B41022B870C13CA5D"
"data\packages\arduino\tools\avr-gcc\7.3.0-atmel3.6.1-arduino7\lib\gcc\avr\7.3.0\device-specs\specs-atmega32hvbrevb","File","2366","93B528B786028E3C56E10E866DE763822E6FC6E30B3424E1285F0E08B0A1C038"
"data\packages\arduino\tools\avr-gcc\7.3.0-atmel3.6.1-arduino7\lib\gcc\avr\7.3.0\device-specs\specs-atmega32m1","File","2341","392FA61E6B173AA2FBACF34CEB92948999AF19D6732DEC8437E0E8565DCE8D1D"
"data\packages\arduino\tools\avr-gcc\7.3.0-atmel3.6.1-arduino7\lib\gcc\avr\7.3.0\device-specs\specs-atmega32u2","File","2344","BC45CA9F2BAEF4B6156265E23873EEC38D9301D963B83ABD225DCA8750233745"
"data\packages\arduino\tools\avr-gcc\7.3.0-atmel3.6.1-arduino7\lib\gcc\avr\7.3.0\device-specs\specs-atmega32u4","File","2341","EFC626DF48CF140525C184CD2338F489428E6D250B8AF6DDA92F6B63A8E5C3DA"
"data\packages\arduino\tools\avr-gcc\7.3.0-atmel3.6.1-arduino7\lib\gcc\avr\7.3.0\device-specs\specs-atmega32u6","File","2341","4891F5F9CA20E44EFEE44F52729A99585E0AFB76A366FEFF08155EBE0A9D3AC6"
"data\packages\arduino\tools\avr-gcc\7.3.0-atmel3.6.1-arduino7\lib\gcc\avr\7.3.0\device-specs\specs-atmega406","File","2291","163041894FD9B3CBE72D407C83BC08766DFBD13923C2BB983410B274155B6870"
"data\packages\arduino\tools\avr-gcc\7.3.0-atmel3.6.1-arduino7\lib\gcc\avr\7.3.0\device-specs\specs-atmega48","File","2286","D9211C745C0C1DBEA6702B319D05E2078444F3E105C9DD0E526B30A38C3BB028"
"data\packages\arduino\tools\avr-gcc\7.3.0-atmel3.6.1-arduino7\lib\gcc\avr\7.3.0\device-specs\specs-atmega4808","File","2419","54749D26C1ADC25CC3E2FF612171DAC3838B7D4E909DABB091FBD3CCC57A031F"
"data\packages\arduino\tools\avr-gcc\7.3.0-atmel3.6.1-arduino7\lib\gcc\avr\7.3.0\device-specs\specs-atmega4809","File","2419","2B61DA3248E11A692BB84041885AECF40998BF5E3DB4B8E043D4F458B85B3D37"
"data\packages\arduino\tools\avr-gcc\7.3.0-atmel3.6.1-arduino7\lib\gcc\avr\7.3.0\device-specs\specs-atmega48a","File","2291","45A41A71881A4852D786EC61CFD0F34CA523C1C22AC9D6D1E09253A3F0CB2D1E"
"data\packages\arduino\tools\avr-gcc\7.3.0-atmel3.6.1-arduino7\lib\gcc\avr\7.3.0\device-specs\specs-atmega48p","File","2291","C47D84F60415B547809759F7DB9A522743F602A90D822B55B5A83739FB56EAEC"
"data\packages\arduino\tools\avr-gcc\7.3.0-atmel3.6.1-arduino7\lib\gcc\avr\7.3.0\device-specs\specs-atmega48pa","File","2296","8A88CEFE139A4C209AC1B56D9AD9617DC1A00E6114885F668431C5EB66B3B6B5"
"data\packages\arduino\tools\avr-gcc\7.3.0-atmel3.6.1-arduino7\lib\gcc\avr\7.3.0\device-specs\specs-atmega48pb","File","2296","CE6FC54E4CFA0706C30866E3950497F80732AE884FBDF04EAE3DF257DDA4B3E8"
"data\packages\arduino\tools\avr-gcc\7.3.0-atmel3.6.1-arduino7\lib\gcc\avr\7.3.0\device-specs\specs-atmega64","File","2331","3DFAA925AE0D5CD59A6989B7B8B113B05203EC3590DA9996D9364AA28C52903F"
"data\packages\arduino\tools\avr-gcc\7.3.0-atmel3.6.1-arduino7\lib\gcc\avr\7.3.0\device-specs\specs-atmega640","File","2336","4DA27F22904746A42B8877726A27DFFBE3E961F600D316C716325D0E8929C38B"
"data\packages\arduino\tools\avr-gcc\7.3.0-atmel3.6.1-arduino7\lib\gcc\avr\7.3.0\device-specs\specs-atmega644","File","2336","F447A2DBA7A8892894EDE47FBF4EFAD44CF069D148A1FC5C787C6A8EA03ACD7E"
"data\packages\arduino\tools\avr-gcc\7.3.0-atmel3.6.1-arduino7\lib\gcc\avr\7.3.0\device-specs\specs-atmega644a","File","2341","D3FD83CBDD55A5AC45E645A20532D77A2365921EAD287E0084CBA43EB04D6718"
"data\packages\arduino\tools\avr-gcc\7.3.0-atmel3.6.1-arduino7\lib\gcc\avr\7.3.0\device-specs\specs-atmega644p","File","2341","A5B6CBAF120DC1E42863404C5131C79C7546D6E683B16666B42651AC517F0493"
"data\packages\arduino\tools\avr-gcc\7.3.0-atmel3.6.1-arduino7\lib\gcc\avr\7.3.0\device-specs\specs-atmega644pa","File","2346","AC163C95E81136D63CF50AB0CCC87227B31C3BCE17F0617800CED8F51417610B"
"data\packages\arduino\tools\avr-gcc\7.3.0-atmel3.6.1-arduino7\lib\gcc\avr\7.3.0\device-specs\specs-atmega644rfr2","File","2356","324AD8F178BEE35EF62068879A92F16BD16B710DB023E10B2E9C9DBC3EF46954"
"data\packages\arduino\tools\avr-gcc\7.3.0-atmel3.6.1-arduino7\lib\gcc\avr\7.3.0\device-specs\specs-atmega645","File","2336","462A5880DBEC8D747441A3593F7F7B442FFF92B8CF549864D1EDA88219E4FC4E"
"data\packages\arduino\tools\avr-gcc\7.3.0-atmel3.6.1-arduino7\lib\gcc\avr\7.3.0\device-specs\specs-atmega6450","File","2341","4D7485EAA623A2B6C4B54055CB98309F1FE3371DF1983DD17E4A5511034305F9"
"data\packages\arduino\tools\avr-gcc\7.3.0-atmel3.6.1-arduino7\lib\gcc\avr\7.3.0\device-specs\specs-atmega6450a","File","2346","9D0F781B6010C27A08FF730EFF0E6EBAAA0C4C3D52412A6387B5AF13680FC338"
"data\packages\arduino\tools\avr-gcc\7.3.0-atmel3.6.1-arduino7\lib\gcc\avr\7.3.0\device-specs\specs-atmega6450p","File","2346","6BB3BDDE7D4AEC91AAD4B3C172C19F59A0380B1E3EA9A6F23337B0C5A1E780CB"
"data\packages\arduino\tools\avr-gcc\7.3.0-atmel3.6.1-arduino7\lib\gcc\avr\7.3.0\device-specs\specs-atmega645a","File","2341","64F0A24469CB70BA541A17A687A0CB791BF6F50C538390E9B51AEA6728AF3146"
"data\packages\arduino\tools\avr-gcc\7.3.0-atmel3.6.1-arduino7\lib\gcc\avr\7.3.0\device-specs\specs-atmega645p","File","2341","05921B0221B03D93E8A38121A13CD9086F43ACBD4E53B78EEEF624BA9045B7A5"
"data\packages\arduino\tools\avr-gcc\7.3.0-atmel3.6.1-arduino7\lib\gcc\avr\7.3.0\device-specs\specs-atmega649","File","2336","4CA874CCC06B1CCFC0C731BA0C41C5DF0252F52AFFD52450FE33ADDCF9D46EF0"
"data\packages\arduino\tools\avr-gcc\7.3.0-atmel3.6.1-arduino7\lib\gcc\avr\7.3.0\device-specs\specs-atmega6490","File","2341","FBEA9DC8EC5A3407BE1209F35BE7D42F08AA5D3E0B2DF83F7D95E6CFEC183E28"
"data\packages\arduino\tools\avr-gcc\7.3.0-atmel3.6.1-arduino7\lib\gcc\avr\7.3.0\device-specs\specs-atmega6490a","File","2346","2574BC847AF2FE1AAAD06EA8B2FD7222F91D610A46CA385395B8A1B7EEDD340D"
"data\packages\arduino\tools\avr-gcc\7.3.0-atmel3.6.1-arduino7\lib\gcc\avr\7.3.0\device-specs\specs-atmega6490p","File","2346","68EEF486ED525990480C2B732F66E81745B5225726F34F640373229A56AB435F"
"data\packages\arduino\tools\avr-gcc\7.3.0-atmel3.6.1-arduino7\lib\gcc\avr\7.3.0\device-specs\specs-atmega649a","File","2341","CAB0A9E75954C9847F9A6D9CD8963DD5F81EC0A0FF7798641138CD71F2EDC391"
"data\packages\arduino\tools\avr-gcc\7.3.0-atmel3.6.1-arduino7\lib\gcc\avr\7.3.0\device-specs\specs-atmega649p","File","2341","C231F24E30A339A5E3510188F0FB47DF7642E68CBAF2D11405D005907E5B1A7B"
"data\packages\arduino\tools\avr-gcc\7.3.0-atmel3.6.1-arduino7\lib\gcc\avr\7.3.0\device-specs\specs-atmega64a","File","2336","00F64F1D36B3CBDE27948A13005C6E5F3B5DFC18489F8B4F5E2653A21F95987C"
"data\packages\arduino\tools\avr-gcc\7.3.0-atmel3.6.1-arduino7\lib\gcc\avr\7.3.0\device-specs\specs-atmega64c1","File","2341","640EB3FF6651B79CC3CD62212FE887C784514A36B4C8F7F160A1128515CB2B37"
"data\packages\arduino\tools\avr-gcc\7.3.0-atmel3.6.1-arduino7\lib\gcc\avr\7.3.0\device-specs\specs-atmega64hve","File","2346","BA4FF54968C318BC4721D8AB9ED4EFBDF616A13DDE6468C3F791119750BBEEE5"
"data\packages\arduino\tools\avr-gcc\7.3.0-atmel3.6.1-arduino7\lib\gcc\avr\7.3.0\device-specs\specs-atmega64hve2","File","2351","125312E182CE84F712C874327E0F81C39836E2D6AD9EFECA7F122D562D1FD882"
"data\packages\arduino\tools\avr-gcc\7.3.0-atmel3.6.1-arduino7\lib\gcc\avr\7.3.0\device-specs\specs-atmega64m1","File","2341","9B80515E981C049184BC7F8720E1067E4289F3E9AAED0F9305E305900076C910"
"data\packages\arduino\tools\avr-gcc\7.3.0-atmel3.6.1-arduino7\lib\gcc\avr\7.3.0\device-specs\specs-atmega64rfr2","File","2351","42F23E312C677A676BD4F7A6B2573A8D78B4F98FECBDE78018729EB04B33DF9B"
"data\packages\arduino\tools\avr-gcc\7.3.0-atmel3.6.1-arduino7\lib\gcc\avr\7.3.0\device-specs\specs-atmega8","File","2303","C483484B051C939E1201385E7E1CC3724C561D34EC1187DCA64960876448DD9E"
"data\packages\arduino\tools\avr-gcc\7.3.0-atmel3.6.1-arduino7\lib\gcc\avr\7.3.0\device-specs\specs-atmega808","File","2473","EE07A262572A2E498DC2BB423C35433F74D97D4DB53323B9AC7A7200D42CAF5C"
"data\packages\arduino\tools\avr-gcc\7.3.0-atmel3.6.1-arduino7\lib\gcc\avr\7.3.0\device-specs\specs-atmega809","File","2473","BDE380BFA48DA81FB23C326CF24597BD332CB89B09262005DE07729A495EDD52"
"data\packages\arduino\tools\avr-gcc\7.3.0-atmel3.6.1-arduino7\lib\gcc\avr\7.3.0\device-specs\specs-atmega8515","File","2318","9311DCC649FD637BA92DF66774591982907A67F3B3140B076F3EF5AC89DB95AD"
"data\packages\arduino\tools\avr-gcc\7.3.0-atmel3.6.1-arduino7\lib\gcc\avr\7.3.0\device-specs\specs-atmega8535","File","2318","D689BCEAE1031758114B58D3B4D59CEEA194A139025FF07CDCD8490CB68532AD"
"data\packages\arduino\tools\avr-gcc\7.3.0-atmel3.6.1-arduino7\lib\gcc\avr\7.3.0\device-specs\specs-atmega88","File","2334","17049911E7446E6B52F1595CFF82EE617E97DD97F01CCE5BE2CC305E1146E88C"
"data\packages\arduino\tools\avr-gcc\7.3.0-atmel3.6.1-arduino7\lib\gcc\avr\7.3.0\device-specs\specs-atmega88a","File","2339","281AA825DC4C9A72E878DC47958775016C4CC55FDFB5BB1B4877D6850E7320AD"
"data\packages\arduino\tools\avr-gcc\7.3.0-atmel3.6.1-arduino7\lib\gcc\avr\7.3.0\device-specs\specs-atmega88p","File","2339","E247844D49E6428C9AF208A8857FBC5AA15B865ECAD994AFABBE4CCCAC97C6BB"
"data\packages\arduino\tools\avr-gcc\7.3.0-atmel3.6.1-arduino7\lib\gcc\avr\7.3.0\device-specs\specs-atmega88pa","File","2344","36A90CBE8E2BB735091D0E72CA49B90E0854744A4715D76A9217F7F61B4CA5EA"
"data\packages\arduino\tools\avr-gcc\7.3.0-atmel3.6.1-arduino7\lib\gcc\avr\7.3.0\device-specs\specs-atmega88pb","File","2344","0B5957386F442C3977BB9E7656415A9B2DB25F2AAD247CA3B9CC3F8FBE0067C1"
"data\packages\arduino\tools\avr-gcc\7.3.0-atmel3.6.1-arduino7\lib\gcc\avr\7.3.0\device-specs\specs-atmega8a","File","2308","47F6ADF6B77D8E44209545DAD7B6071660B8A98C09ED28784E154C4E63870060"
"data\packages\arduino\tools\avr-gcc\7.3.0-atmel3.6.1-arduino7\lib\gcc\avr\7.3.0\device-specs\specs-atmega8hva","File","2344","5B4BAB418E10ECA5E2C9B6D9B2361C3F62793430A31CF7EAD219FA7290645A79"
"data\packages\arduino\tools\avr-gcc\7.3.0-atmel3.6.1-arduino7\lib\gcc\avr\7.3.0\device-specs\specs-atmega8u2","File","2342","929E0CDE269CC062D17A04C9D8BA3EBA8286246AE7BC24C7F6E3A937F48AD19F"
"data\packages\arduino\tools\avr-gcc\7.3.0-atmel3.6.1-arduino7\lib\gcc\avr\7.3.0\device-specs\specs-attiny10","File","2299","B76B0B53571AF66919E02F1C6A83C2690DB38685B9E34CEACE3F36205497D13E"
"data\packages\arduino\tools\avr-gcc\7.3.0-atmel3.6.1-arduino7\lib\gcc\avr\7.3.0\device-specs\specs-attiny102","File","2494","059C90A4EF1CD99B1884AD6411CA7D14BDEEA07CD26982B408E6E91AC6E476B2"
"data\packages\arduino\tools\avr-gcc\7.3.0-atmel3.6.1-arduino7\lib\gcc\avr\7.3.0\device-specs\specs-attiny104","File","2494","5C5E7427AF71E4E480DE06E8CA3FF2EE137C339B9F6EE9AC2BA0AB0559FBF5A8"
"data\packages\arduino\tools\avr-gcc\7.3.0-atmel3.6.1-arduino7\lib\gcc\avr\7.3.0\device-specs\specs-attiny11","File","2260","2EFAA4016CBF7F5925E7E125B5A028D10FB64C601A26F7A5EE5FE6F00A6F6BD9"
"data\packages\arduino\tools\avr-gcc\7.3.0-atmel3.6.1-arduino7\lib\gcc\avr\7.3.0\device-specs\specs-attiny12","File","2260","DC0F3A0A0301293967A8A90C3A760C74B24CB07663221210B0A6FD404F93C74E"
"data\packages\arduino\tools\avr-gcc\7.3.0-atmel3.6.1-arduino7\lib\gcc\avr\7.3.0\device-specs\specs-attiny13","File","2261","05EB9B863348434588A8EEA1D41B8BE7684BE90BAAF57C9089DDC79B1E9AC4CA"
"data\packages\arduino\tools\avr-gcc\7.3.0-atmel3.6.1-arduino7\lib\gcc\avr\7.3.0\device-specs\specs-attiny13a","File","2266","7C14AF412A34B9208B39A603C11C50DC783AD3C644AB059D7929D8E3DD69FA17"
"data\packages\arduino\tools\avr-gcc\7.3.0-atmel3.6.1-arduino7\lib\gcc\avr\7.3.0\device-specs\specs-attiny15","File","2260","427E791653DE8A6F7506A92EBB5B01715B99CE37657E02D7F3FECE84FE9AD637"
"data\packages\arduino\tools\avr-gcc\7.3.0-atmel3.6.1-arduino7\lib\gcc\avr\7.3.0\device-specs\specs-attiny1604","File","2465","9C8FE4C675F6B7F01A8AA3189E91281931062429D1D1676F67B5AAF5D48F2FF9"
"data\packages\arduino\tools\avr-gcc\7.3.0-atmel3.6.1-arduino7\lib\gcc\avr\7.3.0\device-specs\specs-attiny1606","File","2465","E8D32463ACA1D157B1D19E5611081BA99AA86A838981C4F0933619A35537FE20"
"data\packages\arduino\tools\avr-gcc\7.3.0-atmel3.6.1-arduino7\lib\gcc\avr\7.3.0\device-specs\specs-attiny1607","File","2465","565931065AC97D71223CDC01DBC4876010DBBE470A62FCA67B7F8C7AA4510D32"
"data\packages\arduino\tools\avr-gcc\7.3.0-atmel3.6.1-arduino7\lib\gcc\avr\7.3.0\device-specs\specs-attiny1614","File","2356","32DC29C0E169A76186C0C33E70E8E9FE94847A75EB644F7A47904583D17E64A9"
"data\packages\arduino\tools\avr-gcc\7.3.0-atmel3.6.1-arduino7\lib\gcc\avr\7.3.0\device-specs\specs-attiny1616","File","2356","AA185F588BFD5A67A330FE750FD00C4B8EA3B99D81ECC0E78694C07CFF135DC0"
"data\packages\arduino\tools\avr-gcc\7.3.0-atmel3.6.1-arduino7\lib\gcc\avr\7.3.0\device-specs\specs-attiny1617","File","2356","A4DEBC0CF072396FFC2BD74272BBC6BC4F560DE3FDECB8BAF92CA7AC24A9E084"
"data\packages\arduino\tools\avr-gcc\7.3.0-atmel3.6.1-arduino7\lib\gcc\avr\7.3.0\device-specs\specs-attiny1624","File","2465","5228F35CB54D8BDB3EBEFC189C28F5840EFC46BD65DA5B16DA57F286890B25BA"
"data\packages\arduino\tools\avr-gcc\7.3.0-atmel3.6.1-arduino7\lib\gcc\avr\7.3.0\device-specs\specs-attiny1626","File","2465","F76E0303F0EEBB326DF09B9C7944E09D510E5A0CE6FED568E82E06551FD24D6D"
"data\packages\arduino\tools\avr-gcc\7.3.0-atmel3.6.1-arduino7\lib\gcc\avr\7.3.0\device-specs\specs-attiny1627","File","2465","84934C54BBB99E508D5EF53EAD7E051403C61044BF0E97115D554184B6CBBAD4"
"data\packages\arduino\tools\avr-gcc\7.3.0-atmel3.6.1-arduino7\lib\gcc\avr\7.3.0\device-specs\specs-attiny1634","File","2344","99B53279C36BB5F1C8F5A5D6A5411B33810FAC847831E8907BA382740807B222"
"data\packages\arduino\tools\avr-gcc\7.3.0-atmel3.6.1-arduino7\lib\gcc\avr\7.3.0\device-specs\specs-attiny167","File","2339","32F822366A13524FD05A568E4E94D0F1E633532AF0807565019275A42046CB99"
"data\packages\arduino\tools\avr-gcc\7.3.0-atmel3.6.1-arduino7\lib\gcc\avr\7.3.0\device-specs\specs-attiny20","File","2299","DBE3430D86C005C0E6893C6829DA0A6E053705168E516D875016BF7D7A9FF48C"
"data\packages\arduino\tools\avr-gcc\7.3.0-atmel3.6.1-arduino7\lib\gcc\avr\7.3.0\device-specs\specs-attiny202","File","2426","3236FDD4A56B0E34C0CE2799AC57523964145019ACBFCBC71A7F630FB3BA7B3F"
"data\packages\arduino\tools\avr-gcc\7.3.0-atmel3.6.1-arduino7\lib\gcc\avr\7.3.0\device-specs\specs-attiny204","File","2426","A4AF2FC183F86E23F5CD9AF6229219122C6D57BFFB4E8456FC0D07C25BC8A463"
"data\packages\arduino\tools\avr-gcc\7.3.0-atmel3.6.1-arduino7\lib\gcc\avr\7.3.0\device-specs\specs-attiny212","File","2318","64694D922364FFE3FD8F265432C1229BDC046BF2C9A487A8E60B21B323540E49"
"data\packages\arduino\tools\avr-gcc\7.3.0-atmel3.6.1-arduino7\lib\gcc\avr\7.3.0\device-specs\specs-attiny214","File","2318","FF32D725F3C182CDC54F0F0BEA209F54B0B2FFC53C6A305772B37BDF57795B67"
"data\packages\arduino\tools\avr-gcc\7.3.0-atmel3.6.1-arduino7\lib\gcc\avr\7.3.0\device-specs\specs-attiny22","File","2258","E73BD7473B2113301BDF8B66CCA1D02C1D0E69D0B566C85504169A5DD676B4C7"
"data\packages\arduino\tools\avr-gcc\7.3.0-atmel3.6.1-arduino7\lib\gcc\avr\7.3.0\device-specs\specs-attiny2313","File","2271","9FEC9A969DC3A2D4F3CF8688561BCEECF89036FCC4EC892E4082B33132990065"
"data\packages\arduino\tools\avr-gcc\7.3.0-atmel3.6.1-arduino7\lib\gcc\avr\7.3.0\device-specs\specs-attiny2313a","File","2276","1FBCF22048AEA5BE607D23E665589D2D50DBAF638F1F22F9BA9D79BCB04A6454"
"data\packages\arduino\tools\avr-gcc\7.3.0-atmel3.6.1-arduino7\lib\gcc\avr\7.3.0\device-specs\specs-attiny24","File","2261","F522ACC09950DF4DBA128B93E6AA608BB361AD5DBED66C710126C3819029C78F"
"data\packages\arduino\tools\avr-gcc\7.3.0-atmel3.6.1-arduino7\lib\gcc\avr\7.3.0\device-specs\specs-attiny24a","File","2266","276DC5935549A3C8190796E4CBAB10AFDFC375AAE2CF82EBD84942D8AD6FF341"
"data\packages\arduino\tools\avr-gcc\7.3.0-atmel3.6.1-arduino7\lib\gcc\avr\7.3.0\device-specs\specs-attiny25","File","2261","BF96BC3D743337B6019A740030D83765F2611FF8C5C028B1F89675C53AE3A5DE"
"data\packages\arduino\tools\avr-gcc\7.3.0-atmel3.6.1-arduino7\lib\gcc\avr\7.3.0\device-specs\specs-attiny26","File","2258","C22B3215B07E0D9C0D89E5F10DCF9D30A39A50CD8EFC6FE0E053ABF1525ECC15"
"data\packages\arduino\tools\avr-gcc\7.3.0-atmel3.6.1-arduino7\lib\gcc\avr\7.3.0\device-specs\specs-attiny261","File","2266","36138A256D45D72E324584D0E7EE3ECEEEC4A9DE47585E86DC2D6DD3041D0A1C"
"data\packages\arduino\tools\avr-gcc\7.3.0-atmel3.6.1-arduino7\lib\gcc\avr\7.3.0\device-specs\specs-attiny261a","File","2271","C1F56953FDD0DE89501F1C1D92D9D0383219A3C2C44A693233652D6D05799AD3"
"data\packages\arduino\tools\avr-gcc\7.3.0-atmel3.6.1-arduino7\lib\gcc\avr\7.3.0\device-specs\specs-attiny28","File","2260","C2C6D016C6C8B83A40216198E3B72ABC94C8E72E27E69C0AC9831F5251DF79E6"
"data\packages\arduino\tools\avr-gcc\7.3.0-atmel3.6.1-arduino7\lib\gcc\avr\7.3.0\device-specs\specs-attiny3214","File","2356","6643FB642C3FD409EBD9367565373279C9B497A42807BD81EEF9E0B5B3345E71"
"data\packages\arduino\tools\avr-gcc\7.3.0-atmel3.6.1-arduino7\lib\gcc\avr\7.3.0\device-specs\specs-attiny3216","File","2356","58938EF028F6FA18BDB0CADB95A5BF5101208FDE673DE77168B9BCB20151F9C5"
"data\packages\arduino\tools\avr-gcc\7.3.0-atmel3.6.1-arduino7\lib\gcc\avr\7.3.0\device-specs\specs-attiny3217","File","2356","A23A7911C3724F825C946FF7AAE94B761E938518E54C55FE467C1CAE6D48A087"
"data\packages\arduino\tools\avr-gcc\7.3.0-atmel3.6.1-arduino7\lib\gcc\avr\7.3.0\device-specs\specs-attiny4","File","2294","A8B088946857720EF50DAB7B7F5B986420989AF1907E380631055F4F27711628"
"data\packages\arduino\tools\avr-gcc\7.3.0-atmel3.6.1-arduino7\lib\gcc\avr\7.3.0\device-specs\specs-attiny40","File","2269","68AADC40BA70441A6556BA6B955DE9452F651F5E32B192ABC06E4C71BD0F2A9D"
"data\packages\arduino\tools\avr-gcc\7.3.0-atmel3.6.1-arduino7\lib\gcc\avr\7.3.0\device-specs\specs-attiny402","File","2426","AF5D1D8AD6FD3980796AEE56DC3EDF886E1D79426C1C6EC259D791FB1F94B6ED"
"data\packages\arduino\tools\avr-gcc\7.3.0-atmel3.6.1-arduino7\lib\gcc\avr\7.3.0\device-specs\specs-attiny404","File","2426","156E985DB4B8E2E879B86E1562C17153F30549CD704E4F62D7394268E9993F9D"
"data\packages\arduino\tools\avr-gcc\7.3.0-atmel3.6.1-arduino7\lib\gcc\avr\7.3.0\device-specs\specs-attiny406","File","2426","10DF0F12B521EAF38A1CE9BA0F15C0378A9D1775D94886B29F6ACE6D5D3435EE"
"data\packages\arduino\tools\avr-gcc\7.3.0-atmel3.6.1-arduino7\lib\gcc\avr\7.3.0\device-specs\specs-attiny412","File","2318","F62499639A0734CF237EE76B395CC20A03DF180833413F4500D4B7A64C97E090"
"data\packages\arduino\tools\avr-gcc\7.3.0-atmel3.6.1-arduino7\lib\gcc\avr\7.3.0\device-specs\specs-attiny414","File","2318","4FA928A7F72DB315D2B7452F13E8167B5A52AE4081606C95074F589F32B7C239"
"data\packages\arduino\tools\avr-gcc\7.3.0-atmel3.6.1-arduino7\lib\gcc\avr\7.3.0\device-specs\specs-attiny416","File","2318","AC50202A536BF3A7C53C512A95AF1EDCF876E4AE9CCB5AE2825EF8425252B813"
"data\packages\arduino\tools\avr-gcc\7.3.0-atmel3.6.1-arduino7\lib\gcc\avr\7.3.0\device-specs\specs-attiny417","File","2318","F5DD8CE8DCC7F491601B624602EF6110588513D16FE09D61F3C7254276431BDE"
"data\packages\arduino\tools\avr-gcc\7.3.0-atmel3.6.1-arduino7\lib\gcc\avr\7.3.0\device-specs\specs-attiny4313","File","2273","821494E694784357322D4C359B70EC80D5E504A34BBAC5781035B6FD1DF3AFA8"
"data\packages\arduino\tools\avr-gcc\7.3.0-atmel3.6.1-arduino7\lib\gcc\avr\7.3.0\device-specs\specs-attiny43u","File","2268","0F43D44CF04FDCE812F08DBBA2BD24E4CC007309319DF7A1A6C24E10D4EDFB22"
"data\packages\arduino\tools\avr-gcc\7.3.0-atmel3.6.1-arduino7\lib\gcc\avr\7.3.0\device-specs\specs-attiny44","File","2263","14745A1D32EC9F3BE5500D4A04CDE798BA6FB5C7384A77424773C756D69D3B60"
"data\packages\arduino\tools\avr-gcc\7.3.0-atmel3.6.1-arduino7\lib\gcc\avr\7.3.0\device-specs\specs-attiny441","File","2294","500ADAC6A53E5ED73F1EA0A4064D02B9474719CCAB98BD52C6053F144DE446E1"
"data\packages\arduino\tools\avr-gcc\7.3.0-atmel3.6.1-arduino7\lib\gcc\avr\7.3.0\device-specs\specs-attiny44a","File","2268","D13D80F15204BF45E7348D7298F8E7C728C231D0F996BFCE21C446A84D4BADBD"
"data\packages\arduino\tools\avr-gcc\7.3.0-atmel3.6.1-arduino7\lib\gcc\avr\7.3.0\device-specs\specs-attiny45","File","2263","F9C4873ADBEC8D0EC403647BE618AC55AAAB6FFB57F1CD273E0C9FAD714992D9"
"data\packages\arduino\tools\avr-gcc\7.3.0-atmel3.6.1-arduino7\lib\gcc\avr\7.3.0\device-specs\specs-attiny461","File","2268","A57128001A54637A0F2EE7979A6D24C64344DE4EB2AEB66FD9FDE00F2D169761"
"data\packages\arduino\tools\avr-gcc\7.3.0-atmel3.6.1-arduino7\lib\gcc\avr\7.3.0\device-specs\specs-attiny461a","File","2273","20CED641B5E121BC7D46D02B0BC3D9D4C454A06C97543E42E6A1B10D48E017D1"
"data\packages\arduino\tools\avr-gcc\7.3.0-atmel3.6.1-arduino7\lib\gcc\avr\7.3.0\device-specs\specs-attiny48","File","2289","BFCF3E67156DAD669A04C50B9AC73F638C82A09595CCEF73A1BCED0CBA0F089C"
"data\packages\arduino\tools\avr-gcc\7.3.0-atmel3.6.1-arduino7\lib\gcc\avr\7.3.0\device-specs\specs-attiny5","File","2294","81B885AB743EC00D8E9CD4C5A73C624876D9F555911A8B1C93C0E6C5A4CAF361"
"data\packages\arduino\tools\avr-gcc\7.3.0-atmel3.6.1-arduino7\lib\gcc\avr\7.3.0\device-specs\specs-attiny804","File","2474","5ED61D7E42654061A4E3A1341C8060A2A9FDA550463548C76E4B597108A89254"
"data\packages\arduino\tools\avr-gcc\7.3.0-atmel3.6.1-arduino7\lib\gcc\avr\7.3.0\device-specs\specs-attiny806","File","2474","F4BA650EC351A406BED5EFD19B2A9BB13A3A6B4D510B20C05B4B9596B0341469"
"data\packages\arduino\tools\avr-gcc\7.3.0-atmel3.6.1-arduino7\lib\gcc\avr\7.3.0\device-specs\specs-attiny807","File","2474","35547996628F80F5046697491AEE7C807194E9E981B4A4C1A3D25665FF41507A"
"data\packages\arduino\tools\avr-gcc\7.3.0-atmel3.6.1-arduino7\lib\gcc\avr\7.3.0\device-specs\specs-attiny814","File","2366","2BB3A8E3DB5976A741205B813D817B29B698A308BF906D7799E6AEA23C369196"
"data\packages\arduino\tools\avr-gcc\7.3.0-atmel3.6.1-arduino7\lib\gcc\avr\7.3.0\device-specs\specs-attiny816","File","2366","4E6934CAA9C9244DF8DA6F7CE84A2CFAC68A93C6766885B1E961B10B8E69E26D"
"data\packages\arduino\tools\avr-gcc\7.3.0-atmel3.6.1-arduino7\lib\gcc\avr\7.3.0\device-specs\specs-attiny817","File","2366","7CD7CA9B675784EB6C77FE06BAE665BAD610557F80C2F77B27BF781DA69B12D3"
"data\packages\arduino\tools\avr-gcc\7.3.0-atmel3.6.1-arduino7\lib\gcc\avr\7.3.0\device-specs\specs-attiny828","File","2342","74FFE42BA2B07A5F7DB04D343A7756688616DA13F5A15345C8FC327C5B1663B2"
"data\packages\arduino\tools\avr-gcc\7.3.0-atmel3.6.1-arduino7\lib\gcc\avr\7.3.0\device-specs\specs-attiny84","File","2311","01D90B63B3B7198567976BF48D7B1E47002AB061063F37C4A68A4963DA6040CD"
"data\packages\arduino\tools\avr-gcc\7.3.0-atmel3.6.1-arduino7\lib\gcc\avr\7.3.0\device-specs\specs-attiny841","File","2342","13E1351283E2EF2C80987F6A65D6E11228E53A7C38400DAC14584C6A2C2C3BD3"
"data\packages\arduino\tools\avr-gcc\7.3.0-atmel3.6.1-arduino7\lib\gcc\avr\7.3.0\device-specs\specs-attiny84a","File","2316","873D4AEC5AC812076F759C00E3AB1CB38B08F91D499570BDBF6D90AE9A5A97B2"
"data\packages\arduino\tools\avr-gcc\7.3.0-atmel3.6.1-arduino7\lib\gcc\avr\7.3.0\device-specs\specs-attiny85","File","2311","72DC1877C48B9BB6E39A13FA1612B46A25BD99C7E364D5FE13EA270E0B8849C6"
"data\packages\arduino\tools\avr-gcc\7.3.0-atmel3.6.1-arduino7\lib\gcc\avr\7.3.0\device-specs\specs-attiny861","File","2316","747666B0DA1177973132B60BA06B4DF5E3303F945201A32794FE7BB645C4CDA1"
"data\packages\arduino\tools\avr-gcc\7.3.0-atmel3.6.1-arduino7\lib\gcc\avr\7.3.0\device-specs\specs-attiny861a","File","2321","2A757E976613F392C4087E275E7071995C546D46CED8437510054E0271D26867"
"data\packages\arduino\tools\avr-gcc\7.3.0-atmel3.6.1-arduino7\lib\gcc\avr\7.3.0\device-specs\specs-attiny87","File","2337","F0850C15AC0472B88F674C118138831DE34ACF30C360C094A31E0EEB941DDA10"
"data\packages\arduino\tools\avr-gcc\7.3.0-atmel3.6.1-arduino7\lib\gcc\avr\7.3.0\device-specs\specs-attiny88","File","2337","DB2C6FF1CC25D6EC06E65B1A8C93823CCA6AC4A38BCAE08FFE8C28AAB9970E49"
"data\packages\arduino\tools\avr-gcc\7.3.0-atmel3.6.1-arduino7\lib\gcc\avr\7.3.0\device-specs\specs-attiny9","File","2294","3B01B5493231809A2952D8C072FADAD6227638C48A437DAB3DD5FD8EBE2E51C5"
"data\packages\arduino\tools\avr-gcc\7.3.0-atmel3.6.1-arduino7\lib\gcc\avr\7.3.0\device-specs\specs-atxmega128a1","File","2295","1AD3A9AC6B7F44D22E5CAA3B94CB51163347EFFDBE9D6532C4E3731955EA9D4B"
"data\packages\arduino\tools\avr-gcc\7.3.0-atmel3.6.1-arduino7\lib\gcc\avr\7.3.0\device-specs\specs-atxmega128a1u","File","2322","55CC07D0F2056E7A525D9628AD6FCF7C41D59A345673D54AE610A00D18AD3E41"
"data\packages\arduino\tools\avr-gcc\7.3.0-atmel3.6.1-arduino7\lib\gcc\avr\7.3.0\device-specs\specs-atxmega128a3","File","2295","92C45BE83EC5CDB361D4F13586AE20FED7A3FAE7BF95A7020B707CA22092D548"
"data\packages\arduino\tools\avr-gcc\7.3.0-atmel3.6.1-arduino7\lib\gcc\avr\7.3.0\device-specs\specs-atxmega128a3u","File","2322","0CFB14D28C75B605BE8BC8D012B7747DAF602967C0E506A9A6E1C7EC6A250968"
"data\packages\arduino\tools\avr-gcc\7.3.0-atmel3.6.1-arduino7\lib\gcc\avr\7.3.0\device-specs\specs-atxmega128a4u","File","2322","6DA0E36B14FEC15FD41FDA0A0E853F0D88E2F687DA82EC0F1202F5BF9BE97327"
"data\packages\arduino\tools\avr-gcc\7.3.0-atmel3.6.1-arduino7\lib\gcc\avr\7.3.0\device-specs\specs-atxmega128b1","File","2317","43308870CFB0E37386861FACD28AFD7E43017F46B82BA782BD0B88A8826F2054"
"data\packages\arduino\tools\avr-gcc\7.3.0-atmel3.6.1-arduino7\lib\gcc\avr\7.3.0\device-specs\specs-atxmega128b3","File","2317","A1DC7EB8A7793BB04AF597D5ADEFFF26111C22A4D2E17AA987D86FE121C50F8A"
"data\packages\arduino\tools\avr-gcc\7.3.0-atmel3.6.1-arduino7\lib\gcc\avr\7.3.0\device-specs\specs-atxmega128c3","File","2317","52DDD2BF7E3476ADAEBF1B159DD138A01F72AED6080364A03CE4F501B9587A7F"
"data\packages\arduino\tools\avr-gcc\7.3.0-atmel3.6.1-arduino7\lib\gcc\avr\7.3.0\device-specs\specs-atxmega128d3","File","2295","29FDF1B221DBFAB5A2A8A9D202BA358F73B7D9EE30F4E6DD9023AE16DD5C563E"
"data\packages\arduino\tools\avr-gcc\7.3.0-atmel3.6.1-arduino7\lib\gcc\avr\7.3.0\device-specs\specs-atxmega128d4","File","2295","538E8C30A6ED981318244733520E432A6BEAE1C4E8804001BE4B97688A125FF4"
"data\packages\arduino\tools\avr-gcc\7.3.0-atmel3.6.1-arduino7\lib\gcc\avr\7.3.0\device-specs\specs-atxmega16a4","File","2290","03CB3B887095EB119C5E8A9F283DFB0AB7D4AA6FEEBD756E88883AD02D12E3C5"
"data\packages\arduino\tools\avr-gcc\7.3.0-atmel3.6.1-arduino7\lib\gcc\avr\7.3.0\device-specs\specs-atxmega16a4u","File","2317","16454AD1FBBF29EC962A22433B268F1032A45E4AAAA3F3EC4877212D7993E149"
"data\packages\arduino\tools\avr-gcc\7.3.0-atmel3.6.1-arduino7\lib\gcc\avr\7.3.0\device-specs\specs-atxmega16c4","File","2312","F7EA282C700C4C3AE3B1B2FFE0B5CA83DFA307C4BCDA1552B347880480C335B6"
"data\packages\arduino\tools\avr-gcc\7.3.0-atmel3.6.1-arduino7\lib\gcc\avr\7.3.0\device-specs\specs-atxmega16d4","File","2290","BA81BF01C99A94C247EACDCC4D6EB266AF6027669EAF39AC0A1E8C976A43EC7E"
"data\packages\arduino\tools\avr-gcc\7.3.0-atmel3.6.1-arduino7\lib\gcc\avr\7.3.0\device-specs\specs-atxmega16e5","File","2290","8429DA9DC4104E945E5CA877F933520556E0952D657932FDF4A94D295DDDEF8F"
"data\packages\arduino\tools\avr-gcc\7.3.0-atmel3.6.1-arduino7\lib\gcc\avr\7.3.0\device-specs\specs-atxmega192a3","File","2295","FA199D40D3F3F0C5500E1A6124D1C3B024A91E296E8E6AB0E799417D1B651704"
"data\packages\arduino\tools\avr-gcc\7.3.0-atmel3.6.1-arduino7\lib\gcc\avr\7.3.0\device-specs\specs-atxmega192a3u","File","2322","0E7EFE7A1F19E87993248F61E4DA551916749D91E532C57723F84C849C5BCCAF"
"data\packages\arduino\tools\avr-gcc\7.3.0-atmel3.6.1-arduino7\lib\gcc\avr\7.3.0\device-specs\specs-atxmega192c3","File","2317","DDB8A87AECAFF4CF53F1C2E59F9634D0F1BDD1BE6BCAD0B0B34DD25E6A352C75"
"data\packages\arduino\tools\avr-gcc\7.3.0-atmel3.6.1-arduino7\lib\gcc\avr\7.3.0\device-specs\specs-atxmega192d3","File","2295","EBA2658B6EB6D010969789B0E88110879973A7EFF99385BA9207081E2A891D2B"
"data\packages\arduino\tools\avr-gcc\7.3.0-atmel3.6.1-arduino7\lib\gcc\avr\7.3.0\device-specs\specs-atxmega256a3","File","2295","CD159E561A1B4FB8A7DEB5D73D83DAE98AD3BF478D4F92CBEE482240A655348E"
"data\packages\arduino\tools\avr-gcc\7.3.0-atmel3.6.1-arduino7\lib\gcc\avr\7.3.0\device-specs\specs-atxmega256a3b","File","2300","132067BC4B66ABBFB1B51E9F56317B3F2524FCCDD389146A27739C1BFD37D865"
"data\packages\arduino\tools\avr-gcc\7.3.0-atmel3.6.1-arduino7\lib\gcc\avr\7.3.0\device-specs\specs-atxmega256a3bu","File","2305","78C6D5D3BF08C76E12FE6C7B8BC73553226EA6F785C111253DFC87A7D1CE2911"
"data\packages\arduino\tools\avr-gcc\7.3.0-atmel3.6.1-arduino7\lib\gcc\avr\7.3.0\device-specs\specs-atxmega256a3u","File","2322","C953679B9EE1AA3C04FF6CE795078E754DB4E6D31161356223DDE8F81EAE42B1"
"data\packages\arduino\tools\avr-gcc\7.3.0-atmel3.6.1-arduino7\lib\gcc\avr\7.3.0\device-specs\specs-atxmega256c3","File","2317","E64FCE917931CAD48791880E3C456AE9742851B7A05D8E52DA6A3005CD9F6478"
"data\packages\arduino\tools\avr-gcc\7.3.0-atmel3.6.1-arduino7\lib\gcc\avr\7.3.0\device-specs\specs-atxmega256d3","File","2295","1A88BD68FC9968CE0C97F02383ECF2CE3B2BAEE81599E0EAED4A858B2F009313"
"data\packages\arduino\tools\avr-gcc\7.3.0-atmel3.6.1-arduino7\lib\gcc\avr\7.3.0\device-specs\specs-atxmega32a4","File","2290","4CC1ACBEB9A68E0361905B598927A41BECB9AC90E68983EB3B75B6470AE74C37"
"data\packages\arduino\tools\avr-gcc\7.3.0-atmel3.6.1-arduino7\lib\gcc\avr\7.3.0\device-specs\specs-atxmega32a4u","File","2317","C640C20065CF768B7624F3F1C40A747FF26669840B2E9B44F4DA0A007C9EFA13"
"data\packages\arduino\tools\avr-gcc\7.3.0-atmel3.6.1-arduino7\lib\gcc\avr\7.3.0\device-specs\specs-atxmega32c3","File","2312","3988E3BB197C3488B73CA725262CFA8F7D8B49F95B1CB372966AA9BBBCAA94C4"
"data\packages\arduino\tools\avr-gcc\7.3.0-atmel3.6.1-arduino7\lib\gcc\avr\7.3.0\device-specs\specs-atxmega32c4","File","2312","B92D33D5818E9377D7C9ED6D2D82DB5E54F5E14BF155045971D0D7798A6DAC7A"
"data\packages\arduino\tools\avr-gcc\7.3.0-atmel3.6.1-arduino7\lib\gcc\avr\7.3.0\device-specs\specs-atxmega32d3","File","2290","880FCBF12E970460382EF8FEC2B6417AADF7F5A6C192B93970EC93C1944DDEC2"
"data\packages\arduino\tools\avr-gcc\7.3.0-atmel3.6.1-arduino7\lib\gcc\avr\7.3.0\device-specs\specs-atxmega32d4","File","2290","86BBA8DC0C77298198D6EDA4AC82B0FD27A68F6536A4907C576DD605D134111A"
"data\packages\arduino\tools\avr-gcc\7.3.0-atmel3.6.1-arduino7\lib\gcc\avr\7.3.0\device-specs\specs-atxmega32e5","File","2290","AA2E79A5426C871398AB326D1CE4A7622DEFA91E8FA750B70B724166D27C0E65"
"data\packages\arduino\tools\avr-gcc\7.3.0-atmel3.6.1-arduino7\lib\gcc\avr\7.3.0\device-specs\specs-atxmega384c3","File","2317","F54853722DB29A26AE62C6524EB84C475C3470129AC7CB2D82CAE5D94AD3540A"
"data\packages\arduino\tools\avr-gcc\7.3.0-atmel3.6.1-arduino7\lib\gcc\avr\7.3.0\device-specs\specs-atxmega384d3","File","2295","1CBCA7F8E8015B24259F0F1A7368A142A78F2ABCACAB92C85B8E1866E40A2200"
"data\packages\arduino\tools\avr-gcc\7.3.0-atmel3.6.1-arduino7\lib\gcc\avr\7.3.0\device-specs\specs-atxmega64a1","File","2290","8E9D88CC01ABCCAF0D3CBC387852F6C754B3CF3C64DAB4CC58A104B3499913EC"
"data\packages\arduino\tools\avr-gcc\7.3.0-atmel3.6.1-arduino7\lib\gcc\avr\7.3.0\device-specs\specs-atxmega64a1u","File","2317","FB46D54E98A1FA7409482CC5720F1B822556A1B65C37B645DF5BE8A8D8518FBF"
"data\packages\arduino\tools\avr-gcc\7.3.0-atmel3.6.1-arduino7\lib\gcc\avr\7.3.0\device-specs\specs-atxmega64a3","File","2290","77DC495EEA2DA1623417900391FB3887F29FCFA66F0FEAB0F387188A4105200A"
"data\packages\arduino\tools\avr-gcc\7.3.0-atmel3.6.1-arduino7\lib\gcc\avr\7.3.0\device-specs\specs-atxmega64a3u","File","2317","B2B71FD893F81C307285F7AC89F925C599A7F20ED89C4D4F936D6DCC4EF32859"
"data\packages\arduino\tools\avr-gcc\7.3.0-atmel3.6.1-arduino7\lib\gcc\avr\7.3.0\device-specs\specs-atxmega64a4u","File","2317","DACA5506596D5A4E13ADA55A20DD2C04D1626273597CD1A0D9E4A84171AEF0D2"
"data\packages\arduino\tools\avr-gcc\7.3.0-atmel3.6.1-arduino7\lib\gcc\avr\7.3.0\device-specs\specs-atxmega64b1","File","2312","8248BB6D15530CE6C9A92D03E88EAA7DD2F5CD92EF807740A63B553A33843CB0"
"data\packages\arduino\tools\avr-gcc\7.3.0-atmel3.6.1-arduino7\lib\gcc\avr\7.3.0\device-specs\specs-atxmega64b3","File","2312","BAAEC69F79AB266F528737061A5D81EF2A2E3AC6747A6494DB79E6B1D3629675"
"data\packages\arduino\tools\avr-gcc\7.3.0-atmel3.6.1-arduino7\lib\gcc\avr\7.3.0\device-specs\specs-atxmega64c3","File","2312","3CF9CD8F8D468D26A04033A2C0A456A9CC64CD18170C12EDE75B9EF7ADEF8B5C"
"data\packages\arduino\tools\avr-gcc\7.3.0-atmel3.6.1-arduino7\lib\gcc\avr\7.3.0\device-specs\specs-atxmega64d3","File","2290","B963B64C50F4FA385B9BCC60BAA099F8A9FDB0AC830080719F7AEE533012E4BE"
"data\packages\arduino\tools\avr-gcc\7.3.0-atmel3.6.1-arduino7\lib\gcc\avr\7.3.0\device-specs\specs-atxmega64d4","File","2290","F460B2604D41E0760239993B9968296E6AA0CC48423742B5D5D4B3AA68D55FBE"
"data\packages\arduino\tools\avr-gcc\7.3.0-atmel3.6.1-arduino7\lib\gcc\avr\7.3.0\device-specs\specs-atxmega8e5","File","2285","5ADDF4A92DDDACBC4CB967D8922A46F46CA748081A4B24D075F01D9FE7711156"
"data\packages\arduino\tools\avr-gcc\7.3.0-atmel3.6.1-arduino7\lib\gcc\avr\7.3.0\device-specs\specs-avr1","File","845","63839B062A8A1BEC8FA7A7DAC6D42DD4607098DA48B44750CC4FD3FC8DB75773"
"data\packages\arduino\tools\avr-gcc\7.3.0-atmel3.6.1-arduino7\lib\gcc\avr\7.3.0\device-specs\specs-avr128da28","File","2424","9BB43B91756BF65B7E613885AC6C45BABE3B228142BB486CAB4CD23FAB730EB4"
"data\packages\arduino\tools\avr-gcc\7.3.0-atmel3.6.1-arduino7\lib\gcc\avr\7.3.0\device-specs\specs-avr128da32","File","2424","F226458DFAC5A07921AA359A83217D42B974A673E5636EA94FA87E8776C91292"
"data\packages\arduino\tools\avr-gcc\7.3.0-atmel3.6.1-arduino7\lib\gcc\avr\7.3.0\device-specs\specs-avr128da48","File","2424","821DF2130DBE44D08E3575F26AA3B3E01D5D7887E1F5C4F06200B7B6B943D17D"
"data\packages\arduino\tools\avr-gcc\7.3.0-atmel3.6.1-arduino7\lib\gcc\avr\7.3.0\device-specs\specs-avr128da64","File","2424","CA12478122051664BF3F5BE878DD93522C18546F5D302B568A128802CEDB01A8"
"data\packages\arduino\tools\avr-gcc\7.3.0-atmel3.6.1-arduino7\lib\gcc\avr\7.3.0\device-specs\specs-avr2","File","832","86656B9A292E167C4D01DCF788B21051C327AE96ADFAE4B487F07A75E72A4248"
"data\packages\arduino\tools\avr-gcc\7.3.0-atmel3.6.1-arduino7\lib\gcc\avr\7.3.0\device-specs\specs-avr25","File","895","CE6290581D00B0F6B3763E8DF566432B108A058CED2C3ED92DD2671BCF02CD76"
"data\packages\arduino\tools\avr-gcc\7.3.0-atmel3.6.1-arduino7\lib\gcc\avr\7.3.0\device-specs\specs-avr3","File","845","FFF12173B17F18896146DD907430ACF7F3E86FB042A91B930D408F93C99EC7D4"
"data\packages\arduino\tools\avr-gcc\7.3.0-atmel3.6.1-arduino7\lib\gcc\avr\7.3.0\device-specs\specs-avr31","File","834","5A5C20BFBC615180CCE2B470C50DFB140251C47A1B42030A3F9970EC629208AD"
"data\packages\arduino\tools\avr-gcc\7.3.0-atmel3.6.1-arduino7\lib\gcc\avr\7.3.0\device-specs\specs-avr35","File","892","9A516E707D841F9FECAA3AF98A9708A70558FABE14EC221FB81FB182564B9436"
"data\packages\arduino\tools\avr-gcc\7.3.0-atmel3.6.1-arduino7\lib\gcc\avr\7.3.0\device-specs\specs-avr4","File","893","58B8A97EE1E2A2990E0E56A425D4467236AB5B3A552803D3528D32373C57241B"
"data\packages\arduino\tools\avr-gcc\7.3.0-atmel3.6.1-arduino7\lib\gcc\avr\7.3.0\device-specs\specs-avr5","File","890","1A8F233A374E700B12AE000ACAB9B3F07C532DA9D25AD54D374E931C1322E8D7"
"data\packages\arduino\tools\avr-gcc\7.3.0-atmel3.6.1-arduino7\lib\gcc\avr\7.3.0\device-specs\specs-avr51","File","847","9016F6B5C8CB0AE105667D784372CC2842510A525548DA35FFCE6FC984357D89"
"data\packages\arduino\tools\avr-gcc\7.3.0-atmel3.6.1-arduino7\lib\gcc\avr\7.3.0\device-specs\specs-avr6","File","845","097280266B3DEFE18E32937B551D36D461262FF2584195EF493413B0538CEE5C"
"data\packages\arduino\tools\avr-gcc\7.3.0-atmel3.6.1-arduino7\lib\gcc\avr\7.3.0\device-specs\specs-avrtiny","File","851","6BE9EDD4DB7083A5B136B297A2E30D1B66CDE6A28CEF9ECA254FF13F654160D6"
"data\packages\arduino\tools\avr-gcc\7.3.0-atmel3.6.1-arduino7\lib\gcc\avr\7.3.0\device-specs\specs-avrxmega2","File","855","DBADCB9491C3A0877B242866C5691BB28791ACAF5785C11AB731AB25FBDE818D"
"data\packages\arduino\tools\avr-gcc\7.3.0-atmel3.6.1-arduino7\lib\gcc\avr\7.3.0\device-specs\specs-avrxmega3","File","900","90BD533C86B9666B366EB8DD87C12D1095BAAC4B8024C9C39C1E3F61EC0B8AF7"
"data\packages\arduino\tools\avr-gcc\7.3.0-atmel3.6.1-arduino7\lib\gcc\avr\7.3.0\device-specs\specs-avrxmega4","File","855","35650F13DCBE7CFC454DEADE3175BB5EA8793B19D49585DB71F28F6E0C2A8A5E"
"data\packages\arduino\tools\avr-gcc\7.3.0-atmel3.6.1-arduino7\lib\gcc\avr\7.3.0\device-specs\specs-avrxmega5","File","855","958A4E1A08658FB9651DB5F1ABEF660C69564DAC0A502B0E589DB6192B482A4B"
"data\packages\arduino\tools\avr-gcc\7.3.0-atmel3.6.1-arduino7\lib\gcc\avr\7.3.0\device-specs\specs-avrxmega6","File","855","A6054C4567667AB6B8BB1411C6175D7189ECC624A3F8EAA5138C8ECEB802ED6A"
"data\packages\arduino\tools\avr-gcc\7.3.0-atmel3.6.1-arduino7\lib\gcc\avr\7.3.0\device-specs\specs-avrxmega7","File","855","2B60F46FF9BFFB136B4A837C6ADFECC2303D843D2C20F79D027BE138FE65D502"
"data\packages\arduino\tools\avr-gcc\7.3.0-atmel3.6.1-arduino7\lib\gcc\avr\7.3.0\device-specs\specs-m3000","File","2316","471B218AF00180B2095AB5B9BE6719F1886C75550711B65ACB7747FB681265C8"
"data\packages\arduino\tools\avr-gcc\7.3.0-atmel3.6.1-arduino7\lib\gcc\avr\7.3.0\include","Directory","",""
"data\packages\arduino\tools\avr-gcc\7.3.0-atmel3.6.1-arduino7\lib\gcc\avr\7.3.0\include\float.h","File","16917","A4A7ABC2AE5164A888F0842B35FD8FBCB65D278BAA8ADB218637D45A632F387C"
"data\packages\arduino\tools\avr-gcc\7.3.0-atmel3.6.1-arduino7\lib\gcc\avr\7.3.0\include\gcov.h","File","1389","499FDFDF330CC632A196631592774C70E11C1CF9AC87B09663CFBA6A237CB340"
"data\packages\arduino\tools\avr-gcc\7.3.0-atmel3.6.1-arduino7\lib\gcc\avr\7.3.0\include\iso646.h","File","1272","7726A4B692D155F6160EA171831CB245C59923993DA2E40F60503C4B1C684AAA"
"data\packages\arduino\tools\avr-gcc\7.3.0-atmel3.6.1-arduino7\lib\gcc\avr\7.3.0\include\stdalign.h","File","1210","F40A898B18C9514C530D6ECFB8276AFFF36C6D802A2821020A91D3164A1534AA"
"data\packages\arduino\tools\avr-gcc\7.3.0-atmel3.6.1-arduino7\lib\gcc\avr\7.3.0\include\stdarg.h","File","4072","149B80E9944641E1E30D1DD355C7125376C07A656B125466879072B3C7C96B28"
"data\packages\arduino\tools\avr-gcc\7.3.0-atmel3.6.1-arduino7\lib\gcc\avr\7.3.0\include\stdatomic.h","File","9321","12CB9624B74BBB95307E2DEFFF8F806EA9C2BED47223272F5CB65F015627ECA1"
"data\packages\arduino\tools\avr-gcc\7.3.0-atmel3.6.1-arduino7\lib\gcc\avr\7.3.0\include\stdbool.h","File","1524","6A41DC8447F1FA7F08EF5E07148A5B09C74E6EA824FAB203DA01C3A889547953"
"data\packages\arduino\tools\avr-gcc\7.3.0-atmel3.6.1-arduino7\lib\gcc\avr\7.3.0\include\stddef.h","File","14140","1EC68DEAC2C5C0F846949DE67D8266C02964132FA216165EA2EC4E70C8FCB930"
"data\packages\arduino\tools\avr-gcc\7.3.0-atmel3.6.1-arduino7\lib\gcc\avr\7.3.0\include\stdfix.h","File","6929","42BE107302599E2E11B18ECB1EC5600421C9F977BB2F242C0CA1B746A622D58D"
"data\packages\arduino\tools\avr-gcc\7.3.0-atmel3.6.1-arduino7\lib\gcc\avr\7.3.0\include\stdfix-gcc.h","File","6000","61727C840A03773ED1F800DBE39ED5A9F165341096C4530BD58291187AC695A6"
"data\packages\arduino\tools\avr-gcc\7.3.0-atmel3.6.1-arduino7\lib\gcc\avr\7.3.0\include\stdint.h","File","328","86A7914AB7D6A18465A6FB9A7B54F945CAD604FDBF3CA0D10E4E0254E0037911"
"data\packages\arduino\tools\avr-gcc\7.3.0-atmel3.6.1-arduino7\lib\gcc\avr\7.3.0\include\stdint-gcc.h","File","9457","9F91DE7F8568E02DDCF7B2EEFCA31EC0D5DDA9F1842570D7500B8314FE19625C"
"data\packages\arduino\tools\avr-gcc\7.3.0-atmel3.6.1-arduino7\lib\gcc\avr\7.3.0\include\stdnoreturn.h","File","1136","769BFEEE670C7EE31FDEBB1F6713758A5EBB75A1A90D934FBC686DDB039148A6"
"data\packages\arduino\tools\avr-gcc\7.3.0-atmel3.6.1-arduino7\lib\gcc\avr\7.3.0\include\unwind.h","File","10717","13EFC0392FB71D92C46ADF0407967BED67D670EE880AF581522385D27751977F"
"data\packages\arduino\tools\avr-gcc\7.3.0-atmel3.6.1-arduino7\lib\gcc\avr\7.3.0\include\varargs.h","File","139","F9ACB21973BE5764AA2FD689C941AD963C1ECDD133F3A6529F279803135F8268"
"data\packages\arduino\tools\avr-gcc\7.3.0-atmel3.6.1-arduino7\lib\gcc\avr\7.3.0\include-fixed","Directory","",""
"data\packages\arduino\tools\avr-gcc\7.3.0-atmel3.6.1-arduino7\lib\gcc\avr\7.3.0\include-fixed\limits.h","File","4408","5B0E43CE361284DE37F2D44EA46FB631F84C6F87646062F0C0033C137E6F930B"
"data\packages\arduino\tools\avr-gcc\7.3.0-atmel3.6.1-arduino7\lib\gcc\avr\7.3.0\include-fixed\README","File","750","32BAA94EFDF4FB418C20321F14A1B66982A6CD3C2B5BC8FBFBE438F687C528D6"
"data\packages\arduino\tools\avr-gcc\7.3.0-atmel3.6.1-arduino7\lib\gcc\avr\7.3.0\include-fixed\syslimits.h","File","330","22DD0AB81BAADD5A8D455B445855F341D419C7B0267BECA235DE00B7EC78E529"
"data\packages\arduino\tools\avr-gcc\7.3.0-atmel3.6.1-arduino7\lib\gcc\avr\7.3.0\install-tools","Directory","",""
"data\packages\arduino\tools\avr-gcc\7.3.0-atmel3.6.1-arduino7\lib\gcc\avr\7.3.0\install-tools\fixinc_list","File","2","D8A957038679125D4840554FC43375697E662283121561AFDEFC2C3FBECAF729"
"data\packages\arduino\tools\avr-gcc\7.3.0-atmel3.6.1-arduino7\lib\gcc\avr\7.3.0\install-tools\gsyslimits.h","File","330","22DD0AB81BAADD5A8D455B445855F341D419C7B0267BECA235DE00B7EC78E529"
"data\packages\arduino\tools\avr-gcc\7.3.0-atmel3.6.1-arduino7\lib\gcc\avr\7.3.0\install-tools\include","Directory","",""
"data\packages\arduino\tools\avr-gcc\7.3.0-atmel3.6.1-arduino7\lib\gcc\avr\7.3.0\install-tools\include\limits.h","File","4408","5B0E43CE361284DE37F2D44EA46FB631F84C6F87646062F0C0033C137E6F930B"
"data\packages\arduino\tools\avr-gcc\7.3.0-atmel3.6.1-arduino7\lib\gcc\avr\7.3.0\install-tools\include\README","File","750","32BAA94EFDF4FB418C20321F14A1B66982A6CD3C2B5BC8FBFBE438F687C528D6"
"data\packages\arduino\tools\avr-gcc\7.3.0-atmel3.6.1-arduino7\lib\gcc\avr\7.3.0\install-tools\macro_list","File","4","B1A719C1C4CFCC120EEFA627BDB9300E1943645F7B016BB55A8F10C243A074C5"
"data\packages\arduino\tools\avr-gcc\7.3.0-atmel3.6.1-arduino7\lib\gcc\avr\7.3.0\install-tools\mkheaders.conf","File","172","3FF062F35BC491B3DD863A4D34807D975B054277681B8156B04ED81B2F653C82"
"data\packages\arduino\tools\avr-gcc\7.3.0-atmel3.6.1-arduino7\lib\gcc\avr\7.3.0\libgcc.a","File","5964956","D037C12318B34BBF2EE3C05E5184C989FA63C133215837058C893DA45E111853"
"data\packages\arduino\tools\avr-gcc\7.3.0-atmel3.6.1-arduino7\lib\gcc\avr\7.3.0\libgcov.a","File","173276","CAE09E75016FAAA9B2A96810A9E3B7BF4AA97D9A79B5B3822DA3514C72991740"
"data\packages\arduino\tools\avr-gcc\7.3.0-atmel3.6.1-arduino7\lib\gcc\avr\7.3.0\tiny-stack","Directory","",""
"data\packages\arduino\tools\avr-gcc\7.3.0-atmel3.6.1-arduino7\lib\gcc\avr\7.3.0\tiny-stack\libgcc.a","File","5974084","9E6CD98664362F5E4535C1901F8A8AA5CF8F0EE9D6BBBAB3AB618764CE0C93B1"
"data\packages\arduino\tools\avr-gcc\7.3.0-atmel3.6.1-arduino7\lib\gcc\avr\7.3.0\tiny-stack\libgcov.a","File","173460","CA00FA417D1E1C5F6F97E816E5C9EB9A70156A56CC7E5E98CEEE1DAEA74147A5"
"data\packages\arduino\tools\avr-gcc\7.3.0-atmel3.6.1-arduino7\lib\libiberty.a","File","346432","0C550C38DF6D539507E5D4707A44F2F136372FAAC0866A27E6507973C34966A9"
"data\packages\arduino\tools\avr-gcc\7.3.0-atmel3.6.1-arduino7\libexec","Directory","",""
"data\packages\arduino\tools\avr-gcc\7.3.0-atmel3.6.1-arduino7\libexec\gcc","Directory","",""
"data\packages\arduino\tools\avr-gcc\7.3.0-atmel3.6.1-arduino7\libexec\gcc\avr","Directory","",""
"data\packages\arduino\tools\avr-gcc\7.3.0-atmel3.6.1-arduino7\libexec\gcc\avr\7.3.0","Directory","",""
"data\packages\arduino\tools\avr-gcc\7.3.0-atmel3.6.1-arduino7\libexec\gcc\avr\7.3.0\cc1.exe","File","12237312","D47C916AC889376A6F479A1579C05875CE56EC22B70E654EBF427911A5980653"
"data\packages\arduino\tools\avr-gcc\7.3.0-atmel3.6.1-arduino7\libexec\gcc\avr\7.3.0\cc1plus.exe","File","13304832","FF61DEE5E0C6DB53996E54A6B4C1B7AD66B4FD7C2F8EF695984ACA90ED6F34B8"
"data\packages\arduino\tools\avr-gcc\7.3.0-atmel3.6.1-arduino7\libexec\gcc\avr\7.3.0\collect2.exe","File","534016","BC764C5B40A2FF8DF5081E4F6ABEFD1ACB457FA2E204485653282FFFF2336040"
"data\packages\arduino\tools\avr-gcc\7.3.0-atmel3.6.1-arduino7\libexec\gcc\avr\7.3.0\install-tools","Directory","",""
"data\packages\arduino\tools\avr-gcc\7.3.0-atmel3.6.1-arduino7\libexec\gcc\avr\7.3.0\install-tools\fixinc.sh","File","13943","C0169EE653F9EDD533C084C15EC6AF1677159DD99387658E296AF49663EB4163"
"data\packages\arduino\tools\avr-gcc\7.3.0-atmel3.6.1-arduino7\libexec\gcc\avr\7.3.0\install-tools\fixincl.exe","File","125440","94CF05ECA283BCA12969CF56B314F7A75D301D50291536930F596A366641906B"
"data\packages\arduino\tools\avr-gcc\7.3.0-atmel3.6.1-arduino7\libexec\gcc\avr\7.3.0\install-tools\libiconv-2.dll","File","978432","CB016E794D3311C71F21D87803E10A0E1133995F62A485EB37B321CD9B9E1087"
"data\packages\arduino\tools\avr-gcc\7.3.0-atmel3.6.1-arduino7\libexec\gcc\avr\7.3.0\install-tools\libwinpthread-1.dll","File","51694","13DCD56189D81DC660D0488BC4D9EDA5EE0CCA7A62C08BD2147D8E2A308E2044"
"data\packages\arduino\tools\avr-gcc\7.3.0-atmel3.6.1-arduino7\libexec\gcc\avr\7.3.0\install-tools\mkheaders","File","3222","A18D89125984430C0BAB72BE3F13755EE182190C1B2D4123755C704A101063BA"
"data\packages\arduino\tools\avr-gcc\7.3.0-atmel3.6.1-arduino7\libexec\gcc\avr\7.3.0\install-tools\mkinstalldirs","File","3538","3CAA88030DF8FD0C2585645112FF5E44B8A3C327F6326177E907C1EE14AAABA4"
"data\packages\arduino\tools\avr-gcc\7.3.0-atmel3.6.1-arduino7\libexec\gcc\avr\7.3.0\libiconv-2.dll","File","978432","CB016E794D3311C71F21D87803E10A0E1133995F62A485EB37B321CD9B9E1087"
"data\packages\arduino\tools\avr-gcc\7.3.0-atmel3.6.1-arduino7\libexec\gcc\avr\7.3.0\liblto_plugin.dll.a","File","56094","396419469079083B74FCBBA3482F224AD3A40D3CE43AEFDE46BF57DD821C0172"
"data\packages\arduino\tools\avr-gcc\7.3.0-atmel3.6.1-arduino7\libexec\gcc\avr\7.3.0\liblto_plugin.la","File","1017","0E17EDCB96CB95D27309FFD18D503108CA53DF01EBED683F39DF9EA3E15596CE"
"data\packages\arduino\tools\avr-gcc\7.3.0-atmel3.6.1-arduino7\libexec\gcc\avr\7.3.0\liblto_plugin-0.dll","File","170651","2EAB225C113B2656F6E27DF0E4F7836DF117F80ABA813ABEE48127E87A0EEF06"
"data\packages\arduino\tools\avr-gcc\7.3.0-atmel3.6.1-arduino7\libexec\gcc\avr\7.3.0\libwinpthread-1.dll","File","51694","13DCD56189D81DC660D0488BC4D9EDA5EE0CCA7A62C08BD2147D8E2A308E2044"
"data\packages\arduino\tools\avr-gcc\7.3.0-atmel3.6.1-arduino7\libexec\gcc\avr\7.3.0\lto1.exe","File","11447808","19FC11F9559AC33F110F4A61C0097CECD755FF3888FF9E35A6219EEF6FC58AB4"
"data\packages\arduino\tools\avr-gcc\7.3.0-atmel3.6.1-arduino7\libexec\gcc\avr\7.3.0\lto-wrapper.exe","File","776192","BE467FBA9A189C7D4C304FD6D64EDA3645FECD41A262DC99D2656F330FB69FC3"
"data\packages\builtin","Directory","",""
"data\packages\builtin\tools","Directory","",""
"data\packages\builtin\tools\ctags","Directory","",""
"data\packages\builtin\tools\ctags\5.8-arduino11","Directory","",""
"data\packages\builtin\tools\ctags\5.8-arduino11\ctags.exe","File","283804","6FDAE76B8700B6C4EE2E0A1E908EC20693C46C33D14177E112AB5C4372CAB637"
"data\packages\builtin\tools\dfu-discovery","Directory","",""
"data\packages\builtin\tools\dfu-discovery\0.1.2","Directory","",""
"data\packages\builtin\tools\dfu-discovery\0.1.2\dfu-discovery.exe","File","7243210","E78AC6E3568CDDEE042CF540018DF8AE7A783EA297C93C2139350C2ADFD0B0C0"
"data\packages\builtin\tools\dfu-discovery\0.1.2\LICENSE.txt","File","35148","8B1BA204BB69A0ADE2BFCF65EF294A920F6BB361B317DBA43C7EF29D96332B9B"
"data\packages\builtin\tools\mdns-discovery","Directory","",""
"data\packages\builtin\tools\mdns-discovery\1.1.0","Directory","",""
"data\packages\builtin\tools\mdns-discovery\1.1.0\LICENSE.txt","File","35149","3972DC9744F6499F0F9B2DBF76696F2AE7AD8AF9B23DDE66D6AF86C9DFB36986"
"data\packages\builtin\tools\mdns-discovery\1.1.0\mdns-discovery.exe","File","5993472","FC51F12D52123369F6D81D67D0879526D30F9CDB4152C8E960C3AEFA64D74043"
"data\packages\builtin\tools\serial-discovery","Directory","",""
"data\packages\builtin\tools\serial-discovery\1.5.2","Directory","",""
"data\packages\builtin\tools\serial-discovery\1.5.2\LICENSE.txt","File","35149","3972DC9744F6499F0F9B2DBF76696F2AE7AD8AF9B23DDE66D6AF86C9DFB36986"
"data\packages\builtin\tools\serial-discovery\1.5.2\serial-discovery.exe","File","4000256","7E041753DEF21303C93FD7D730EEA3EE95981A2A0B4401A99CAD51D6AE1768A4"
"data\packages\builtin\tools\serial-monitor","Directory","",""
"data\packages\builtin\tools\serial-monitor\0.15.0","Directory","",""
"data\packages\builtin\tools\serial-monitor\0.15.0\LICENSE.txt","File","35149","3972DC9744F6499F0F9B2DBF76696F2AE7AD8AF9B23DDE66D6AF86C9DFB36986"
"data\packages\builtin\tools\serial-monitor\0.15.0\serial-monitor.exe","File","4436480","F2035817C84F8EEB6EF299C391477ABAD224232C7BEB84A823F4B37A9AE73FA6"
"firmware","Directory","",""
"firmware\arduino-uno","Directory","",""
"firmware\arduino-uno\stage.ino","File","71529","FC0BB0E7B72B70BFA42A8944926332E5DBE89BEADDDE3748ECD25114895E9D16"
